statement	isMetaphor	source	language	row_id
Los barcos argentinos operaban en esa zona como forma de protesta ante la decisión del Gobierno argentino por las limitaciones impuestas a la captura de merluza.	0	CoMeta	ES	CoMeta:2619
Los jueces, lehendakari, determinan responsabilidades penales o administrativas de las actuaciones que enjuician, pero no pueden significar una coartada, ni para que el Gobierno evite la intervención de su Comisión de Ética, ni para que deje de asumir responsabilidades políticas y, sobre todo, los mandatos de este Parlamento.	0	CoMeta	ES	CoMeta:456
La operación está sujeta a ciertas ' condiciones suspensivas ', como la obtención de autorizaciones administrativas de acuerdo con el contrato de concesión y con la ley de defensa de la competencia, y a otros requisitos como la confirmación de los vendedores que deberá ser emitida antes del 10 de octubre próximo.	0	CoMeta	ES	CoMeta:102
La obligación de los responsables públicos es hablar claro y no maquillar la situación, transmitir la realidad es el modo que entendemos, justifica el respeto a los ciudadanos.	1	CoMeta	ES	CoMeta:3037
Chávez señaló que estos mecanismos compensatorios servirán para que no se produzcan graves daños en las economías de los pequeños países que dependen del petróleo.	1	CoMeta	ES	CoMeta:1126
P.- ¿Qué piensa de la decisión de Artur Mas?	0	CoMeta	ES	CoMeta:1003
La firma de este acuerdo provocó una ruptura interna en Andecha Astur, y uno de los sectores se presenta igualmente a las elecciones utilizando el nombre Andecha Astur, lo que provoca una disputa legal que aún no ha sido resuelta.	1	CoMeta	ES	CoMeta:914
Usted ha hecho referencia a una parte de mi intervención y yo leo textualmente lo que dije y es que ' el Gobierno ha asumido con humildad y claridad que hay ámbitos de la gestión de determinados patrocinios que pueden ser mejorados '.	1	CoMeta	ES	CoMeta:571
En Kosovo, sin embargo, todos estos problemas se tradujeron en crecientes niveles de tensión entre serbios y albaneses, creando un clima en el que cualquier incidente era exacerbado.	1	CoMeta	ES	CoMeta:3016
Obuchi, de 62 años, sufrió un derrame cerebral en la madrugada del día 2 de abril y, tras permanecer seis semanas en estado de coma, falleció en el hospital Yuntendo de Tokio.	0	CoMeta	ES	CoMeta:419
Por tanto lo que nosotros estamos queriendo y lo que estamos animando todo el tiempo es que haya un entorno de diálogo, un entorno de debate, que tengamos altura de miras y que seamos capaces entre todos de plantear los cimientos de un proyecto de país que merece lo mejor de la política en un momento en el que los ciudadanos están dejando lo mejor de sí mismos.	1	CoMeta	ES	CoMeta:2771
Con la vida.	0	CoMeta	ES	CoMeta:3033
Gracias al trabajo desarrollado durante estos años, se ha mejorado la gestión del agua y de los recursos naturales, se han construido infraestructuras y se ha puesto en marcha un Programa de Protección de Cultivos contra las Plagas.	0	CoMeta	ES	CoMeta:2233
Muerto éste, las siguió Diego de Siloé.	0	CoMeta	ES	CoMeta:356
En esos comicios venció la alianza SDP-HSLS, con el 41 por ciento de los votos, que ha anunciado la formación de un Gobierno de coalición postelectoral con otras cuatro fuerzas políticas, que cuentan con el 16 por ciento de los sufragios y que han presentado en estas presidenciales la candidatura de Mesic.	1	CoMeta	ES	CoMeta:2418
Aunque quizá ya no lograra reponerse reponer se.	0	CoMeta	ES	CoMeta:1728
El mapa conocido más antiguo es una cuestión polémica, porque la definición de mapa no es unívoca y porque para la creación de mapas se utilizaron diversos materiales.	0	CoMeta	ES	CoMeta:130
Y por tanto volvemos a animar, volvemos a tender la mano para que recuperen esa senda del sentido común, esa senda de la cordura que nos permita sentarnos sentar nos a dialogar, a propósito de los problemas de los ciudadanos.	1	CoMeta	ES	CoMeta:122
En otros dos municipios que forman parte del área exterior de este ' cinturón rojo ', Humanes y Valdemoro, también logró hoy la victoria la lista al Congreso de los Diputados encabezada por José María Aznar.	1	CoMeta	ES	CoMeta:383
Efectivamente, una buena parte del éxito y de los buenos resultados del tercer Plan de Justicia Juvenil al que ha hecho referencia usted, que ha sido evaluado recientemente, tiene que ver con el seguimiento puntual de las recomendaciones que vienen siendo formuladas en este ámbito por parte del Consejo de Europa que constituye a este respecto la instancia más avanzada, más vanguardista en el ámbito de la justicia juvenil.	1	CoMeta	ES	CoMeta:895
El coordinador andaluz de IU y candidato a la presidencia de la Junta, Antonio Romero, aseguró en Málaga que remitirá sendos escritos a Cardenal y al fiscal jefe de la Audiencia Provincial de Sevilla, Alfredo Flores, para que investiguen si procede el pago de las ayudas, y recordó que ya se dirigió a ellos para pedir que se aclarara el retraso en el dictamen pericial por la rotura de la balsa que propició el desastre ecológico.	1	CoMeta	ES	CoMeta:952
Así en Majadahonda y Pozuelo los populares triplicaron los votos del PSOE.	0	CoMeta	ES	CoMeta:2069
El olor a podrido rebotó en su piel y ascendió obediente a través de su nariz, perfeccionando la calidad del asco repentino.	1	CoMeta	ES	CoMeta:2465
En malayo, mondok significa bajo, gordo, rechoncho, rebolludo, lo que no debe complacer demasiado a los delegados de la Ford en Malaisia.	0	CoMeta	ES	CoMeta:108
Aparte de que sea la tela colgante con que se cubre una puerta o ventana, Cortina se refiere sobre todo a Cortina d'Ampezzo (Los anglófonos tienden a cortar las segundas partes de los topónimos compuestos: Rio por Rio de Janeiro, Cortina por Cortina d'Ampezzo...).	1	CoMeta	ES	CoMeta:2298
Además de la ayuda que proporcionamos a las autoridades afganas para reforzar la seguridad, es muy importante destacar los esfuerzos que está haciendo España en materia de cooperación al desarrollo en Afganistán.	0	CoMeta	ES	CoMeta:814
La estabilidad financiera es algo que Macedonia reconoce.	0	CoMeta	ES	CoMeta:2932
Esta Comunidad Autónoma ha decido cambiar de unidad territorial.	0	CoMeta	ES	CoMeta:2661
Por tanto, celebro esa noticia, creo que es muy positivo y lo que tengo que decir ahora, de cara al futuro, es que se abre un camino para hablar y para dialogar, que es lo que debería haberse haber se hecho desde el principio y no tomar decisiones unilaterales.	1	CoMeta	ES	CoMeta:2872
Desayunaba con un par de entrevistas intrascendentes y se enteraba en la RAI (y en italiano) del episodio de Santa Bárbara que dos horas más tarde emite TVE, lo que le daba la oportunidad de fardar con sus compañeros de trabajo sobre las peripecias inéditas que veían en el bar tomándose tomando se el segundo desayuno.	0	CoMeta	ES	CoMeta:2232
En la Conferencia de Londres se respaldó también el plan de la misión ISAF para la transición en el ámbito de la seguridad provincia por provincia, fijándose fijando se nuevos objetivos sobre el incremento de efectivos del ejército nacional afgano, que debería alcanzar la cifra de 134.000 efectivos, y también de la Policía hasta 171.000 miembros.	1	CoMeta	ES	CoMeta:1718
Comparezco para informar que el Gobierno, reunido en Consejo extraordinario de Ministros, acaba de decretar el Estado de Alarma en todo el país, y que entrará en vigor esta misma tarde.	0	CoMeta	ES	CoMeta:902
El gato es ateo.	1	CoMeta	ES	CoMeta:1839
AUNA es una nueva empresa ' holding ' creada por SIN, ET y UFINSA para el control común de estas cinco empresas de cable españolas.	0	CoMeta	ES	CoMeta:2413
Los efectos negativos en plano interno fueron el pánico y la desconfianza de cientos de miles de rumanos en las autoridades del Estado, mientras en el ámbito exterior, el Fondo Monetario Internacional aplazó, ayer, miércoles, la prolongación del acuerdo con Rumanía, de importancia capital para el relanzamiento económico del país.	1	CoMeta	ES	CoMeta:1139
Hasta la inmunización.	0	CoMeta	ES	CoMeta:3315
Esta última acepción es también conocida como entidad de coordinación.	0	CoMeta	ES	CoMeta:26
' Mi personalidad me ha ayudado a superar los pasados seis meses que han sido los más duros de mi vida '.	1	CoMeta	ES	CoMeta:3108
También resaltó como hechos clave para el futuro de la candidatura la experiencia organizativa de torneos deportivos y culturales (Exposición Mundial de 1970), la estabilidad política y la fuerza financiera.	1	CoMeta	ES	CoMeta:3300
Pues otra guardería a todo plan, naturalmente de niños.	0	CoMeta	ES	CoMeta:653
Muchos de ellos, han integrado tanto las selecciones juveniles, como la mayor.	0	CoMeta	ES	CoMeta:2859
Esta puntualización fue considerada como un ' avance ' por los sindicatos Confederación Francesa del Trabajo (CFDT), Fuerza Obrera (FO), Confederación Francesa de Trabajadores Cristianos (CFTC) y Confederación Francesa de Directivos de Empresas (CFE-CGC).	1	CoMeta	ES	CoMeta:1731
Esta oportunidad de colaboración surge tras lograr el su segundo puesto en el Concurso para Manhwagas Amateur de Mink en el año 2000.	0	CoMeta	ES	CoMeta:1393
El número de líneas que se adoptaron fue de 30 pero esto no dio los resultados deseados, la calidad de la imagen no resultaba satisfactoria.	0	CoMeta	ES	CoMeta:1138
Ni aunque me llamara Sofía como la señora de aquella película tan terrible.	0	CoMeta	ES	CoMeta:636
El ex dictador chileno permaneció 17 meses detenido en Londres a raíz de una solicitud de extradición presentada por el juez español Baltasar Garzón, que lo procesó por genocidio, terrorismo y torturas, hasta que fue liberado el pasado 2 de marzo, en atención a su mala salud.	0	CoMeta	ES	CoMeta:881
El estado de la pista, muy mojada, favoreció a los pilotos en los entrenamientos para la primera carrera.	0	CoMeta	ES	CoMeta:3127
Algo que poco tiene que ver con la literatura trascendente de estos pagos.	0	CoMeta	ES	CoMeta:1378
Aunque la distinción tiende a desvanecerse desvanecer se con el paso del de el tiempo, se considera que los judíos sefaradíes desarrollan una actividad comunitaria más bien religiosa;	1	CoMeta	ES	CoMeta:418
Pero volvió a perder.	0	CoMeta	ES	CoMeta:379
En Okinawa, a finales de la Segunda Guerra Mundial, cuando el ejército se concentró en la isla para resistir a los americanos, murió un tercio de la población.	0	CoMeta	ES	CoMeta:1556
Cuando Chibana lo descubrió, 40 años después de que hubiese sucedido, decidió quemar la bandera de cuando todo eso.	0	CoMeta	ES	CoMeta:396
Ya se lo tengo dicho al Mendicutti: de un momento a otro, el señor Rodríguez Ibarra, con lo suyo que es para el catalán, saldrá diciendo que él tiene desde hace siglos el Teatro de Mérida hecho una ruina (sic), sin techo ni nada, y que ya va siendo hora de arreglarlo arreglar lo un poco.	1	CoMeta	ES	CoMeta:1470
La campaña se ha desarrollado sin incidentes lamentables, aunque el coordinador general del Programa de las Naciones Unidas para la Observación Electoral, el vietnamita Nguyen Huu Dong, dijo el pasado lunes que la compra y los obstáculos al libre voto, son los temas que más preocupan a los observadores extranjeros.	1	CoMeta	ES	CoMeta:3471
Dicen que la causa de ese silbido o ese zumbido es la irritación del nervio acústico, y a mí no me extraña que el martillo, el yunque y el estribo puedan de golpe ponerse poner se a armar follón sólo porque sí, porque les viene en gana.	0	CoMeta	ES	CoMeta:1408
Para la época de la Revolución iraní de 1978-1979, las cinco compañías internacionales más importantes que habían firmado acuerdos con la NIOC solo representaron el 10,4% de la producción total de petróleo.	0	CoMeta	ES	CoMeta:2472
En todo caso si se nos requiere algún tipo de asistencia o de apoyo ahí está el Gobierno de España presto para darlo, insisto, si es requerido.	0	CoMeta	ES	CoMeta:1083
Posterior a esto, se le ordenó al a el consorcio TAV retirar su personal y equipos del de el aeropuerto, y el 8 de mayo las operaciones del de el aeropuerto fueron transferidas a Iran Air.	0	CoMeta	ES	CoMeta:3305
La ciencia se está afanando para encontrar ese remedio, esa investigación puntera que nos permita tener ya un remedio eficaz.	0	CoMeta	ES	CoMeta:177
Los funcionarios municipales, sobre todo los que, como él, pertenecían a una gran ciudad donde las empresas de servicios son más de las necesarias, no tienen por qué viajar.	0	CoMeta	ES	CoMeta:2988
Entusiasmado por la irrupción de las nuevas cadenas de televisión y absorto ante el despliegue de la oferta visual, había decidido cambiar su hábitat tradicional y trasladarse trasladar se, en cuerpo y alma, al cuarto de estar.	1	CoMeta	ES	CoMeta:1881
Secretario de Estado de Comunicación Es el turno de la Televisión del Principado de Asturias.	0	CoMeta	ES	CoMeta:2196
Portavoz.- Si Noelia y en la última pregunta, decirle decir le que, como he dicho anteriormente, este Gobierno desde el presidente hasta el último ministro mantenemos una comunicación fluida y un diálogo constante con el señor Garamendi y confiamos plenamente en su persona, en el señor Garamendi pero también en la Confederación de Empresarios y en Cepyme, en las organizaciones que forman parte del diálogo social y que representan ni más ni menos que al conjunto de los empresarios de nuestro país.	1	CoMeta	ES	CoMeta:511
Luego alzándose alzando se un poco más gritó: - - ¡Vete Ve te a la merde!	0	CoMeta	ES	CoMeta:1550
El Gobierno afgano debe entender que de su compromiso con estos objetivos depende el apoyo de la Comunidad Internacional.	0	CoMeta	ES	CoMeta:322
La que nos enseñaban en la escuela era blanca con un círculo rojo en el centro.	0	CoMeta	ES	CoMeta:2261
Luego se deciden a afeitárselo afeitar se lo y entonces se dan cuenta de cuál es su verdadera carencia la carencia de bigote.	0	CoMeta	ES	CoMeta:1200
Eso acaba por quitarles quitar les la dimensión supersticiosa y querría tener uno como pisapapel en mi mesa, pero ese uh! adulatorio del que hablaba antes me intimida.	0	CoMeta	ES	CoMeta:3397
De hecho, ANNCOL considera, con sólidos fundamentos, al a el propio presidente Santos como terrorista.	1	CoMeta	ES	CoMeta:2574
' No podemos ocultar la realidad de que Argentina es la mejor, lo ha demostrado en todas las canchas a las que ha ido, ganando todos los partidos, pero no por eso quiere decir que sea invencible ', dijo por su lado, Alex Aguinaga a los periodistas deportivos.	1	CoMeta	ES	CoMeta:2533
También son grandes amadores los gallos y las gallinas pero nos las comemos y se acabó.	1	CoMeta	ES	CoMeta:1481
Me cobraron 108 € del de el deposito de gasolina, me han devuelto 60 después de un viaje de 160km, sale, que el coche consume unos 25litros/100km.	1	CoMeta	ES	CoMeta:2364
El guardameta internacional del conjunto leonés, José Javier Hombrados, en declaraciones a Radio León, analizó el primer encuentro ante los valencianos, donde considera ' favorito ' a su equipo, aunque avisó del peligro que puede suponer para el Ademar ' confiarse confiar se ante una defensa agresiva y una primera línea muy lanzadora que habrá que controlar ', señaló.	1	CoMeta	ES	CoMeta:787
Nos gustaría saber si el Ministerio baraja esta opción.	1	CoMeta	ES	CoMeta:2885
El incidente es narrado en el episodio ' Galaxy Stranger '.	0	CoMeta	ES	CoMeta:284
Y si ahora realmente lo es - qué pasa con la otra?	0	CoMeta	ES	CoMeta:187
- - - Qué le parece a usted que hicieron allí arriba?	0	CoMeta	ES	CoMeta:2708
Pero no: la señora Aguirre, la derecha unánime, sólo multan los restos dejados en su lucha por los sindicatos.	1	CoMeta	ES	CoMeta:933
Lo veía en el cubo de los desperdicios, entre hollejos de patata, cáscaras de huevo y trozos marchitos de remolacha, mientras el otro, el escogido, presidía plácidamente el tibio belén.	1	CoMeta	ES	CoMeta:3166
En los comicios, la Cámara de Diputados reducirá de 500 a 480 el número de escaños tras la aprobación en febrero de este año de la supresión de 20 asientos de representación proporcional, uno de los dos que componen el sistema electoral nipón.	0	CoMeta	ES	CoMeta:1185
Lejos de Los Angeles, Al Gore recogió la antorcha del liderazgo demócrata de manos del presidente estadounidense, Bill Clinton, en un acto simbólico celebrado en Michigan.	1	CoMeta	ES	CoMeta:326
Pero ese momento heroico, me parece, es más una especie de fiebre que un talante.	1	CoMeta	ES	CoMeta:3503
El piloto italiano Giuseppe Burlotti afrontará mañana la primera de las dos carreras del Abierto Telefónica de F-Nissan en el circuito francés de Magny Cours como líder del certamen, tras la decisión del Tribunal de la FIA de recalificarlo recalificar lo en las dos carreras de Barcelona.	0	CoMeta	ES	CoMeta:953
Los momentos de mayor pánico y angustia se vivieron en boliches y bailantas de la zona, a las 6:56 horas (hora local), cuando los locales bailables se encontraban con su capacidad colmada.	0	CoMeta	ES	CoMeta:413
Administrativamente pertenece a la provincia cubana de Matanzas.	0	CoMeta	ES	CoMeta:3543
En su defensa estaba el veterano tenente Martín Chipía, consiguiendo resistir la ciudad durante ocho meses.	0	CoMeta	ES	CoMeta:3550
La Fiscalía General de este país emitió hoy ordenes de detención contra la directiva de Sov Invest, sociedad que administró el Fondo Nacional de Inversiones, tras comprobarse comprobar se un agujero de más de 500.000 dólares de un total de 170 millones de dólares que este fondo privado había atraído de la población.	1	CoMeta	ES	CoMeta:1857
Entre los recuerdos que archivo en mi memoria hay uno que compartirá otra mucha gente.	1	CoMeta	ES	CoMeta:2603
En todo caso, el matrimonio feliz de Fermina Daza había durado lo que el viaje de bodas, y el único que podía ayudarla ayudar la a impedir el naufragio final estaba paralizado de terror ante la potestad de la madre.	1	CoMeta	ES	CoMeta:3416
Aclarando hacia todo el mundo Valderrama Y Eduardo Son La Misma Persona.	1	CoMeta	ES	CoMeta:1494
En educación y formación, quiero reseñar la construcción de tres institutos que acogen a dos mil alumnos, seis escuelas primarias en zonas rurales para atender a 2.100 estudiantes y la puesta en marcha de 150 módulos de escolaridad temporales en todos los distritos de la provincia que han beneficiado a quince mil alumnos.	1	CoMeta	ES	CoMeta:666
Al norte, el espacio que ocupó la primera cancha de fútbol construida en 1947, lo que hoy es la plaza principal, servía para acopio de la preciada madera del de el país y de la región, que luego era trasladada en forma de troncos y rollos al a el aserradero más próximo de Pocitos Argentinos.	0	CoMeta	ES	CoMeta:1516
Va para medio siglo leí ' La vida privada de Elena de Troya '.	0	CoMeta	ES	CoMeta:1455
Tuvo todo el partido de anoche algo de revuelta de desahuciados, de algarada de convictos, de levantamiento zapatista por parte del Real Madrid.	1	CoMeta	ES	CoMeta:858
Presidente. - No sé lo que se ha anunciado para el día 9, pero aquí no hay más criterio que el que hemos manifestado en otras ocasiones: diálogo y Ley.	0	CoMeta	ES	CoMeta:2745
Médici nombró a su canciller Gibson Barbosa.	0	CoMeta	ES	CoMeta:1093
Además, una alianza con el metro de Samara para construir diversos tramos ha dejado a KazMetroStroy, la empresa que dirige la construcción, en números rojos.	0	CoMeta	ES	CoMeta:2874
Yo espero que después de la experiencia que hemos vivido con este referéndum, que ya no se va a celebrar, se actúe con sensatez, con moderación, con equilibrio y con razón, y que se acepten las propuestas para hablar y para dialogar; pero, insisto, siempre dentro de la Ley.	1	CoMeta	ES	CoMeta:2799
Entre los traficantes capturados destaca José León Castillo, uno de los más activos en el continente, acusado de introducir a Estados Unidos a miles de inmigrantes ilegales en los últimos cinco años, dice el informe, que no cita la nacionalidad hondureña del detenido.	0	CoMeta	ES	CoMeta:2654
Las hojas son muy estrechas y están dispersas, lineales, con un borde plateado.	0	CoMeta	ES	CoMeta:292
El paro registrado en las oficinas del Instituto Nacional de Empleo (INEM) bajó en mayo pasado en 47.689 personas, una reducción del 3,02 por ciento, lo que situó el total de desempleados en 1.531.169, el 9,16 de la población activa.	0	CoMeta	ES	CoMeta:2495
Las primeras bajas de los rebeldes irlandeses en el alzamiento fueron dos activistas del de el ICA en un frustrado intento de asedio del de el Castillo de Dublín.	0	CoMeta	ES	CoMeta:2600
Gente joven con un trato excelente, te asesoran con mucha profesionalidad y trabajan con un montón de compañías.	0	CoMeta	ES	CoMeta:700
Porque, si lo pensamos bien, nunca, nunca, una sola persona ha movilizado a tantos millones de españoles.	1	CoMeta	ES	CoMeta:2187
La unidad participó en las operaciones de Trajano durante las Guerras Dacias, y al a el concluir fue estacionada en la nueva base de Apulum (Alba Iulia, Rumanía).	0	CoMeta	ES	CoMeta:2986
Los sobres de la caja de ahorros son exactamente iguales a los que enviaban antes de añadirles añadir les lo de recycled ecological paper.	0	CoMeta	ES	CoMeta:1002
Allí vivían, no sé cómo, la hermana de mi amigo, su marido y cuatro niños.	0	CoMeta	ES	CoMeta:669
Tantas viudas de su vida, desde la viuda de Nazaret habían hecho posible que él vislumbrara cómo eran las casadas felices después de la muerte de sus maridos.	0	CoMeta	ES	CoMeta:1893
Luego el vapor es enfriado en un Condensador donde circula por tubos agua fría de un caudal abierto de un río o por torre de refrigeración.	1	CoMeta	ES	CoMeta:1554
En esas actividades se enmarca la presencia militar española en Afganistán, que durante el último año se ha doblado hasta superar los 1.500 efectivos.	1	CoMeta	ES	CoMeta:1105
El libro es divertido, muy divertido, y su estilo un auténtico regalo.	1	CoMeta	ES	CoMeta:2621
Speight, quien ha definido su acción como un ' golpe de Estado civil ' en favor de la comunidad de nativos fiyianos, dejó el recinto del Legislativo escoltado por un grupo de soldados.	0	CoMeta	ES	CoMeta:2818
El diario deportivo indica que hace un guiño al a el club blanco y esto no es nada factible por el momento.	0	CoMeta	ES	CoMeta:2281
Ella, cómplice en aquel juego inocente que su marido desaprobaba con energía, iba recogiendo luego las plumas que se desprendían a su paso y las guardaba para él, para compensarle compensar le quizá de la previsible extinción del pequeño placer que compartían, consciente ya de que en poco tiempo sólo quedaría el recuerdo de las plumas sobre una sucia franja desmochada, la degradada frontera entre su piel y esa piel tan fina y arrugada, teñida de azul celeste, hasta que el cambio de estación se encarnara en pretexto suficiente para estrenar otro par, siempre el mismo modelo.	1	CoMeta	ES	CoMeta:899
El territorio del de el municipio de Gómez Palacio es prácticamente plano por encontrarse encontrar se en el extenso valle desértico que constituye a la Comarca Lagunera y por el cual fluye el río Nazas hacia su antigua desembocadura en la Laguna de Mayrán, la altitud del de el territorio fluye desde los 1,100 metros sobre el nivel del de el mar en toda la zona del de el valle hasta los 1,800 metros sobre el nivel del de el mar que se ubican en las únicas elevaciones del de el territorio que se encuentran en le extremo oeste del de el territorio junto al a el límite con el municipio de Mapimí y que precisamente denominado Sierra de Mapimí.	1	CoMeta	ES	CoMeta:2804
El puro, este cabo de habano mordisqueado, era el trofeo de una jornada cumbre, de aquel día en que Rafael entró en su casa.	1	CoMeta	ES	CoMeta:1328
No hablaríamos ya de la renta per cápita, sino de las ratas per cápita, y los gobernantes lo proclamarían con jactancia de ratitas presumidas.	1	CoMeta	ES	CoMeta:3452
Por un golpe de intuición que no hubiera podido explicar, estaba convencida de que había sido ella la autora de la conspiración para escamotearle escamotear le el premio.	1	CoMeta	ES	CoMeta:3147
La única diferencia entre estas dos familias es que los que pertenecen a Brachystomellidae nunca tienen mandíbulas, en cambio los que pertenecen a Hypogastruridae siempre la tienen.	0	CoMeta	ES	CoMeta:3178
El Gobierno, apuntó Pimentel, se ha enterado de la operación, pero no ha participado en la gestión del pacto entre el BBVA y Telefónica y lo que va a hacer ahora es estudiar si él mismo vulnera o no algún tipo de reglas de la competencia.	0	CoMeta	ES	CoMeta:229
Y finalmente, impulsar la aplicación móvil RADAR-COVID, que, a través de la información que obtiene en el rastreo de contactos, nos permite conocer el nivel de riesgo de contagio y avisar a los interesados.	1	CoMeta	ES	CoMeta:938
Por eso no creo que sea necesario escribir un prólogo a no ser para explicar el título aunque la mayor parte de los lectores saben lo que es el toque de queda.	0	CoMeta	ES	CoMeta:3366
La organización añadió que Washington no fabrica este tipo de minas desde hace dos años y ha prohibido su exportación, pero se reserva el derecho a retomar la producción en cualquier momento.	0	CoMeta	ES	CoMeta:131
El cuarto socio de CGO, el grupo malayo IJM Corporation Berhad, mantendrá su participación del 18 por ciento en la concesionaria.	0	CoMeta	ES	CoMeta:3297
Esa propia agenda del cambio contiene muchos de los elementos que van a ser la clave de ese nuevo Estatuto de los Trabajadores que nos permita afrontar los desafíos del siglo XXI.	0	CoMeta	ES	CoMeta:1292
Respecto a Fase II podrán ver las limitaciones de aforo que establecimos para este tipo de reuniones y, lógicamente, cuando vayamos progresando y estemos ya con normalidad pues también procederemos a normalizar este tipo de congresos.	1	CoMeta	ES	CoMeta:1643
Con el técnico holandés en el banquillo, el Betis sólo ha conseguido un triunfo (2-1 sobre el Barcelona).	0	CoMeta	ES	CoMeta:1096
Y para la ministra Montero, quería preguntarle preguntar le si considera contradictorias, que hubo incoherencias entre las versiones de distintos ministros sobre ese mismo acuerdo del Partido Socialista, Unidas Podemos y Bildu.	0	CoMeta	ES	CoMeta:271
Mi mayor deseo es que aquellas personas que hoy se encuentran enfermas se recuperen lo más pronto posible.	0	CoMeta	ES	CoMeta:864
Pido a todos los partidos políticos que apoyen el Estado de Alarma.	0	CoMeta	ES	CoMeta:2323
¿Nosotros qué le estamos planteando a usted?	0	CoMeta	ES	CoMeta:2940
Como hizo María Elena.	0	CoMeta	ES	CoMeta:1288
Además, el acuerdo garantizará el ingreso de China a la Organización Mundial del Comercio (OMC).	0	CoMeta	ES	CoMeta:870
Ella fue nombrada ' de Todos los Santos ', como es costumbre entre los Borbones.	0	CoMeta	ES	CoMeta:2684
La operación se produciría catorce meses después de que Phillips fuera comprada por el grupo francés de productos de lujo Louis Vuitton Moet-Hennessy (LVMH).	0	CoMeta	ES	CoMeta:2044
Una de estas llamadas, dirigida al entrenador del equipo de fútbol Universitatea de Craiova, Sorin Sichitiu, se comprobó que fue hecha desde un teléfono de la filial local del Banco Popular Rumano, cuyo director ha sido ya destituido hasta el fin de las investigaciones.	0	CoMeta	ES	CoMeta:1620
El presidente de la Generalitat, Jordi Pujol, cree necesario que el Gobierno agilice los permisos de residencia a los inmigrantes para poder responder a la falta de mano de obra en Cataluña que, según cálculos del Departamento de Trabajo, impide cubrir unos 23.000 empleos en diversos sectores.	1	CoMeta	ES	CoMeta:2633
Hasta principios del mes de mayo, en concreto, el 9 de mayo.	0	CoMeta	ES	CoMeta:1879
Burlotti fue excluido de las dos mangas en el Circuit de Catalunya, tras un informe de los comisarios técnicos en el que se constataba una modificación de los anclajes de seguridad de las llantas, que permite ganar un poco de tiempo en la maniobra de cambio de ruedas.	0	CoMeta	ES	CoMeta:585
Izquierda Unida pedirá al fiscal general del Estado, Jesús Cardenal, que intervenga en la concesión de ayudas públicas a la empresa Boliden Aspirsa, propietaria de las minas Aznalcollar, que ocasionaron el vertido tóxico en el entorno del Parque Nacional Doñana.	0	CoMeta	ES	CoMeta:1084
Y ya sé que, con esos nombres, todos nuestros niños parecerán medio comanches, pero, hoy por hoy, la Historia de este país no da para más.	0	CoMeta	ES	CoMeta:3586
También se ha decidido eliminar a Fiyi como objetivo turístico, por lo que se propone tanto a las compañías del ramo como a los medios de comunicación que dejen de promover Fiji como destino vacacional, así como la suspensión de las actividades deportivas entre los dos estados.	0	CoMeta	ES	CoMeta:1010
El club fue fundado en 1958.	0	CoMeta	ES	CoMeta:3051
Portavoz.- Muchas gracias Cristina.	0	CoMeta	ES	CoMeta:2299
La gente se lo deja crecer para suplir una carencia pero, en definitiva esa carencia es siempre imaginaria.	0	CoMeta	ES	CoMeta:2207
(No debía hablar así porque los hombres hacemos algo parecido).	0	CoMeta	ES	CoMeta:1076
Cuestión de una equis.	0	CoMeta	ES	CoMeta:3059
El ' proyecto de protocolo de acuerdo ', de nueve puntos, establece un nexo de unión entre la ' indemnización ' de desempleo y una ' ayuda ' condicionada para volver a encontrar un trabajo, muy contestada por los sindicatos, pero su aplicación sería progresiva.	0	CoMeta	ES	CoMeta:2394
Creo que es importante que la democracia sea diálogo y no se responda a los conflictos sociales con bala ', indicó.	1	CoMeta	ES	CoMeta:1754
De acuerdo con los registros de sismógrafos noruegos, hubo dos explosiones consecutivas a bordo del ' Kursk ' que lo echaron a pique tras causar graves destrozos en su proa.	0	CoMeta	ES	CoMeta:2390
Y sin embargo una dama de cartón y purpurina en el sombrero de copa guiñaba el ojo para proponer la fiesta de fin de año, Happy New Year 1984, cincuenta dólares todo incluido.	0	CoMeta	ES	CoMeta:1635
Los ministros reconocieron la importancia de un servicio aéreo seguro y eficiente, y para lograrlo lograr lo acordaron establecer una Asociación para una mayor seguridad en los cielos del Hemisferio Occidental.	0	CoMeta	ES	CoMeta:1482
' Mientras en Francia exigen a la propietaria del petrolero 'Erika' que pague por sus responsabilidades, aquí les pagamos ', dijo el candidato de IU a la presidencia de la Junta de Andalucía, que se mostró ' asombrado por esta actitud ' y aseguró que la comunidad andaluza se encuentra ' al borde del colapso ecológico '.	0	CoMeta	ES	CoMeta:898
Pero - qué significa Mondeo?	0	CoMeta	ES	CoMeta:566
Es malestar, nazismo, ansia muda de revolución, crispación, venganza contra los padres y contra el sistema.	1	CoMeta	ES	CoMeta:2087
Los reyes de la Baja Navarra tras la conquista del de el resto de Navarra fueron los siguientes:	0	CoMeta	ES	CoMeta:2021
En este caso, los motivos que alega el Gobierno andaluz se basan en el riesgo que puede suponer para la población del Campo de Gibraltar la reparación del submarino nuclear Tireless, ya que éste ha sufrido una avería que además superaba los cálculos iniciales.	0	CoMeta	ES	CoMeta:372
En investigación todo punto de partida debe estar presidido por el deslinde de los campos.	1	CoMeta	ES	CoMeta:3095
Con ese crepúsculo diario la naturaleza nos adiestra para la experiencia mortal trescientas sesenta y cinco veces cada año y sesenta u ochenta años, uno tras otro.	1	CoMeta	ES	CoMeta:192
Necesitamos disciplina, resistencia y moral de victoria.	0	CoMeta	ES	CoMeta:449
Ésta es ahora, en efecto, la prioridad del Gobierno afgano, de la Comunidad Internacional y, especialmente, de los 47 países que forman parte de ISAF: una tarea orientada a dar mayor protección al pueblo afgano para que se haga progresivamente responsable de su seguridad y una tarea que requiere de efectivos que se vuelquen cada vez más en el adiestramiento de las Fuerzas Armadas y de Seguridad afganas.	1	CoMeta	ES	CoMeta:626
El hambre, la sed y el frío son amenazas constantes para todos los seres vivos, pero sólo nosotros los hombres hacemos de su satisfacción alarde decorativo y vano.	0	CoMeta	ES	CoMeta:2570
Según Zarrías, no consta que el Gobierno británico haya cumplido ninguna de las garantías ni obligaciones que en virtud de los tratados comunitarios le afectan y que son exigibles no sólo en situación de daño efectivo, sino ' ante la simple contemplación de riesgo de producción del mismo '.	0	CoMeta	ES	CoMeta:655
' No estoy al cien por ciento y una de bronce no sería para mí una decepción ', aseguró.	0	CoMeta	ES	CoMeta:3244
Y España, en sus contactos con esos países y en los foros pertinentes, trabajará para lograr de ellos una cada vez mayor implicación positiva para la resolución del conflicto afgano.	0	CoMeta	ES	CoMeta:2787
Las negociaciones deberían reanudarse reanudar se hoy en Israel, después de un tiempo en que se han desarrollado en Estocolomo.	0	CoMeta	ES	CoMeta:1729
Egipto necesita más de 250 millones de dólares para eliminar los campos de minas de distintos tipos que se encuentran en diferentes zonas de este país, dijo el ministro egipcio de Asuntos Exteriores, Amro Musa.	1	CoMeta	ES	CoMeta:2442
En la Universidad ' no estaba seguro de lo que Al iba a acabar haciendo con su vida, pero siempre supe que tenía el cerebro y el corazón para cambiar el mundo entero ', aseguró el actor.	0	CoMeta	ES	CoMeta:260
- - - No quiere ver otra vez Las Siete Residencias?	0	CoMeta	ES	CoMeta:1576
Se ve que la señora Aguirre, como toda la derecha amalgamada que nos tiene cercados, concibe la limpieza como una venganza, como la visita del rencor, como compensación de alguna deficiencia hormonal, como racismo de vecindario, como lucha de clases.	1	CoMeta	ES	CoMeta:1563
Campo de Borja es un vino de España con denominación de origen (DO).	0	CoMeta	ES	CoMeta:2440
También hay hormonas tróficas y no tróficas, según el blanco sobre el cual actúan.	0	CoMeta	ES	CoMeta:1917
Con el tema ' Iberoamérica y la situación internacional en una economía globalizada ', la Declaración de La Habana comprometió a los países firmantes a fortalecer el funcionamiento de sus instituciones democráticas, el pluralismo político, el Estado de Derecho y el respeto de los derechos humanos y las libertades fundamentales, incluido el derecho al desarrollo.	1	CoMeta	ES	CoMeta:2167
Casi todos lo están y el hecho de haber elegido esa profesión parece ser un síntoma.	1	CoMeta	ES	CoMeta:1029
¡Tan lindos, tan pequeños, tan queridos!	0	CoMeta	ES	CoMeta:2266
Las hermas de todos los tipos eran muy solicitadas por los romanos ricos para decorar sus casas y villas.	0	CoMeta	ES	CoMeta:47
Uno no puede impunemente desprenderse desprender se de su esencia por eso digo lo de los ex bigotudos.	1	CoMeta	ES	CoMeta:2786
Ha seguido jugando un papel muy activo en el proceso de paz de Oriente Medio, y hemos mantenido vivo el proceso de Barcelona ' de respaldo a la cooperación con los países del Mediterráneo.	1	CoMeta	ES	CoMeta:2952
Dios sabía lo que hacía cuando le sacó la costilla a Adán - - contestó Rafael.	0	CoMeta	ES	CoMeta:469
El jefe del de el SAS, general Peter de la Biliere, decidió enviar un helicóptero para reconocer el objetivo, la ubicación de los aviones y del de el combustible.	0	CoMeta	ES	CoMeta:2792
Lo que esta claro que, si sigue así, el míster no será bien recibido en ningún estadio.	1	CoMeta	ES	CoMeta:2199
Desde IU se va a impulsar la creación de un consorcio que se denominará Iperea (Instituciones por las Energías Renovables de Andalucía), que integrará a administraciones locales y universidades, y que pretende alcanzar para el 2004 un 15 por ciento de consumo con energías alternativas, ' tal y como propone la UE '.	1	CoMeta	ES	CoMeta:3075
La embajadora peruana ante la OEA aseguró que las elecciones del domingo fueron ' legítimas por el hecho de que acudió masivamente la población a votar '.	0	CoMeta	ES	CoMeta:1092
La lechuga soporta peor las temperaturas elevadas que las bajas.	0	CoMeta	ES	CoMeta:3148
Un soldador que no deje de la Susi ni una pata de gallo y así podré pedirle pedir le a doña Carmen Alborch que me financie una reconstrucción completa, rápida y divina.	1	CoMeta	ES	CoMeta:2625
' Creo que ha sido un resultado muy nítido, que probablemente refleje el buen nivel en que se encuentra la economía española, entre otros elementos ', precisó Ricardo Lagos en un breve comentario, en el que no hizo alusión a los problemas que surgieron entre ambos países a raíz del caso del general retirado Augusto Pinochet.	1	CoMeta	ES	CoMeta:3551
Una científica dice que es imposible que el esperma se haya conservado cinco milenios.	0	CoMeta	ES	CoMeta:3592
Según analistas locales, nunca antes el PRI había sentido el fantasma de la oposición rondando la residencia de Los Pinos, aunque hay quienes aseguran que Fox sólo podrá vencer a Labastida, si logra una alianza sólida con el PRD.	1	CoMeta	ES	CoMeta:1202
Es un bar disfrazado de restaurante la comida esta demasiado salada.	1	CoMeta	ES	CoMeta:1780
Nos ha traído tanta dicha, que estoy por pensar que ha sido inspiración divina.	0	CoMeta	ES	CoMeta:647
Este segundo controlador realiza las transferencias de 16 bits.	0	CoMeta	ES	CoMeta:1858
Dólera calificó de ' brillante, tanto en su aspecto cuantitativo como cualitativo ' el trabajo realizado esta legislatura en el Congreso de los Diputados por Pedro Antonio Ríos, que repite candidatura, y de quién dijo que ' es el diputado por excelencia de la Región de Murcia '.	1	CoMeta	ES	CoMeta:13
En este entorno que hemos tenido que vivir lo más prudente, lo más sensato es seguir con esas instrucciones de distancia social, de lavado de manos, de utilización de la mascarilla cuando está indicada por parte de las autoridades sanitarias.	0	CoMeta	ES	CoMeta:2957
Creó inicialmente esculturas de hierro realistas - principalmente aves - y presentó su primera exposición individual en 1954 en la Galería Martinet de Amsterdam.	0	CoMeta	ES	CoMeta:2947
Mañana, Al Gore, de 53 años, aceptará el ofrecimiento de su partido en el discurso final de esta convención, con lo que se convertirá oficialmente en el candidato demócrata a la Casa Blanca.	0	CoMeta	ES	CoMeta:1078
El incumplimiento de esos compromisos sería penalizado con reducciones en el subsidio de desempleo.	0	CoMeta	ES	CoMeta:2050
Las más agrias, sin embargo, fueron entre el MNR y el Movimiento de la Izquierda Revolucionaria, liderado por Jaime Paz Zamora, presidente de Bolivia entre 1989 y 1993.	1	CoMeta	ES	CoMeta:3120
Hay situaciones inadmisibles que se están produciendo en nuestro país en la que a determinados ministros se les rodea la vivienda, con su familia con personas que conviven allí y por tanto vamos a condenar de forma enérgica cualquier tipo de violencia verbal o agresiva que se ejerza sobre cualquier ciudadano, sea o no sea ministro.	1	CoMeta	ES	CoMeta:731
Con 1,91 metros de estatura, jugaba en la posición de base.	0	CoMeta	ES	CoMeta:2079
Es la mariposa diurna más grandes del de el mundo.	0	CoMeta	ES	CoMeta:435
Desde mayo de 1998 era vocal asesora de la Dirección General de la Tesorería General de la Seguridad Social.	0	CoMeta	ES	CoMeta:2561
Tuvo un festival de nombre Larentalia, que se celebraba el 23 de diciembre.	0	CoMeta	ES	CoMeta:1222
Aquel que persiga este fin nos encontrará trabajando para perseguir este bienestar general y, sobre todo, preservar la salud de los ciudadanos.	1	CoMeta	ES	CoMeta:2617
Y en los procesos de adaptación, de adopción y de creación de estos quinientos años transcurridos.	0	CoMeta	ES	CoMeta:3395
' Cuando hablo mucho me critican y si no hablo también.	0	CoMeta	ES	CoMeta:2494
- - Soy marino.	0	CoMeta	ES	CoMeta:3568
Todos ellos, según los médicos, sufren porque la jefatura del Estado cediese ante los golpistas y disolviese el gobierno que formaban, que había sido elegido democráticamente en mayo de 1999.	1	CoMeta	ES	CoMeta:3433
Era un trasto en blanco y negro, una antigualla.	0	CoMeta	ES	CoMeta:1531
No entiendo este tipo de comentarios destructivos de algunas personas, que si han tenido una incidencia deberían hablarlo hablar lo directamente con el Centro para que se lo resuelvan, como hacen con todos los temas que les planteamos.	1	CoMeta	ES	CoMeta:3123
- - En Chaguaramas Bay también está cubierto y al otro lado de la isla sopla el viento y llueve.	1	CoMeta	ES	CoMeta:661
HTC también es propietaria de Dopod como una empresa filial.	0	CoMeta	ES	CoMeta:2209
- Sirve de algo esa muerte salvaje y absurda?	1	CoMeta	ES	CoMeta:3189
No olvidemos, Señorías, que, tras la aprobación del Tratado de Lisboa, Afganistán se ha convertido en un punto de referencia en el marco del desarrollo de política europea de seguridad.	1	CoMeta	ES	CoMeta:2172
- - Ya sé ya sé.	0	CoMeta	ES	CoMeta:2
El mundo le ha dicho: señor Fujimori sea mucho más caballero y compita en una elección limpia ', dijo al aludir a la reacción de la comunidad internacional que ha cuestionado las elecciones celebradas el domingo.	1	CoMeta	ES	CoMeta:2453
Otra de las cuestiones que se nos planteó y que estamos trabajando es que, en vez de que sean solo los PCRs positivos los que marquen una parte de la distribución de fondos, se pueda utilizar en la totalidad de los PCRs realizados a la población, con lo cual eso también, en función de la población que se tenga, marca un mayor porcentaje de esa participación.	0	CoMeta	ES	CoMeta:1327
EL PUEBLO NO ESTA DURMIENDO.	1	CoMeta	ES	CoMeta:2001
Y, para el País Vasco y para España entera, es un rostro visible de nuestro afán de libertad y de justicia, el recuerdo imperecedero de los valores que nos unen y de las causas que defendemos.	1	CoMeta	ES	CoMeta:79
En eso como en todo hay un secreto muy convincente.	0	CoMeta	ES	CoMeta:458
Por tanto, aprobamos de nuevo el Estado de Alarma porque es la herramienta más eficaz para frenar la curva de contagios y volver a mantener a raya al virus.	1	CoMeta	ES	CoMeta:1486
La empresa constructora del inmueble donde se produjo el accidente está registrada en la localidad alicantina de Castalla.	0	CoMeta	ES	CoMeta:3304
¿Cuáles son los indicadores principales?	0	CoMeta	ES	CoMeta:1259
Este reconocimiento cuenta con un gran prestigio en el mundo del de el turismo de calidad y supone que la calidad de este establecimiento ha sido contrastada por personal cualificado de Guia Michelin.	1	CoMeta	ES	CoMeta:980
El Ministerio de Sanidad y las CCAA fijaron unos criterios comunes para afrontar la emergencia sanitaria.	1	CoMeta	ES	CoMeta:237
En esa situación, sus recursos legales podrían tramitarse tramitar se en tribunales de apelación o podrían pasar directamente al Tribunal Supremo de Justicia, una opción que existe para los grandes casos de monopolio.	0	CoMeta	ES	CoMeta:986
Alemania y Estados Unidos no llegaron a ningún consenso sobre el proyecto de Washington de instaurar un sistema nacional de defensa antimisiles (NMD), informaron fuentes del Gobierno alemán tras la cumbre entre el presidente de EEUU, Bill Clinton, y el canciller alemán, Gerhard Schroeder.	1	CoMeta	ES	CoMeta:3464
La primera pregunta es si creen que Madrid por su especial particularidad por la incidencia de casos que ha tenido en esta pandemia tendrá que quedarse quedar se más o menos tiempo en la fase 1. Sr.	0	CoMeta	ES	CoMeta:3529
En marchas por separado, el Consejo Nacional de Trabajadores Organizados (CONATO) y la Confederación Nacional Unitaria Sindical Independiente (CONUSI) protestarán en Panamá contra las políticas antipopulares del de el Ejecutivo, a la vez que en Guatemala los gremios pedirán al a el Gobierno reversar un anunciado incremento al a el precio de la energía eléctrica.	0	CoMeta	ES	CoMeta:350
' Mi padre es un hombre de fe en un sentido práctico y audaz.	0	CoMeta	ES	CoMeta:2997
El mismo año resulta ganador del de el Premio Félix Urabayen por su novela La senda de los elefantes, que ya había sido postulada anteriormente, con otro nombre, a otro concurso literario.	0	CoMeta	ES	CoMeta:1990
Sin embargo, el presidente de la CIU dijo que compartía algunas de las medidas adoptadas por el presidente Jorge Batlle, como el recorte del gasto público y las desregulaciones, pero advirtió de que el año 2000 ' no muestra mejorías y la industria nacional peligra '.	0	CoMeta	ES	CoMeta:3342
Yo sólo sé que en aras a esta garantía del Estado de bienestar de los vascos, hombre, bajarlo bajar lo lo bajan, el 7% este año, como el año pasado.	0	CoMeta	ES	CoMeta:283
' Lo primero de todo es que tanto mi madre como mi hermana siguen mejorando y cada uno dentro de la familia mantenemos nuestras perspectivas, dando gracias por todo lo que tenemos y luchando por las prioridades que de verdad reflejan un valor auténtico ', subrayó Agassi.	1	CoMeta	ES	CoMeta:3115
' Se llevó a cabo una reforma al marco legal del mercado de valores para proporcionar una mayor seguridad jurídica y transparencia a las operaciones, aunque también otros aspectos exógenos influyeron en el éxito ', señaló Croissier.	1	CoMeta	ES	CoMeta:2181
Por su parte, el capitán brasileño, Ricardo Acioly, ha vuelto a confiar en Kuerten y Fernando Meligeni para enfrentarse enfrentar se al equipo ' aussie '.	0	CoMeta	ES	CoMeta:3136
Buen año el de 1992 para la Nao de China, o para el Galeón de Manila, o para el Galeón de Acapulco, que tanto monta.	0	CoMeta	ES	CoMeta:515
Pero partió a la carrera alegando urgencia biológica y no me obedeció.	0	CoMeta	ES	CoMeta:525
Los niños la empezaron a saludar, le llevaban comida a escondidas de sus padres y le regalaban ropa.	0	CoMeta	ES	CoMeta:2702
¿Para qué investigar?	0	CoMeta	ES	CoMeta:1946
Lo dije, y así lo estamos haciendo, estamos mejorando la gestión y actuando con transparencia, y la prueba está en manos de este Parlamento, al que hemos remitido toda la documentación correspondiente a los nueve primeros meses del año.	1	CoMeta	ES	CoMeta:2251
Todo lo demás es catequesis.	0	CoMeta	ES	CoMeta:676
Y aun cuando la olvidemos, como hemos olvidado a todos los demás héroes anónimos, es gracias a ella, y a gentes como ella, que la humanidad puede perseverar en el sueño de la felicidad y la razón.	0	CoMeta	ES	CoMeta:1085
' Tampoco puede olvidarse olvidar se que el submarino se haya enclavado en lo que constituye territorio histórico de Andalucía, que una vez que vuelva a la soberanía española se integrará en la comunidad autónoma como territorio histórico conforme a lo dispuesto en el Estatuto de Autonomía ', agrega el consejero en su carta.	1	CoMeta	ES	CoMeta:2161
Por su parte CINCO DIAS titula en portada ' Villalonga normaliza las relaciones con el núcleo estable de Telefónica ', ' La UE y EEUU quieren iniciar una nueva ronda comercial este año ', ' Las gasolineras amenazan con cierres parciales ', ' La Bolsa cae el 6,8% en mayo y pierde un 8,2% en el año ', ' Bruselas propone un mercado único de los fondos de inversión '.	0	CoMeta	ES	CoMeta:2484
Sin embargo, como no será retroactiva al a el 1 de enero, aquellos empleados que hayan tenidos deducciones en el primer semestre no serán beneficiados con los reintegros.	0	CoMeta	ES	CoMeta:1733
Como se ve si una de las dos fuerzas fallase los acontecimientos se sucederían muy repentinamente hasta volver a recuperar el equilibrio.	0	CoMeta	ES	CoMeta:867
De los seis candidatos que buscan la presidencia de México, solamente el oficialista Francisco Labastida, y el conservador Vicente Fox, de la Alianza por el Cambio, tienen mayores posibilidades de ganar las elecciones, según la mayoría de los sondeos de opinión difundidos en los últimos dos meses.	0	CoMeta	ES	CoMeta:2208
EDF tiene previsto invertir 194 millones de euros (186 millones de dólares) en la central de Río Bravo, con una potencia de 495 megavatios, y 134 millones de euros (28 millones de dólares) en Saltillo, que como la primera funcionará con gas natural y cuya potencia prevista es de 247 megavatios.	0	CoMeta	ES	CoMeta:3093
Antonia abrió la ventana de par en par y se dejó caer en la descolorida butaca de la coqueta.	0	CoMeta	ES	CoMeta:2989
Tres años después contendió por la gubernatura del de el estado de Guanajuato, contra el candidato del de el PRI Ramón Aguirre Velázquez, ex regente del de el Departamento del de el Distrito Federal, en el gobierno de Miguel de la Madrid Hurtado entre el 1 de diciembre de 1982 y el 30 de noviembre de 1988.	0	CoMeta	ES	CoMeta:2825
Desaparecen en muchas ocasiones los contrafuertes, sobre todo en los ábsides, que adoptan así una característica planta octogonal, con muros anchos que permiten sujetar los empujes y dar espacio a las decoraciones de ladrillo resaltado.	0	CoMeta	ES	CoMeta:823
Por eso podemos destacar que en el ámbito de la justicia juvenil en Euskadi la reincidencia solamente se produce en niveles por debajo del 20%, esto en un seguimiento de cuatro años que es el que está establecido en el propio plan para hacer el seguimiento de los jóvenes infractores.	1	CoMeta	ES	CoMeta:2920
La izquierda, como magníficamente describiera Jean François Revel, ha ganado la batalla de las ideas: la mayoría, embrutecida por la ceguera ideológica, valora las buenas intenciones de los utópicos por encima de sus nefastos resultados.	1	CoMeta	ES	CoMeta:1276
El Deportivo de La Coruña tenía la oportunidad de sentenciar prácticamente la Liga a su favor en el estadio del Rayo Vallecano, pero cayó derrotado (2-0) y mantiene vivo los sueños de éxito de Real Madrid, Barcelona y Zaragoza.	1	CoMeta	ES	CoMeta:1634
Muchos de los que estáis hoy aquí conocisteis a Miguel Ángel.	0	CoMeta	ES	CoMeta:2751
El libro que leemos intenta explicarlo explicar lo, pero sin exagerar las posturas de tirios y troyanos.	0	CoMeta	ES	CoMeta:3566
Son, en su mayoría, indígenas que bajaron de los Andes huyendo del hambre, del atraso y la tuberculosis; quisieron llegar a la ciudad, pero quedaron varados en las afueras, a una decena de kilómetros, en los sórdidos arenales que rodean Lima, en donde plantaron sus chabolas, precarios tenderetes de cartón y cajones astillados.	1	CoMeta	ES	CoMeta:1529
Las reservas en oro se valoran en base a 300 dólares estadounidenses por cada onza troy de oro.	0	CoMeta	ES	CoMeta:1794
- Ninguna posibilidad - respondió -.	0	CoMeta	ES	CoMeta:2119
Qué dos años aquellos, la etapa rafaelista, cuando ella aguardaba cada día el ruido de las llaves del vecino.	0	CoMeta	ES	CoMeta:1849
Después de horas y horas andando por la mina empieza a oír un inmenso estruendo, y ve a lo lejos un tren minero precipitarse precipitar se, la arqueóloga huye despavorida hasta poder refugiarse refugiar se del de el tren maldito, donde encuentra una cueva con los mineros perdidos.	0	CoMeta	ES	CoMeta:495
El Real Madrid ascendió al segundo puesto de la tabla con un triunfo por 0-1 ante el Zaragoza en La Romareda, donde el equipo aragonés llevaba más de un año sin perder, desde el 13 de marzo de 1999 (0-1 ante el Celta).	0	CoMeta	ES	CoMeta:1015
La columna es alargada y denticulada, la antera ventral contiene un par de polinias flanqueados por otro pequeño par, teniendo en total cuatro polinias.	0	CoMeta	ES	CoMeta:920
Y en este sentido nuevamente hacemos este llamamiento para que todos podamos hablar del presente, de la situación sanitaria pero también de la situación económica y del futuro de nuestro país.	0	CoMeta	ES	CoMeta:262
Por su parte, la embajada británica en Buenos Aires emitió otro comunicado en el que reconoció que los cinco buques de bandera argentina ' se encontraban pescando en su propia zona económica exclusiva y fuera del límite de la Zona Externa de Conservación ' en torno al archipiélago.	0	CoMeta	ES	CoMeta:1384
María Antonia Lucena nació el 24 de diciembre de 1948 en Málaga, está casada, tiene dos hijos, es licenciada en Ciencias Políticas por la Universidad Complutense de Madrid y pertenece al Cuerpo Técnico Superior de la Administración de la Seguridad Social.	0	CoMeta	ES	CoMeta:86
La extracción de oro ascendió a un 16.7% y la minería metálica no ferrosa disminuyo un 3.4% en el mes de enero del de el 2012.	0	CoMeta	ES	CoMeta:2409
El álbum alcanzó una pequeña popularidad, lanzando solo dos singles: ' Hurt You So Bad ' y ' Drowning '.	1	CoMeta	ES	CoMeta:2268
Zubía explicó que, además del ' vertiginoso avance tecnológico ' de los últimos años, el desprestigio sufrido por la Formación Profesional (FP) ha provocado un abandono de estos oficios en favor de una concentración de estudiantes en carreras universitarias de bajo o muy bajo grado de inserción laboral, como el Derecho o Psicología.	1	CoMeta	ES	CoMeta:942
Hasta principios del de el siglo XX, la isla contaba con una aldea de colonos que labraban sus tierras: se sitúa al a el lado del de el pequeño embarcadero, en la parte sur de la isla, y hoy aún se ven los restos de las casas entre la exuberante vegetación.	0	CoMeta	ES	CoMeta:2410
Escribió numerosas obras de historia, ensayo, ficción, periodísticas y musicales.	0	CoMeta	ES	CoMeta:3562
Entonces movía la cabeza lentamente y disfrutaba de la tenue caricia que dibujaba aquella pluma casi invisible cuando se decidía a resbalar sobre su piel.	1	CoMeta	ES	CoMeta:29
En serbocroata, monden significa playboy, tipo de la jet-set.	0	CoMeta	ES	CoMeta:290
Y eso no es sólo una Operación Limpieza; eso es, señora Aguirre, limpieza étnica.	1	CoMeta	ES	CoMeta:2899
Toledo manifestó ante la multitud que reunió en la Plaza de Armas de Cañete que esas elecciones son ' ilegítimas ' mientras que la gente coreaba ' queremos nuevas elecciones ', ' no al fraude ', y otras frases de rechazo al régimen de Fujimori.	0	CoMeta	ES	CoMeta:2584
Rammaciotti no descartó que en la Asamblea General de la OEA que se celebrará el 6 y 7 de junio en Windor (Canadá), los cancilleres evalúen ' cómo perfeccionar estos mecanismos ' para que no se conviertan ' en un instrumento para polarizar, erigirse erigir se como jueces o como árbitros en un proceso electoral '	1	CoMeta	ES	CoMeta:241
- - En Maracas Bay - habrá sol?	0	CoMeta	ES	CoMeta:937
Los científicos americanos, necesitados para su carrera de un currículum en constante crecimiento, tienen una regla no escrita publish or perish, publica o perece.	1	CoMeta	ES	CoMeta:276
No obstante, hemos tenido que asumir, a veces con mucho dolor, el sacrificio de nuestra presencia allí y lo hemos asumido en nombre de nuestro interés nacional y de nuestros compromisos con la seguridad de todos.	0	CoMeta	ES	CoMeta:128
En 1812 los románticos españoles inventaron en las Cortes de Cádiz el liberalismo político.	0	CoMeta	ES	CoMeta:1353
También se le concedió el título de Par de Francia.	0	CoMeta	ES	CoMeta:3321
Respecto a la elección de plazas de los médicos internos residentes, que optan tras haber superado las pruebas correspondientes a su primer año de Formación Sanitaria Especializada, lógicamente no se ha podido hacer la elección presencial, como venía siendo casi ya una costumbre y un rito en el Ministerio de Sanidad, por las restricciones que hay a la movilidad en nuestro país.	1	CoMeta	ES	CoMeta:2105
Se parece a la palabra francesa monde, a la esperantista mond ', a las españolas mundo, mundano, mono y mondo, pero no es ninguna de ellas.	0	CoMeta	ES	CoMeta:974
Valle Inclán me decía: - Allí donde está el fuego allí está Dios.	0	CoMeta	ES	CoMeta:1140
Y si necesitáramos en el futuro de la prórroga del estado de alarma, yo espero que los partidos abandonen esa estrategia ventajista, asuman su propia responsabilidad y sean capaces de ver que el esfuerzo realizado no puede quedar en nada, porque si hubiera sido por algunas formaciones políticas, este domingo cada uno hubiera salido de su casa como le hubiera parecido y hubiéramos estado en una situación real de riesgo de rebrote, de riesgo de contagio, sin importar todo el trabajo previo que se ha realizado de contención de este virus.	1	CoMeta	ES	CoMeta:2740
Además en las elecciones generales celebradas hoy el PP consolidó su entrada en las localidades del denominado ' cinturón rojo ' del sur de Madrid, en el que comparte victorias y derrotas con el PSOE, que sin embargo sigue siendo el partido más votado en el cómputo global de esta zona.	1	CoMeta	ES	CoMeta:1988
Malgastaban las horas sobrantes cosiendo en la ropa del muerto los botones que nunca habían tenido tiempo de reponer, planchaban y volvían a planchar sus camisas de puños y cuellos de parafina para que siempre estuvieran perfectas.	1	CoMeta	ES	CoMeta:877
Recuerdo un relato de Borges en el que se hablaba de un hombre que era capaz de decapitar una rata con los dientes.	0	CoMeta	ES	CoMeta:3347
Y la decisión se ha tomado conjuntamente con las Comunidades Autónomas en estas reuniones bilaterales.	0	CoMeta	ES	CoMeta:541
Y fíjese que lo ha hecho además a través de dos trampas que ha diseñado.	1	CoMeta	ES	CoMeta:2962
En La Coruña, José Carrillo, secretario general de UGT de la provincia y miembro del comité de empresa de Santa Bárbara, expresó su temor ante la posibilidad de que la venta encubra una operación especulativa '.	0	CoMeta	ES	CoMeta:2338
Quejas de todo tipo se han presentado a las autoridades en relación con las multas por exceso de velocidad.	0	CoMeta	ES	CoMeta:2360
El jefe del Gobierno bávaro, Edmund Stoiber, se pronunció hoy por una suspensión de los fondos de cohesión para países como España, a fin de poder financiar la ampliación de la UE al Este, y reiteró que convendría consultar al pueblo sobre dicha ampliación.	0	CoMeta	ES	CoMeta:1936
También es anfitriona junto a Miguel Bosé de la Gala del de el Sida que se celebra todos los años en Barcelona el Día Mundial del de el SIDA.	0	CoMeta	ES	CoMeta:995
Por su parte, un grupo médico de la Cruz Roja manifestó que lo que más afectaba a los cautivos, entre los que se encuentran cinco mujeres, es el ambiente deprimente en el que viven.	0	CoMeta	ES	CoMeta:3213
Su recuerdo quedó sepultado en el fondo de mi conciencia, y hoy, al redactar estas páginas, John Erskine me ha acompañado.	1	CoMeta	ES	CoMeta:1937
Las afirmaciones de Musa, a quien cita hoy, lunes, la prensa local, coinciden con la presencia estos días en Egipto de una delegación de especialistas de las Naciones Unidas para tratar con las autoridades de este país sobre las posibilidades de eliminar esos artefactos en el territorio egipcio.	0	CoMeta	ES	CoMeta:1667
Y en la mayor parte de la prensa española, ni aparece.	0	CoMeta	ES	CoMeta:779
El presidente estadounidense tomó buena nota de las preocupaciones europeas reiteradas por Schroeder, es decir, que el sistema antimisiles pone en peligro la cohesión de la Alianza y puede dar lugar a una nueva carrera armamentista.	1	CoMeta	ES	CoMeta:386
Su potencia, resistencia y dominio le convirtieron rápidamente en uno de los jugadores clave del de el club londinense.	1	CoMeta	ES	CoMeta:397
El gobernador mostró a los periodistas un golpe leve sufrido en la cabeza y un pequeño sangrado en el labio superior, causados por las piedras y naranjas arrojadas por los manifestantes.	0	CoMeta	ES	CoMeta:2699
No aguanté más.	0	CoMeta	ES	CoMeta:1765
Y ahora, María Angélica, tire al cubo de la basura uno de los dos Jesuses y dedíquense dediquen se a montar el nacimiento.	0	CoMeta	ES	CoMeta:1451
' Hay algo que debemos decidir en noviembre, el control de la mujer sobre su propio cuerpo y sobre su vida.	0	CoMeta	ES	CoMeta:1734
Y, dada la gravedad de la situación de la pandemia en Europa y en España, dada la eficacia contrastada de la herramienta constitucional de Estado de Alarma para su lucha contra la pandemia, dada la petición también mayoritaria de las CC.AA para su entrada en vigor, solicito formalmente a todos los grupos parlamentarios que esta excepcional medida cuente con el abrumador respaldo parlamentario en esta semana que viene.	1	CoMeta	ES	CoMeta:1683
Desde el punto de vista epidemiológico, los expertos dicen que las razones para su aprobación están plenamente justificadas.	0	CoMeta	ES	CoMeta:1912
La estatua en mármol Lamentación fue adquirida el año siguiente por el estado de Sajonia para el Museo de Leipszig, y en 1918 el Museo Albartinum de Dresden compró el busto de Max Liebermann y el Ministerio del de el culto prusiano su grupo Sansón con el león, para la iglesia evangélica Alemana en Roma.	0	CoMeta	ES	CoMeta:3489
Promueve los procesos de negociación que permitan acabar con los conflictos regionales, y se apoya iniciativas sobre el control, reducción y tráfico de armamento.	0	CoMeta	ES	CoMeta:221
- No es eso - intentó explicar mi hijo tras unos momentos de reflexión -.	0	CoMeta	ES	CoMeta:2758
José Luis participa en representación del de el Grupo en las conversaciones auspiciadas por el histórico dirigente nacionalista Telesforo Monzón.	0	CoMeta	ES	CoMeta:2676
Cabe mencionar que dicho establecimiento no contaba con licencia de funcionamiento municipal, ni certificado de Defensa Civil.	0	CoMeta	ES	CoMeta:2646
Y Orion es Orión, el gigante mítico, y también la constelación.	0	CoMeta	ES	CoMeta:403
Tras el examen preliminar de la documentación presentada, los servicios de competencia de la Comisión Europea estiman que la operación podría entrar dentro del campo de aplicación de la reglamentación comunitaria sobre concentraciones.	1	CoMeta	ES	CoMeta:248
Son animales de hábitos nocturnos o crepusculares.	0	CoMeta	ES	CoMeta:1649
Pero su destino era fatal y la mujer lo atrapó antes de que llegara a la puerta.	0	CoMeta	ES	CoMeta:2982
También el Banco Comercial Checoslovaco (CSOB), adquirido por el banco belga KBC y el Banco de Inversiones y Postal (IPB) (de Nomura) preparan una reducción moderada de sus plantillas.	0	CoMeta	ES	CoMeta:1389
- Con nosotros no se trata del sexo sino del seso.	0	CoMeta	ES	CoMeta:447
P. - Buenas tardes ministro, Irene desde redacción médica.	0	CoMeta	ES	CoMeta:1018
Con Pablo Mackenna como invitado, transmitieron un capítulo especial en el que exhibieron un especial de Top Five de todos los tiempos, y una nota en la que se reunió material desde los inicios de CQC en Chile, además de entrevistas a sus conductores y noteros parodiando al a el programa de televisión E!	0	CoMeta	ES	CoMeta:784
Manhattan Valley es un barrio localizado en el Upper West Side de Manhattan en la Ciudad de Nueva York, y limita con West 110th Street al a el norte, Central Park West al a el este, West 96th Street al a el sur, y Broadway al a el oeste.	0	CoMeta	ES	CoMeta:3296
Por esta razón, y debido a que los ingenieros encargados de la construcción eran de origen francés, el pueblo tiene como patrón a San Luis Rey de Francia.	0	CoMeta	ES	CoMeta:3532
Debido a esta división se crearon los municipios de San Miguel y Malvinas Argentinas.	0	CoMeta	ES	CoMeta:1837
Clinton y Barak se reunieron hoy jueves en el hotel lisboeta donde se hospeda el primero de ellos, en un nuevo intento por parte de Washington de hacer avanzar el proceso y lograr un acuerdo marco sobre el estatuto final de los territorios palestinos.	1	CoMeta	ES	CoMeta:574
No hay fácil antimilitarismo, sino la vacuidad de lo que se cree trascendente y no es otra cosa que un desierto de soledades.	1	CoMeta	ES	CoMeta:3578
Lamentablemente algunos pobladores realizan explotación furtiva de los bosques dentro de ella, lo que origina un lento pero grave deterioro del de el hábitat.	0	CoMeta	ES	CoMeta:751
Este mercado laboral que tenemos en este momento no se parece en nada al mercado laboral que había escasamente hace 20 años y, evidentemente, las reformas del señor Rajoy trajeron precariedad, empobrecimiento de los trabajadores y para nosotros es fundamental construir esos cimientos que nos permitan un nuevo estatuto para el siglo XXI.	1	CoMeta	ES	CoMeta:3310
Entonces se disiparon todas las dudas, y pudo hacer sin remordimientos lo que la razón le indicó como lo más decente: pasó una esponja sin lágrimas por encima del recuerdo de Florentino Ariza, lo borró por completo, y en el espacio que él ocupaba en su memoria dejó que floreciera una pradera de amapolas.	1	CoMeta	ES	CoMeta:1894
Entonces corría cautelosamente a la mirilla para capturar así un instante de su perfil o la golosa envergadura de sus hombros.	1	CoMeta	ES	CoMeta:1023
' Fuerte con los débiles y débil con los fuertes parece ser la tendencia del Gobierno que hemos calificado como anti dialogante y que nos preocupa más en la medida en que se consolide ', afirma el rector de la UCA, al insistir en que de continuar con esa política ' caminaríamos hacia una democracia autoritaria '.	1	CoMeta	ES	CoMeta:308
Moscú ha firmado un contrato con la filial noruega de la empresa norteamericana Halliburton para intentar el rescate, aunque altos mandos de la Armada creen que en todo caso sólo podrá recuperarse recuperar se entre el 20 y el 30 por ciento de los cuerpos.	1	CoMeta	ES	CoMeta:1815
Al igual que nuestro país, toda Europa ya está tomando medidas para limitar la movilidad y, también, los contactos personales que son las razones de mayor contagio, como hemos aprendido durante estos últimos meses.	0	CoMeta	ES	CoMeta:2254
A raíz de eso se decidió alargar la gira incluyendo Escandinavia, Bélgica, Francia e incluso actuaron una vez para el rey Jorge VI y la Reina Isabel.	0	CoMeta	ES	CoMeta:401
Y sí decirle decir le que, evidentemente, el Ministerio de Hacienda escucha a las CC.AA. y hay algunas cuestiones que se les han planteado, que estamos trabajando.	1	CoMeta	ES	CoMeta:207
Pero mis hijos habían cerrado las puertas y me miraban fijamente.	0	CoMeta	ES	CoMeta:2671
Según aquella comisión, en ese país el empleo de la mano de obra forzosa es una ' práctica sistemática que ignora por completo la dignidad humana, la seguridad y la salud de la población '.	0	CoMeta	ES	CoMeta:2214
La salud de las 31 personas retenidas en el Parlamento desde el 19 de mayo por un grupo de hombres armados que intentan consolidar una intentona golpista ha comenzado a resentirse resentir se por la tensión en la que viven, según un equipo de médicos que los pudo visitar hoy jueves.	0	CoMeta	ES	CoMeta:60
La Asociación de Semilleros Argentinos (ASA) es una asociación civil, con personería jurídica y sin fines de lucro creada en 1949 con los objetivos de promocionar el desarrollo de la industria de semillas de Argentina, representar al a el sector ante organismos oficiales, cooperar en materia de investigación, producción y desarrollo tecnológico, creando el ámbito óptimo para el desarrollo y crecimiento de la actividad.	1	CoMeta	ES	CoMeta:382
María Angélica se puso pálida y musitó cualquier disculpa para no hacerlo hacer lo.	0	CoMeta	ES	CoMeta:3086
Hace 14 años visité uno de estos asentamientos, y creo recordar que fue precisamente Villa El Salvador.	0	CoMeta	ES	CoMeta:968
Señor Pastor, quiero comenzar diciendo que el Gobierno está actuando con absoluta transparencia y nuestro compromiso es cumplir, tanto las propuestas o las iniciativas presentadas directamente por mí, como también los acuerdos adoptados en esta Cámara el día 7 de julio.	1	CoMeta	ES	CoMeta:681
En el área dedicada a la movilidad del de el futuro también estará presente -- a pesar de que prácticamente con la visión de ' realidad aumentada ' -- el elemento Lamborghini Sexto, el coche concepto construido enteramente de carbono, el resultado de la investigación de Automobili Lamborghini en el uso de materiales compuestos.	0	CoMeta	ES	CoMeta:1664
Y también corresponde a las CC.AA. escoger el perfil de sanitarios, de profesionales que tienen que hacer las labores de vigilancia activa, mejor, de vigilancia de casos (es una expresión que preferimos a la más común o popular, de ' rastreadores ').	1	CoMeta	ES	CoMeta:1989
Lo peor que puede ser un hombre en España no es pobre, ni imbécil, ni ridículo, ni feo, sino desmazalado.	0	CoMeta	ES	CoMeta:1971
Tampoco vigilaron la segunda vuelta de las elecciones los observadores internacionales, que se retiraron del país después que el jurado electoral rechazó su recomendación para aplazar los comicios y corregir las irregularidades en el proceso, ya que pedían más tiempo para evaluar el programa de cómputo de votos utilizado el domingo.	0	CoMeta	ES	CoMeta:875
Esta barrera esencialmente divide el lago en dos partes: una de agua salobre perenne y la otra, de agua dulce alimentada por los ríos que drenan en el lago.	1	CoMeta	ES	CoMeta:1642
- - Las llaman Los Siete Magníficos y fueron construidas a comienzos de siglo por las siete familias más ricas de la - ciudad.	0	CoMeta	ES	CoMeta:240
Les comunico que el Mendicutti ya está mucho mejor, bastante recuperado de la fase mustia de la ciclotimia, razonablemente japi por el comportamiento de público y crítica con su último buk (Los novios búlgaros, por si alguien no se ha enterado) y veri contento con el hijo honoriscausa que le acaba de nacer; un hijo búlgaro, por cierto, fíjense fijen se qué casualidad.	0	CoMeta	ES	CoMeta:674
La duración de cada juego es corta.	0	CoMeta	ES	CoMeta:1552
En el año 2007 sacan su segundo disco en vivo el cual obtiene mucho éxito, incluso un disco Doble Platino tras vender 2.000.000 copias en Estados Unidos.	0	CoMeta	ES	CoMeta:8
Incluso logró alcanzar un acuerdo con los socialdemócratas que permitía sus actividades, muy restringidas, a cambio de grandes concesiones.	1	CoMeta	ES	CoMeta:1599
Consiste en ser, en definitiva, de los que abren caminos frente a los que levantan fronteras.	1	CoMeta	ES	CoMeta:1086
Más de 1.200 candidatos se presentarán a las elecciones, cuya celebración coincidirá con los 63 años de edad que cumpliría el ex primer ministro Keizo Obuchi, fallecido el 14 de mayo víctima de una hemorragia cerebral.	0	CoMeta	ES	CoMeta:3211
Avanzar de edad permite tener acceso a nuevas unidades, edificios y tecnologías.	1	CoMeta	ES	CoMeta:3215
Siempre nos han tratado como si estuvieramos en casa, el restaurante es magnifico, no os perdais el estofado de carrilleras, ni la degustacion de postres, claro acompañado de un vino Mayor de Migueloa.	0	CoMeta	ES	CoMeta:1863
Yo sólo sé que......que hay que subirlas subir las, o dos, que habrá que ajustar, recortar –o llámelo usted como quiera– las prestaciones sociales.	0	CoMeta	ES	CoMeta:1168
Y han cumplido con el presupuesto, tiempo y forma.	0	CoMeta	ES	CoMeta:1732
La justicia social, defendida por la corporación gremial, convirtió a los ' maestros ' en ' trabajadores ' de la educación.	0	CoMeta	ES	CoMeta:2853
La Comunidad Autónoma de Murcia.	0	CoMeta	ES	CoMeta:2992
Los perros en cambio - - nacionalistas obtusos - - me gruñen.	1	CoMeta	ES	CoMeta:3208
El relato más completo lo proporciona Plutarco, según el cual los persas habían echado anclas en la desembocadura del de el Eurimedonte esperando la llegada de 80 naves fenicias procedentes de Chipre.	0	CoMeta	ES	CoMeta:2276
El equipo vasco, tras caer derrotado en terreno del Mallorca (2-0), ya lleva cinco jornadas sin vencer, mientras que el Celta, que cedió un empate en casa frente al Numancia (0-0), encadena seis sin saborear una victoria.	1	CoMeta	ES	CoMeta:2711
Protagonizó esta cumbre la detención en Londres del general chileno Augusto Pinochet por orden de la justicia española, acusado de torturas y genocidio.	1	CoMeta	ES	CoMeta:2942
El almirante Vladímir Kuroyédov, comandante de la Armada rusa, dijo antes de la reunión que aunque la hipótesis de la colisión era la más probable, la comisión analizaba ' tres versiones ' más.	0	CoMeta	ES	CoMeta:1993
Los equipos restantes juegan entre sí por los puestos 13 a 16.	0	CoMeta	ES	CoMeta:634
Entonces decidió cambiar de perspectiva: desprestigió a la heroína devolviéndola devolviendo la a su hogar y la convirtió en una mujer común, salvo en su soberana belleza.	0	CoMeta	ES	CoMeta:777
Otro engaño del cuerpo, según ellos.	0	CoMeta	ES	CoMeta:1215
Aunque en el recuento de daños se habla de un aproximado de $ 250,000.	0	CoMeta	ES	CoMeta:891
Unidos conseguiremos de nuevo vencer al virus en esta segunda ola.	1	CoMeta	ES	CoMeta:239
Pues se equivoca.	0	CoMeta	ES	CoMeta:2372
En febrero de 1884 Christian Schmidt murió a la edad de 39 años.	0	CoMeta	ES	CoMeta:3013
Digo muchas cosas en las páginas siguientes y en primera persona.	0	CoMeta	ES	CoMeta:2220
El equipo ecuatoriano ya tuvo la oportunidad de enfrentarse enfrentar se a otro grande de las eliminatorias, como ellos calificaron a Brasil, en Sao Paulo, ante el que perdieron 2-3 jugando un buen partido.	1	CoMeta	ES	CoMeta:249
Como España, países como Alemania, Francia, Bélgica, Irlanda o Italia, por citar algunos, han implementado limitaciones que afectan a los horarios de circulación, a la frecuentación de establecimientos públicos y, como he sostenido desde el inicio de la pandemia, el Estado de Alarma es la herramienta constitucional para situaciones extremas.	1	CoMeta	ES	CoMeta:3063
Se habla sobre todo de las emociones que rodean a los niños, que son los personajes principales.	1	CoMeta	ES	CoMeta:1284
El verdadero blasfemo es el agnóstico porque negándose negando se a conocer - - o tratar de - - quiere eludir el mayor problema.	0	CoMeta	ES	CoMeta:234
Con la compra de acciones en CGO, Autopistas Concesionaria Española (ACESA), filial del grupo financiero catalán La Caixa y que constituye la mayor operadora de rutas con peajes de España, presente también en Portugal e Italia, pone un pie en Latinoamérica.	0	CoMeta	ES	CoMeta:205
' La ayuda que nos han enviado la comunidad internacional y los países involucrados en la guerra de Al Alamin, en el Desierto Occidental, (Gran Bretaña, Alemania e Italia) es muy limitada ', dijo Musa.	0	CoMeta	ES	CoMeta:2392
El político socialcristiano cree, sin embargo, que hay que poner límites a la ampliación, y defiende que no se incluya a Turquía, porque Europa acabaría lindando con Irak e Irán, y que se puede asimilar Ucrania pero no Rusia.	0	CoMeta	ES	CoMeta:1952
Para nada esto es un debate jurídico.	0	CoMeta	ES	CoMeta:2059
Los responsables del de el sitio web negaron a posteriori que dichos mensajes constituyeran amenazas contra los dibujantes, aunque ampliamente se percibió como tal.	1	CoMeta	ES	CoMeta:2175
Aprietas un botón y te vas al norte.	0	CoMeta	ES	CoMeta:644
El taxista contemplaba su negociación a distancia, con la sonrisa a medio camino entre una reflexión interior sobre la voluntad de fiesta del extranjero y el saludo al cliente de todas las mañanas.	0	CoMeta	ES	CoMeta:232
El coordinador de IU-LV-CA informó de que más del 90 por ciento del consumo corresponde a energías no renovables e importadas, lo que supone, según sus cifras, un gasto anual de medio billón de pesetas, y lamentó que España no explote más la energía solar, ' cuando países con menos luz diaria como Alemania u otros como Grecia tienen esta industria mucho más avanzada '.	1	CoMeta	ES	CoMeta:2080
Casualmente, Toni participó hoy en una sesión fotográfica en el estadio Vicente Calderón junto a Molina organizada por el patrocinador de la selección española.	0	CoMeta	ES	CoMeta:328
Portavoz: En relación con la siguiente pregunta, sí decirle decir le que es la primera vez que el Gobierno de España pone encima de la mesa un fondo de estas características, 16.000 millones de euros añadidos al Sistema de Financiación Autonómica para intentar ayudar a las CC.AA. y que no sean ellas las que incrementen su déficit o su deuda, sino que se lo queda el Gobierno de España y por tanto para intentar mantener saneadas las cuentas públicas de una administración que tiene la responsabilidad de administrar el Estado del Bienestar en algo tan importante como la sanidad, como la educación o los servicios sociales.	1	CoMeta	ES	CoMeta:761
A fin de cuentas la que cocinaba era ella, qué caramba.	0	CoMeta	ES	CoMeta:280
El Mendicutti, como está mustio desde el domingo, ni me pestañea.	1	CoMeta	ES	CoMeta:2437
Según las descripciones antiguas, Curtea Veche estaba situada en una colina bastante alta, rodeada por la orilla sur del de el Río Dambovita, y fuertes muros en los puntos cardinales.	0	CoMeta	ES	CoMeta:278
Además, este primer triunfo ha llegado en el mejor momento por todo lo que ha pasado.	1	CoMeta	ES	CoMeta:2765
Los empresarios que fracasen en la aventura de lanzar un negocio también podrán beneficiarse beneficiar se del Care.	1	CoMeta	ES	CoMeta:963
No sé si también contempla que la enfermería tome un papel relevante la atención primaria.	1	CoMeta	ES	CoMeta:1653
Imagínense Imaginen se.	0	CoMeta	ES	CoMeta:491
El supervillano de las historietas DC, Monocle, es un óptico que crea un monóculo que puede emitir rayos destructivos, de ahí el motivo de su nombre.	0	CoMeta	ES	CoMeta:2333
Toledo no participó al denunciar que persistía el mismo montaje de fraude que, según señala, se orquestó en su contra en la primera vuelta celebrada el 9 de abril para perpetuar a Fujimori en el poder.	1	CoMeta	ES	CoMeta:1008
¿No hay otra playa en esta isla?	0	CoMeta	ES	CoMeta:2371
Londres tuvo su continuidad con la Conferencia de Kabul del 22 de julio, en la que el Gobierno afgano presentó sus programas de aplicación de los compromisos adquiridos, porque ahora le toca al Gobierno afgano demostrar que se toma absolutamente en serio estos importantes retos, que es capaz de avanzar en su consecución y que es capaz, en particular, de luchar contra la corrupción y el tráfico de estupefacientes, y a favor de la estabilidad y el fortalecimiento institucional.	1	CoMeta	ES	CoMeta:2435
Esta misma semana, la prensa achacó a la negligencia de las autoridades la muerte de 162 mineros por una explosión de gas en la mina de carbón de Muchonggou, el pasado 27 de septiembre.	0	CoMeta	ES	CoMeta:162
Las labores de construcción han sido gestionadas por la empresa de construcción segoviana Maratón Segovia.	0	CoMeta	ES	CoMeta:2536
Desgraciadamente la situación de pandemia ha obligado a que el Diálogo Social se haya orientado a frenar esta hemorragia, que nos tiene que permitir, si me permiten el símil, estabilizar al paciente, que no sigamos teniendo ese riesgo de que personas salgan despedidas del mercado laboral y que podamos, de forma progresiva, ir recuperando la normalidad que teníamos en el mes de enero.	1	CoMeta	ES	CoMeta:335
Esta idea corresponde bastante a la etimología del de el nombre pero se concilia mal con lo que dice San Gregorio.	0	CoMeta	ES	CoMeta:1717
Illa.- Muchas gracias Irene por sus dos preguntas.	0	CoMeta	ES	CoMeta:2692
- - El embalse de agua.	0	CoMeta	ES	CoMeta:3444
- - Son tan raros, los hombres.	0	CoMeta	ES	CoMeta:2315
Pero le echaba en falta.	0	CoMeta	ES	CoMeta:2141
A veces, cuando había película, Antonia se asomaba al patio para ver de qué color era el traje de la protagonista.	0	CoMeta	ES	CoMeta:1295
' Ahora ya no existen intermediarios, ni amigos de los partidos que gobiernan, ni Filesas, ni consideraciones de otro tipo que afecten a las decisiones del Gobierno ', agregó.	0	CoMeta	ES	CoMeta:1068
Una vez que el conquistador reunía suficiente oro, era frecuente que se volviese a España a disfrutar de su fortuna.	0	CoMeta	ES	CoMeta:836
Mikako Kotani, medallista olímpica y componente de la Ejecutiva del OBC, natural de Tokio pero cuya madre es de Osaka, ensalzó la amabilidad del pueblo de esta ciudad, que ' adora el deporte ' y tiene ' un gran deseo de amistad ', al margen de ' mucha energía a disposición de los Juegos '.	0	CoMeta	ES	CoMeta:2743
En el caso de la agroindustria avícola, millares de pollitos han sido regalados o arrojados en las carreteras por los empresarios de Santander.	0	CoMeta	ES	CoMeta:2933
El Museo de Bellas Artes de Turkmenistán y otros museos de Balkanabat han adquirido sus obras.	0	CoMeta	ES	CoMeta:1286
El presidente estadounidense habló por teléfono este miércoles con Arafat, para conocer su punto de vista de la situación.	0	CoMeta	ES	CoMeta:977
» El dueño de la disquera, Laureano Rojas, al a el escuchar la grabación determinó que debían grabar con la misma cholita.	0	CoMeta	ES	CoMeta:1087
Los abogados de Microsoft aseguran que la división de la firma disminuiría gravemente su capacidad para competir en el mercado de los programas informáticos.	0	CoMeta	ES	CoMeta:1621
En particular se definieron cuatro niveles de riesgo que me gustaría volver a recordarles recordar les a todos ustedes.	0	CoMeta	ES	CoMeta:536
Saludos y Disfruten de NY.	0	CoMeta	ES	CoMeta:3339
En ella expresa su admiración por la capacidad de nuestras tropas de trabajar conjuntamente con las fuerzas armadas afganas y las autoridades locales.	1	CoMeta	ES	CoMeta:2643
Como parte de la fusión, la compañía fundada en 1997 por De Pury y Daniella Luxembourg, que era hasta esa fecha presidenta adjunta de Sotheby's en Suiza, se convertirá en una subsidiaria de Phillips y continuará sus actividades en Ginebra, donde está su sede.	1	CoMeta	ES	CoMeta:1228
El liberalismo tuvo cierta influencia idealista, pero la bragueta inundó el mundo.	1	CoMeta	ES	CoMeta:1872
Los mejicanos que entran ilegalmente en California tienen que vérselas ver se las con la policía de emigración a la que nombran con una palabra que tiene su dosis de magia: la migra.	1	CoMeta	ES	CoMeta:3382
La ubicación no es centrica pero sin embargo en Santiago estas a un paso de todo y desde el hotel en 15 minutos andando llegas al a el centro.	1	CoMeta	ES	CoMeta:3079
Nava García indicó que en 1999 las autoridades migratorias deportaron a unas 120.000 personas, la gran mayoría de origen centroamericano que buscan llegar a Estados Unidos.	0	CoMeta	ES	CoMeta:297
Portavoz: Y en relación con la siguiente pregunta, creo que he intentado expresarlo expresar lo en algunas de las preguntas de sus compañeros: este Gobierno ha tenido que pactar con el conjunto de fuerzas políticas porque pareciera, se ha dado la falsa sensación, de que la responsabilidad en preservar la salud de los ciudadanos, en poner en marcha políticas públicas de protección de la salud, era exclusivamente una responsabilidad del Gobierno, cosa que es absolutamente falsa.	1	CoMeta	ES	CoMeta:38
La tira pintada pasa bajo el cristal, pero ya no es un rey lo que vemos, sino los ridículos tintes que sabemos propios del monigote, disociados ahora de la grandeza real; la reina no es la dama hierática, sino que, a la luz de una raya roja que se entrevera con otra verde, pierde su peplo blanco y aparece en la distorsión chabacana de las comadres.	0	CoMeta	ES	CoMeta:1877
No se carga en cuenta..	0	CoMeta	ES	CoMeta:2544
El director del Departamento del Medio Ambiente de esta ciudad, Manuel Herrera, dijo a los periodistas que las obligaciones en favor de la ecología por parte de la empresa fueron confirmadas en 1995.	0	CoMeta	ES	CoMeta:2306
Se aprobó el compromiso de trabajar a largo plazo por estrategias globales, regionales y nacionales coherentes ante los desequilibrios de la economía mundial.	1	CoMeta	ES	CoMeta:409
Respecto a la enfermería, el personal de enfermería ha hecho una labor magnífica durante esta etapa de lucha contra la pandemia, ha sido un colectivo de profesionales sanitarios que han demostrado un comportamiento ejemplar y por tanto quiero empezar teniendo un reconocimiento a su labor, que es fundamental, fundamental, fundamental en toda la labor de asistencia sanitaria.	1	CoMeta	ES	CoMeta:300
En el episodio, la madre de Phineas y Ferb finalmente descubre lo que sus hijos hacen mientras ella no está... pero todo termina siendo un sueño de Perry de Candace.	0	CoMeta	ES	CoMeta:2202
Lathan recibió la nominación al a el Tony Award a la mejor actuación por su interpretación de Beneatha Younger.	0	CoMeta	ES	CoMeta:873
Yo quiero decir, en primer lugar, que la acción de gobierno de la derogación de la reforma laboral se llama Estatuto de los Trabajadores.	0	CoMeta	ES	CoMeta:2072
A través de las ventanillas comenzó el desfile de las palmeras, las plataneras, los mangos, la vainilla trepadora, las jacarandás, troquelados sobre el fondo obsesivo de los cielos grises.	1	CoMeta	ES	CoMeta:3243
Al contrario: es campechana y castiza como una ventera y ha conseguido huir de los cretinos de la jet o de los rancios representantes de la nobleza reaccionaria.	1	CoMeta	ES	CoMeta:542
Mañana, sin ir más lejos, vamos a tener la ocasión de hablar en una nueva conferencia de presidentes telemática, la número 23, que contará también con la presencia, por primera vez en la historia, de la presidenta de la Comisión Europea.	0	CoMeta	ES	CoMeta:1429
El Care ' compromete ' al desempleado a efectuar una ' búsqueda activa de empleo, a presentarse presentar se a los retos profesionales que se le propongan y a entrevistas bimensuales '.	0	CoMeta	ES	CoMeta:281
La viudez la había amargado hasta el punto de no creerse creer se que fuera la misma, y la había vuelto fofa y agria, y enemiga del mundo.	1	CoMeta	ES	CoMeta:1000
Para los responsables de la ciudad, la coincidencia de los diversos eventos, especialmente la visita de Clinton, se convertirá desde el punto de vista logístico en una de las mayores pruebas de fuerza desde el Puente Aéreo de 1948, cuando los norteamericanos abastecieron Berlín desde el aire durante el bloqueo soviético.	0	CoMeta	ES	CoMeta:1513
Los incidentes con zapatos, el lanzamiento de los mismos contra alguien o el hecho de mostrar la suela son incidentes asociados principalmente al a el mundo árabe.	0	CoMeta	ES	CoMeta:1167
El senador del PSOE por Cuenca y viceportavoz socialista de la Comisión de Peticiones del Senado, Luis Ayllón, ha solicitado la comparecencia en la Cámara Alta del ministro de Fomento, Francisco Alvarez Cascos, con el fin de que informe sobre el proyecto de línea de AVE Madrid-Levante.	0	CoMeta	ES	CoMeta:646
Aduana Vieja se ha distinguido por la calidad formal de sus ediciones y para ello ha contado desde sus inicios con la colaboración de importantes maestros de la pintura cubana e ilustradores entre los que se encuentran Baruj Salinas, Ramón Alejandro, Gina Pellón, Pedro Ramón López, Viredo Espinosa, Raúl de Zárate, Tony Évora, Nelson Villalobo, Raúl Villarreal, Carmelo González y Alen Lauzán, por mencionar algunos ejemplos.	0	CoMeta	ES	CoMeta:3336
La empresa Transportes Aéreos Centroamericanos (TACA) fue multada hoy con 1.000 lempiras (669 dólares), porque ' ha volado por un espacio de diez días con un permiso provisional para operar ', dijo el funcionario a radios locales.	1	CoMeta	ES	CoMeta:2225
Alonso, que hoy se desplazó a Talavera de la Reina (Toledo) para presentar el Programa Operativo, preguntado por la demanda que López de Coca ha presentado contra el presidente regional, José Bono, a quien reclama 30 millones de pesetas por lesionar su honor, dijo que ' este señor, ex director general, cesado inmediatamente tras la aparición del escándalo por la entonces ministra, pretende reactivar el asunto del lino '.	1	CoMeta	ES	CoMeta:2881
El trato personal es inmejorable.	0	CoMeta	ES	CoMeta:1239
Estas peticiones son analizadas por los técnicos del Centro de Coordinación de Alertas y Emergencias Sanitarias y por los profesionales de la Dirección General de Salud Pública.	0	CoMeta	ES	CoMeta:2505
Y con determinación, con esfuerzo y con unidad volveremos a doblegar esta segunda ola de la Covid.	1	CoMeta	ES	CoMeta:2678
Así se ha hecho, un análisis técnico profundo y riguroso de estas peticiones y hemos celebrado 19 reuniones bilaterales entre este miércoles y ayer jueves con todas y cada una de las Comunidades Autónomas y las ciudades autónomas de Ceuta y Melilla para valorar estos informes técnicos y compartir la decisión en el marco de este esfuerzo de cogobernanza, de este camino de cogobernanza que está guiando todo este proceso de desescalada.	1	CoMeta	ES	CoMeta:2166
La inteligencia de los robots que responden lógicamente nos causa al mismo tiempo risa y miedo, cosa que no le había sucedido antes a nadie.	0	CoMeta	ES	CoMeta:32
La Comisión Europea invita a las terceras partes interesadas en esta operación a trasmitirle trasmitir le sus observaciones en el plazo de diez días sobre este proyecto de concentración.	0	CoMeta	ES	CoMeta:2735
La ' guerra ' de palabras ha entretenido a muchos mexicanos, mientras que otros exigen que en vez de insultarse insultar se, profundicen en sus programas de gobierno en caso de ganar la presidencia.	1	CoMeta	ES	CoMeta:2271
El 7 de agosto de 2010, un impacto de un Explosivo Improvisado a un CV9035DK en Afganistán dejó como saldo que dos de los soldados que tripulaban uno de estos blindados murieran y 3 resultaran heridos.	0	CoMeta	ES	CoMeta:1226
Y la situación que vivimos es extrema.	0	CoMeta	ES	CoMeta:2717
Si se prescinde de la decencia, el problema está en que el presupuesto del común de los mortales no admite grandes despilfarros, y entonces viene la mar de bien ponerse poner se mariagoretis y regalarle regalar le a Rafael Feria un alfiler de corbata y a Michael Jackson un pai-pai.	1	CoMeta	ES	CoMeta:424
La noticia había caducado.	1	CoMeta	ES	CoMeta:550
Luis Eduardo Chataing (Caracas, 13 de agosto de 1906 -- Caracas, 11 de noviembre de 1971) fue un arquitecto de oficio y matemático venezolano.	0	CoMeta	ES	CoMeta:3537
Me di cuenta de que la formidable responsabilidad, lo que llaman el peso del hogar, caía de súbito sobre mis hombros con la ingencia de una de las piedras que levanta Perurena cuando no está alzando bueyes o limpiándose limpiando se los dientes con un tronco de abeto.	1	CoMeta	ES	CoMeta:472
Este triunfo supuso su comienzo en el mundo de moda.	1	CoMeta	ES	CoMeta:438
P.-La Verdad: Hola, buenas tardes.	0	CoMeta	ES	CoMeta:3040
La delegación afgana regresó a su país convencida de haber recibido la prueba del interés por parte de España en la estabilidad y el desarrollo de Afganistán.	1	CoMeta	ES	CoMeta:3419
El nombre de Gore era el único incluido en la lista oficial de candidatos, por lo que esa propuesta fue una mera formalidad.	0	CoMeta	ES	CoMeta:3549
Edward Kennedy, que fue presentado por su sobrina, aseguró que sólo ha apoyado tanto y con tanto entusiasmo a otros dos candidatos presidenciales: sus hermanos John y Robert.	0	CoMeta	ES	CoMeta:1115
En la pantalla, unos muchachos de pelo tieso, como recién salidos de un susto, se contorsionaban y chillaban lo mismo que si sufrieran un telele.	1	CoMeta	ES	CoMeta:1154
El coste de vidas debe ser el menor posible, pero también debemos proteger nuestra actividad económica y laboral y preservar en la medida de nuestras posibilidades el ritmo de nuestras vidas.	1	CoMeta	ES	CoMeta:2477
Al salir la empleada doméstica, entró a la casa detrás de ella para toparse topar se con el doctor en la sala de su casa y dispararle disparar le tres veces.	0	CoMeta	ES	CoMeta:862
En la conferencia de prensa Pedro Antonio Ríos expresó su deseo de que durante el periodo que falta para las elecciones se hable de alternativas y se hagan propuestas sobre el empleo, la mejora de las condiciones laborales y el modelo de Estado.	0	CoMeta	ES	CoMeta:2939
No bien acabaron de abrir los baúles, desempacar los muebles y desocupar las once cajas que trajo para tomar posesión de ama y señora del antiguo palacio del Marqués de Casalduero, y ya se había dado cuenta con un vahído mortal que estaba prisionera en la casa equivocada, y peor aún, con el hombre que no era.	1	CoMeta	ES	CoMeta:1404
Primero se desvistió entre la húmeda penumbra de unas habitaciones de madera entristecida por la eterna sombra a la que le condenaban las altas palmeras y la corrosión de una humedad goteante en las duchas, perlada aquí y allá en gotas de agua que parecían vivir y reproducirse reproducir se.	1	CoMeta	ES	CoMeta:833
Y la cifra de fallecidos es de 34.752, de los que 655 corresponden a esta última semana.	0	CoMeta	ES	CoMeta:2815
El desempleo de los jóvenes menores de 25 años se redujo en 12.463 personas y su tasa de paro se situó en el 10,41 por ciento; también disminuyó el desempleo entre los parados mayores de esa edad en 35.226 personas.	0	CoMeta	ES	CoMeta:2597
También sé que tenemos ahora capacidades en cinco nuevos impuestos que se concertaron este año y por lo tanto más recaudación de esos impuestos, pero el tema no es ése.	0	CoMeta	ES	CoMeta:1081
Solo ahí hay que entender los acuerdos que se han alcanzado con las distintas formaciones políticas y no tiene más repercusión que esa, no tiene más alcance que ese.	1	CoMeta	ES	CoMeta:2070
En Chile y Argentina esta la mayor población, siendo más abundante en la Patagonia.	0	CoMeta	ES	CoMeta:3377
Lo hicimos frente a la primera ola, y lo vamos a lograr en esta segunda ola del Covid-19.	1	CoMeta	ES	CoMeta:1028
La espontaneidad de Mesic - quien siempre está dispuesto a bromear, parece más cálido y relajado y da la impresión de persona capaz de cumplir lo prometido - ha hecho que también superara a su principal rival, Budisa, que hace sólo unas semanas era el favorito para las presidenciales.	1	CoMeta	ES	CoMeta:208
Más sucio.	1	CoMeta	ES	CoMeta:378
- - No, por nada, disculpe usted, pero es que se preocupa tanto cuando llueve y cuando no llueve, que me creí que sería cosa de la siembra, ya me entiende.	0	CoMeta	ES	CoMeta:2598
La misión también habló con la secretaria de la Liga Nacional para la Democracia, Aung San Suu Kyi, quien insistió en ' la gravedad persistente del trabajo forzoso, en particular debido a su uso por militares y sobre las formas extremas que podía adoptar con el reclutamiento de niños '.	0	CoMeta	ES	CoMeta:3290
- - Pues Maracas Bay.	0	CoMeta	ES	CoMeta:1133
En este sentido se refirió a la reciente creación del Ministerio de Ciencia y Tecnología y a las primeras declaraciones de su titular, Anna Birulés, sobre el impulso de la investigación, desarrollo e innovación.	1	CoMeta	ES	CoMeta:180
Deducíamos que era la bandera japonesa porque la llevaban los japoneses.	0	CoMeta	ES	CoMeta:14
Al mismo tiempo, se dan cita miles de especialistas en distintas materias: los abogados alemanes celebran su encuentro anual, otro tanto sucede con los médicos, y expertos internacionales preparan a partir del viernes la cumbre de líderes reformistas.	0	CoMeta	ES	CoMeta:1366
Hasta el momento, de Europa sólo han comunicado su asistencia Esperanza Aguirre y el ministro del Asuntos Exteriores de Gran Bretaña, John Battle, además del viceprimer ministro ruso, Viktor Khristenko.	0	CoMeta	ES	CoMeta:535
Esta vez, sorprende con un lujoso hotel de 213 habitaciones y suites en el paseo marítimo de Macao, marcando lo que será una nueva era en elegancia y sofisticación hotelera.	1	CoMeta	ES	CoMeta:2609
' Nada me va a impedir que entre en una Secretaría del Estado por la puerta del frente ', dijo Covas tras ser rescatado del tumulto por sus guardaespaldas.	0	CoMeta	ES	CoMeta:1072
Ya lo sé.	0	CoMeta	ES	CoMeta:3384
La patronal pretende formalizar así el compromiso recíproco del régimen de indemnización y los demandantes de empleo en el Care, cuya firma da derecho ' a cobrar el subsidio del paro y a los servicios que facilitan el regreso al empleo '.	1	CoMeta	ES	CoMeta:3036
El nuevo presidente chileno, Ricardo Lagos, felicitó hoy a José María Aznar por el ' nítido ' resultado de las elecciones generales celebradas ayer, domingo, en España.	1	CoMeta	ES	CoMeta:1809
Mi guía iba evitando, precisamente, los lugares más poblados: avanzábamos por las callejas solitarias, huyendo de la gente, porque te podían rajar en mitad de una muchedumbre sin que nadie hiciera nada.	0	CoMeta	ES	CoMeta:2259
Por supuesto éste no es el caso actual, pero la caída de los viejos mitos y el derrumbe de ideologías que hasta ahora gobernaban el mundo, o por lo menos la utopía que sobre ese mundo proyectábamos, nos autorizan a suponer que ese vacío intelectual se ha vuelto a abrir, y que es de dimensiones mucho más graves y preocupantes.	1	CoMeta	ES	CoMeta:2890
Se vivieron episodios trágicos durante la ocupación republicana en la ciudad de Andújar con multitud de crímenes y asesinatos.	0	CoMeta	ES	CoMeta:1751
- El tabaco mata?	0	CoMeta	ES	CoMeta:2297
A lo máximo que podemos aspirar los demás a seguir sin desfallecer vuestra lección de dignidad hasta que ETA desaparezca.	1	CoMeta	ES	CoMeta:39
Y, si la situación de la pandemia lo permite, el Gobierno de España -no les quepa la menor duda-- levantará el Estado de Alarma sin demora.	1	CoMeta	ES	CoMeta:3375
Pese a que los agentes de seguridad intentaron proteger al gobernador, algunos manifestantes lograron llegar hasta él y tras agarrarlo agarrar lo por las ropas le increparon por no conceder el aumento de sueldo exigido.	0	CoMeta	ES	CoMeta:3265
Fidalgo, quien hoy asistió a la inauguración del séptimo congreso regional de CCOO, explicó que, de los más de cuatro billones de pesetas que el Erario público gastará este año en asistencia sanitaria, un tercio es para el gasto farmacéutico, un apartado que calificó de ' altamente ineficiente '.	0	CoMeta	ES	CoMeta:2830
La cubierta exterior de este salón se corresponde con la cota más alta del de el edificio.	0	CoMeta	ES	CoMeta:610
En 1978, el Código de Aguas designó al a el Gobierno de Uruguay como responsable del de el diseño y la implementación de una política nacional de recursos hídricos.	0	CoMeta	ES	CoMeta:2234
En la tradición europea culta, requiere el estudio de muchas disciplinas, tales como la armonía, el contrapunto, la orquestación, y el conocimiento de formas musicales.	0	CoMeta	ES	CoMeta:147
Además, el documento recuerda que ' no existen requisitos de seguridad dentro del de el avión que exijan ver su cara, ya que es común ver en vuelos de largo recorrido a personas con máscaras de descanso '.	0	CoMeta	ES	CoMeta:1512
Los buenos resultados del modelo de justicia juvenil implantado en Euskadi hacen del nuestro un ejemplo a seguir a nivel internacional.	0	CoMeta	ES	CoMeta:2385
En su campaña por toda Croacia, que realiza de forma improvisada recorriendo el país en un automóvil prestado, Mesic promete ' el establecimiento del Estado de Derecho, la opción europea y la entrada de capital extranjero para activar nuestros recursos '.	1	CoMeta	ES	CoMeta:2263
Mal vamos.	0	CoMeta	ES	CoMeta:606
Finalmente el Bayern termina la temporada 2008-09 como segundo clasificado tras el campeón, el VfL Wolfsburg.	0	CoMeta	ES	CoMeta:1760
Le diría más: creo que realmente el Partido Popular está justamente aprovechando esta pandemia con la calculadora de votos para intentar como siempre tumbar al gobierno porque la derecha de este país nunca admite que haya un gobierno que sea de otro color político que no sea el color de la derecha.	1	CoMeta	ES	CoMeta:522
- Vamos allá, ministra portavoz, con un grupo de medios y periodistas que componen las siguientes cabeceras: TV 3, Redacción Médica, Infolibre, La Verdad de Murcia, la Televisión del Principado de Asturias, El Siglo, Onda Madrid, The Guardian, El Independiente y el Grupo Nervión.	0	CoMeta	ES	CoMeta:171
[...] Algo me hace sospechar que con lo que han hecho hoy aquí y la respuesta de todos en el festival conseguirán que muchos estadounidenses vean la película.	0	CoMeta	ES	CoMeta:1262
Hasta la fecha, Speight ha logrado, menos gobernar, todas sus demandas: derogar la Constitución, derribar al gobierno democrático del primer ministro Mahendra Chaudhry, la retirada del presidente Kamisese Mara y la inmunidad.	1	CoMeta	ES	CoMeta:1493
Muere el 21 de julio de 1984.	0	CoMeta	ES	CoMeta:163
La ropa estaba planchada, los armarios bien dispuestos, las cacerolas limpias y secas, y la víspera había repasado todos los botones de las camisas de Antonio y subido el dobladillo de sus trajes de verano, porque la moda se presentaba faldicorta.	0	CoMeta	ES	CoMeta:1465
Por desgracía moriría tiempo después.	0	CoMeta	ES	CoMeta:860
Don Diego Hurtado de Mendoza, que vivía días más gloriosos que los nuestros, sentía comezón por el trabajo y decía a su acompañante: ' Trabajemos, Juan Páez.	1	CoMeta	ES	CoMeta:2793
Eso les hizo tal vez recordar que el nacer era una evasión (- de qué?) y el morir una emigración (- a dónde?)	1	CoMeta	ES	CoMeta:1022
Por eso me alegro, igualmente, de que sea la Federación Española de Municipios y Provincias la que recoja ese reconocimiento en nombre de todos y cada uno de los españoles.	1	CoMeta	ES	CoMeta:2731
El mandatario indicó que comparte la inquietud de sus opositores sobre el régimen electoral y dijo que ha comprometido ' su coincidencia con la búsqueda de los caminos más convenientes para que las elecciones (generales del año 2002) se hagan con absoluta transparencia '.	1	CoMeta	ES	CoMeta:421
Sin embargo, a lo largo de la década de los noventa se registró un descenso que se calcula entre el 1 y el 2 por ciento.	0	CoMeta	ES	CoMeta:1448
Me acompañaba un muchacho que había logrado la proeza de escaparse escapar se del barrio; su familia seguía viviendo allí, pero él había conseguido un trabajo y una cama en la ciudad.	0	CoMeta	ES	CoMeta:2293
La campaña oficial de doce días comenzará el 13 de junio.	0	CoMeta	ES	CoMeta:3253
Sin embargo, como ha ocurrido con los cambios de nombres de nuestros pueblos y ciudades, ha prevalecido en el ambiente popular el aborigen o antiguo nombre de ACOYAPA.	0	CoMeta	ES	CoMeta:2542
En Euskadi, en el ámbito de la justicia juvenil hacemos un uso intensivo de la mediación y los resultados están ahí, son francamente positivos, están poniendo de manifiesto que en más de un 88% de los supuestos, la mediación arroja resultados positivos con lo que todo ello tiene de constructivo desde el punto de vista de que constituye una fórmula de autocomposición que deja satisfechos tanto a la víctima como al joven infractor, porque son actores de la solución, no es un tercero el juez el que propone la solución, sino que son los propios actores los que buscan mediante esta fórmula de autocomposición el arreglo y la resolución del conflicto.	1	CoMeta	ES	CoMeta:3069
En Extremadura las dos provincias: Cáceres y Badajoz.	0	CoMeta	ES	CoMeta:633
En ciertos tipos de armónicas los tonos de las lengüetas pueden variarse variar se a otra nota por soplar o aspirar el aire de un modo especial (mediante la técnica del de el bending o el overbend / overdraw).	0	CoMeta	ES	CoMeta:969
El mitin no fue transmitido en directo por ninguno de los canales televisivos de señal abierta, actitud que se manifestó a lo largo de la campaña electoral, como denunció Toledo, cuyos seguidores portaban pancartas en contra de los ' canales fujimoristas ' y exigiendo ' libertad de prensa '.	1	CoMeta	ES	CoMeta:665
Luego de la fallida experiencia del de el Congo, el Che Guevara organizó un foco guerrillero en Bolivia, donde instaló a partir del de el 3 de noviembre de 1967, en una zona montañosa cercana a la ciudad de Santa Cruz, en una área que atraviesa el río estacional Ñancahuazú, afluente del de el importante río Grande (Bolivia).	1	CoMeta	ES	CoMeta:725
Ya es mucho.	0	CoMeta	ES	CoMeta:1688
- - Pero desde que subieron allí arriba.	0	CoMeta	ES	CoMeta:101
El vicepresidente de Irak, Taha Yasin Ramadán, viajará mañana a Jordania para tratar de mejorar las relaciones entre los dos países, que empezaron a deteriorarse deteriorar se en 1995 y en los últimos meses han sufrido diversos reveses, informaron fuentes oficiales jordanas.	1	CoMeta	ES	CoMeta:734
Los capataces y los señoritos fueron los que rejonearon rojos cuando la guerra civil.	1	CoMeta	ES	CoMeta:3585
Como no existen asentamientos permanentes, también es la isla deshabitada mayor del de el hemisferio norte al a el sur del de el Círculo Polar Ártico.	0	CoMeta	ES	CoMeta:1360
El carácter obligatorio del CARE y las sanciones que comporta su incumplimiento son algunos de los puntos más contestados por los sindicatos.	0	CoMeta	ES	CoMeta:1686
Los Fuegos del de el Hielo se compuso para un ballet moderno, en referencia a la extinción de las etnias del de el extremo sur de Chile como las Alacalufes, Aonikenk, Yaganes y Selknam.	0	CoMeta	ES	CoMeta:3186
En Sucre, capital administrativa de Bolivia y a 2.790 metros sobre el nivel del mar, la temperatura se mantiene más tolerable: hoy registró una mínima de 8 grados y para el domingo se pronostica cero grados la menor.	0	CoMeta	ES	CoMeta:3010
Pero lo hizo, en el minuto crucial de su vida, sin tomar en cuenta para nada la belleza viril del pretendiente, ni su riqueza legendaria, ni su gloria temprana, ni ninguno de sus tantos méritos reales, sino aturdida por el miedo de la oportunidad que se le iba y la inminencia de los veintiún años, que era su límite confidencial para rendirse rendir se al destino.	1	CoMeta	ES	CoMeta:1016
Esta máxima de que cada paso que damos sea un paso seguro es también la que ha guiado las decisiones que les voy a comunicar ahora, que les voy a anunciar ahora respecto al progreso de fase de las distintas unidades territoriales.	1	CoMeta	ES	CoMeta:3411
En su encuentro de ayer, los representantes saudíes y yemeníes trataron principalmente sobre la colaboración del sector privado en futuras inversiones conjuntas, ' por las amplias oportunidades que ofrece ', dijo Ariani.	1	CoMeta	ES	CoMeta:652
La petición a Nicaragua de exigir el visado de entrada en el país, en especial a personas procedentes de Sudamérica, ha sido formulada a través de la legación diplomática en Managua mediante una nota de prensa en la que resalta los esfuerzos de otros países para lograr ese objetivo.	0	CoMeta	ES	CoMeta:3565
Al fin se decidió por el de arriba, el más reciente, aquel que contenía los tesoros de los últimos cinco años.	0	CoMeta	ES	CoMeta:442
Y es que orinar es más importante que legislar.	0	CoMeta	ES	CoMeta:1566
Ello está permitiendo mejorar sustancialmente la tasa de alfabetización de la provincia, sobre todo entre las niñas.	0	CoMeta	ES	CoMeta:158
Son las dos y cuarto, una hora menos en Canarias.	0	CoMeta	ES	CoMeta:1927
En 1695, un grupo de indios teribes fueron enviados a la región de Boruca, al a el sureste de Costa Rica, y fundan el pueblo de San Francisco de Térraba.	0	CoMeta	ES	CoMeta:911
Muchas gracias.	0	CoMeta	ES	CoMeta:817
Por último, el fin de semana de celebración de fiestas en honor a San Bartolomé, el pueblo se llena de satisfacción al a el acoger en el pueblo el baile, una verbena que ameniza la velada de todos los habitantes, turistas, y visitantes y amigos de la aldea.	1	CoMeta	ES	CoMeta:1885
Fácilmente fusible con desprendimiento de As2O3 y PbCl2 dejando residuo de Pb.	0	CoMeta	ES	CoMeta:1432
Pensó y se lo repitió en una voz mental que servía de fondo a la ensoñación del Bósforo contemplado desde el palacio de Topkapi.	1	CoMeta	ES	CoMeta:1250
Yo comprendo la angustia de los ciudadanos.	0	CoMeta	ES	CoMeta:932
Iliá Klebánov, viceprimer ministro y presidente de la comisión gubernamental, anunció sus conclusiones finales tras dos meses de trabajo en torno al naufragio y a la muerte de sus 118 tripulantes, la mayor catástrofe en la historia de la Armada rusa.	0	CoMeta	ES	CoMeta:913
Este pequeño Gran campeón dijo en declaraciones ofrecidas al a el Diario La Prensa y Orituco.com, que su aspiración es llegar campeón este año, que está trabajando para eso.	0	CoMeta	ES	CoMeta:96
No sólo salimos, sino que salimos más fuertes de esta situación.	1	CoMeta	ES	CoMeta:2703
En la novela - En la carretera -, de Jack Kerouac, un personaje pregunta a otro si sabe que por poner la bandera americana al revés en un edificio oficial puede ir a la cárcel.	0	CoMeta	ES	CoMeta:791
De súbito don Antonio intentó huir, entonces se entabló un forcejeo entre los dos.	0	CoMeta	ES	CoMeta:1632
Los escritos que pasaron de generación en generación a través de los caciques de la comunidad Ah Canul, fueron obsequiados a Faustino Francio amigo del de el historiador Juan Francisco Molina Solís autor del de el libro ' Historia del de el Descubrimiento y Conquista de Yucatán ', más tarde el códice llegaría a las manos del de el obispo Crescencio Carrillo y Ancona, y sería agregado al a el Chilam Balam de Chumayel.	0	CoMeta	ES	CoMeta:1344
Resulta entonces que no practica las historias del espejo, del tomavistas o de todos esos inventos que tan poca ilusión nos producen ya.	0	CoMeta	ES	CoMeta:1141
EXPANSION titula en primera ' El Consejo de Telefónica avala la operación de Terra y Lycos ', ' Las gasolineras amenazan con la huelga ' y señala que ' El Ibex cierra otro mal mes con una caída acumulada del 6,8% '.	1	CoMeta	ES	CoMeta:3519
Criticó el ' salvajismo político ' utilizado por su principal rival en la carrera presidencial, su antiguo amigo y ex gobernador de Zulia Francisco Arias Cárdenas, en la pasada campaña electoral.	1	CoMeta	ES	CoMeta:1143
Esta justo encima de un concesionario de bmw.	0	CoMeta	ES	CoMeta:1438
Antonio ni siquiera había llamado para decirle decir le que no venía.	0	CoMeta	ES	CoMeta:2627
En el curso de una breve vida, la sonrisa apenas consciente que afloró entonces a sus labios, tomó la taza de café con leche en una mano cansada y la sostuvo con cuidado mientras recorría el pasillo.	1	CoMeta	ES	CoMeta:2086
Aquí entran otras razones: por pasar el rato, diría el filósofo de secano; para tranquilzar la conciencia, según el moralista; por patriotismo, acaso apostille algún espíritu trasnochado.	1	CoMeta	ES	CoMeta:1637
El retablo mayor del de el prebisterio es del de el siglo XVIII con varios relieves y esculturas.	0	CoMeta	ES	CoMeta:2783
A mitad del monte, el centurión, que aspiraba a ser generalísimo de Nerodia, puso a disposición de los monarcas a dos soldados fornidos para llevarlos llevar los en brazos y así entraron en su nuevo reino que, por las subidas y bajadas, más parecía un tobogán -).	0	CoMeta	ES	CoMeta:3273
En el pasado se produjo un hundimiento del de el territorio provocado por el encuentro, frente a la península de Taitao, de tres placas tectónicas: la de Nazca y la Antártica que se mueven hacia el este, y la Sudamericana que se desplaza hacia el oeste.	1	CoMeta	ES	CoMeta:1356
Lo que no puede hacer el Gobierno ni nadie, ni en España, ni en ninguna democracia civilizada, es intentar saltarse saltar se la Ley y violar lo que es la mayoría de los españoles.	1	CoMeta	ES	CoMeta:113
Alberto Fernández ha subrayado que, tras el 12 de marzo, se ha demostrado que ' el PP ocupa una posición central al alza en Cataluña '.	1	CoMeta	ES	CoMeta:3140
Añadió que el interés de Aznar por entrevistarse entrevistar se con los máximos representantes empresariales y sindicales es una muestra de su talante de seguir con el proceso del diálogo social, ' eje básico de la política del Gobierno y que tan buenos resultados ' ha tenido para el empleo y la Seguridad Social.	1	CoMeta	ES	CoMeta:1069
La candidatura de la ciudad japonesa de Osaka para albergar los Juegos Olímpicos 2008 confía en sus posibilidades para ser la elegida por el COI en julio del próximo año, pero valora al resto de las finalistas: Pekín, París, Toronto (Canadá) y Estambul (Turquía).	1	CoMeta	ES	CoMeta:3396
El canto décimotercero del de el Paraíso de la La Divina Comedia de Dante Alighieri se desarrolla en el cielo del de el Sol, donde se encuentran los espíritus sabios.	0	CoMeta	ES	CoMeta:2378
El presidente del órgano regulador de las Telecomunicaciones se mostró partidario de completar esta liberalización de las telecomunicaciones con otras medidas que incentiven la competencia como puede ser abrir el acceso a la información de los clientes de Telefónica a otros operadores.	1	CoMeta	ES	CoMeta:3182
Cuando Maeterlinc escribió su romántico - Pájaro Azul - no sabía que ese pájaro vive y está en América y se llama Blue-Jay y por cierto es un verdadero hijo de ramera que les pega a todos los demás y sólo acude a nuestras manos si le ofrecemos algo.	0	CoMeta	ES	CoMeta:156
El Gobierno de España no cederá nunca, nunca, a ningún tipo de chantaje de quienes han practicado y alentado el terror; nunca.	1	CoMeta	ES	CoMeta:444
En el homenaje estuvieron presentes, además del presidente de la Fundación Andalucía Olímpica, Alejandro Rojas Marcos, el consejero de Turismo y Deporte de la Junta de Andalucía, José Hurtado, y el secretario general del Comité Parolímpico Español, Miguel Sagarra, entre otras autoridades.	0	CoMeta	ES	CoMeta:2443
Hablaremos, fundamentalmente, del Fondo de Recuperación económico, es decir la movilización de más de 140.000 millones de euros para nuestra economía durante los próximos 6 años.	1	CoMeta	ES	CoMeta:1779
Genera Plantarum Florae Germanicae, (abreviado Gen. Fl.	0	CoMeta	ES	CoMeta:1415
Son los niños del barrio, que llegan en vespertinas manadas porque ha corrido el rumor de que en el belén de mi piso la Virgen dio a luz gemelos..	1	CoMeta	ES	CoMeta:2984
Muchas de estas extranjeras se casaron con españoles o con hispanoamericanos que venían becados por sus gobiernos.	0	CoMeta	ES	CoMeta:3220
Indignos de la civilización que les cobija.	1	CoMeta	ES	CoMeta:1787
Ello le ha valido a Burlotti sumar 40 puntos, mientras que algunos de sus rivales han debido restar alguno.	0	CoMeta	ES	CoMeta:2483
La Asociación Rumiñahui comienza su andar en el año 1997 en Madrid, España.	1	CoMeta	ES	CoMeta:2094
Por eso conviene que antes de marcharnos marchar nos expongamos lo mejor posible nuestra existencialidad y nuestra esencialidad en la medida que a cada cual le parezca adecuado.	1	CoMeta	ES	CoMeta:473
El Kremlin anunció hoy oficialmente el próximo viaje a España del presidente ruso, Vladímir Putin, invitado por el Rey Juan Carlos I.	0	CoMeta	ES	CoMeta:1577
Desde el inicio de esta crisis hemos sido muy claros en relación con que la movilidad era y es la principal arma, el principal vector de transmisión del virus.	1	CoMeta	ES	CoMeta:2361
Cada día contemplaba el cielo a través de la ventana de su habitación del Holiday Inn y la panza de burro estaba allí, como estaba allí esa esquina azulada a la que peregrinaban sus ojos una y otra vez para jugar al escondite con un sol tuberculoso y esquivo.	1	CoMeta	ES	CoMeta:778
Por ello, indicó la necesidad de que mediante el diálogo social se afronte ese problema del mercado de trabajo, partiendo de la base de una igualdad de trato entre contratos temporales e indefinidos en lo que se refiere a regulación, indemnización y coste para la empresa.	0	CoMeta	ES	CoMeta:1043
A la muerte de Pablo Torres Burgos se pone a disposición de Emiliano Zapata como jefe de las fuerzas.	0	CoMeta	ES	CoMeta:181
A primera hora de la mañana hacía gimnasia con Lali Ruiz en el monitor de la derecha, mientras descifraba las noticias americanas de la ABC, lo que en ocasiones provocaba algunos momentos de tirantez; al fin y al cabo, 30 flexiones estirando la pierna izquierda y otras 30 con la derecha no son el mejor caldo de cultivo para recibir los tambores de guerra en el Golfo.	1	CoMeta	ES	CoMeta:2903
Los estróbilos son pequeños, pero más largos que los de cualquier otra especie de tsuga, colgantes, cilíndricos, 30-80 mm de largo y 8-10 mm de ancho cuando están cerrados, abriéndose abriéndo se luego hasta 12-35 mm, superficialmente algo parecido a un cono pequeño de pícea.	0	CoMeta	ES	CoMeta:1786
Un bigotudo sin bigote es como un ministro o un futbolista que ha dicho adiós a la cartera o al balón.	0	CoMeta	ES	CoMeta:6
Pues mire en principio el criterio es permanecer 14 días en cada una de las fases para poder valorar justamente posibles consecuencias de las medidas que se adoptan en cada fase en la evolución epidémica.	0	CoMeta	ES	CoMeta:2129
Cristiano Ronaldo no podrá jugar contra el Deportivo, por lo que se perderá uno de los partidos más importantes de la Liga BBVA en la próxima jornada (Jornada 20).	0	CoMeta	ES	CoMeta:2205
El desarrollo, la integración y la cooperación fueron los asuntos protagonistas de esta reunión.	1	CoMeta	ES	CoMeta:2813
El daño se estima que excedió un millardo de dólares estadounidenses actuales.	0	CoMeta	ES	CoMeta:2946
Por su parte, la comunidad internacional ha condenado desde el principio la intentona golpista que encabeza Speight y países como Australia y Nueva Zelanda, entre otros, están a la espera de que los rehenes sean liberados para adoptar sanciones contra Fiyi por abandonar la senda de la democracia.	1	CoMeta	ES	CoMeta:2746
Ella lo había sentido salir de su cuerpo con el alivio de liberarse liberar se de algo que no era suyo, y había sufrido el espanto de sí misma al comprobar que no sentía el menor afecto por aquel repente a los quince días, y siguió por varios años con el músico mayor del seminario, cuyo aliento de sepulturero distorsionaba los arpegios.	1	CoMeta	ES	CoMeta:807
Los espejismos, según el diccionario, no son más que meras ilusiones ópticas, pero yo, que nunca he sido personaje de novela ni compañero de aventuras de Lawrence de Arabia, lo más parecido a un espejismo que he visto son esos bichitos blancos con forma de paramecio que culebrean sobre el forro oscuro de los párpados.	0	CoMeta	ES	CoMeta:1491
Rara y triste evidencia de madurez.	0	CoMeta	ES	CoMeta:1766
Después supimos que la bandera había sido esa pero que tras el armisticio fue como si dijésemos castigada.	1	CoMeta	ES	CoMeta:286
El balance publicado ayer por la Asociación Nacional de Fabricantes de Automóviles (Anfac) sitúa a Galicia en el sexto puesto del de el ránking de comunidades que han registrado el peor comportamiento.	0	CoMeta	ES	CoMeta:2720
Por ello, quiero que mi comparecencia de hoy para hablar sobre la participación de las tropas españolas en la Fuerza Internacional de Asistencia a la Seguridad en Afganistán sirva para reafirmar la importancia que esta participación tiene para el Gobierno, y que sirva para reafirmar el compromiso decidido de España con los esfuerzos de la Comunidad Internacional en la estabilización de Afganistán, y nuestro compromiso con la seguridad de la población afgana, que lo es también con la seguridad de la propia Comunidad Internacional y, por tanto, con la de todos los españoles.	1	CoMeta	ES	CoMeta:1352
Y volvió el hindú su rostro viejo, sabio, sonrientemente triste.	0	CoMeta	ES	CoMeta:2552
El descenso medio del paro en mayo en los quince años anteriores fue de 56.665 desempleados, y en el mismo mes de 1999 el desempleo tuvo una reducción de 58.880 personas, mientras que en los últimos doce meses bajó en 117.951 personas, un 7,15 por ciento.	0	CoMeta	ES	CoMeta:1285
Hablar del español de América como un subdialecto del andaluz no deja de ser excesivo, por más que haya muchísimos rasgos andaluces en el español de América, cuya presencia cada vez se siente más amplia, pero habrá que pensar que si las innovaciones salen de una base andaluza, la historia deberá explicarnos explicar nos la evolución a partir de ellas.	1	CoMeta	ES	CoMeta:3144
Los sabios de la antigüedad helena o romana fueron durante algunos años de su vida refugiados políticos.	0	CoMeta	ES	CoMeta:510
' Debemos escuchar las palabras de mi hermano aquí en Los Angeles. Habló de una elección y esa es ahora nuestra elección ', afirmó Ted Kennedy ante un público enfervorecido al que repitió las palabras del presidente Bill Clinton: ' No volvamos atrás '.	1	CoMeta	ES	CoMeta:2948
El ' Yediot Ajronot ' informa hoy de que la campaña de Peres - que el próximo mes de agosto cumplirá 77 años - se centrará en su personalidad y no abundará en asuntos políticos polémicos.	0	CoMeta	ES	CoMeta:1230
La unidad también de fuerzas políticas.	1	CoMeta	ES	CoMeta:2077
La responsabilidad de que todos tengamos la capacidad de que las personas se puedan sentir protegidas con motivo de una pandemia en donde solo la restricción de la movilidad ha sido el tratamiento eficaz para combatir a este virus, y esto, hasta que tengamos una solución definitiva de la mano de la vacuna o de la mano de un tratamiento eficaz, ha llevado a una situación en la que el Gobierno se ha sentido solo durante esta crisis y en un momento en donde esperábamos la solidaridad y la responsabilidad del resto de formaciones políticas, han visto ustedes cuál ha sido la actitud y cuál ha sido la posición que han expresado diferentes formaciones políticas con vocación de gobierno, la más clara la del Partido Popular.	1	CoMeta	ES	CoMeta:1266
Quisiera, en este punto, agradecer públicamente su trabajo intenso y urgente en estas últimas horas para calificar esta medida tan extraordinaria.	0	CoMeta	ES	CoMeta:3083
Durante el procedimiento de evaluación de impacto ambiental, en escrito del de el 6 de abril de 2010, la Dirección General de Calidad y Evaluación Ambiental solicitó a la CHE que evaluase una serie de alternativas, que no solo no fueron evaluadas por el promotor, sino que además, son viables y con un menor coste económico y ambiental, como demuestran los informes presentados por las ONG y los científicos.	0	CoMeta	ES	CoMeta:1672
Quiero agradecerles agradecer les el buen trabajo que han hecho con mi casa.	0	CoMeta	ES	CoMeta:1336
¿Y la última pregunta que me hacía? P.- Infolibre.	0	CoMeta	ES	CoMeta:1648
El ex ministro español de Industria y Energía Luis Carlos Croissier sugirió hoy, lunes, a las autoridades mexicanas que impulsen la privatización de empresas estatales en el mercado de valores para elevar la captación del ahorro interno.	1	CoMeta	ES	CoMeta:2855
No es que uno sea mejor que el vecino pero hay que tratar de parecerlo parecer lo por respeto precisamente para el vecino.	0	CoMeta	ES	CoMeta:1211
Entre tanto lo que tenemos de nuestro lado o lo que tenemos a nuestro lado o mejor dicho, es al Partido Popular, principal partido de la oposición, que está en la España del ' no ', que ha dimitido claramente de sus obligaciones como partido con vocación de gobierno y que en este momento sólo le interesa hacer ruido.	1	CoMeta	ES	CoMeta:2270
Este pacto con Bildu ha creado, por otro lado, un enorme malestar en el PNV y el PNV ha llegado a decir que esto dificulta que se complete la legislatura.	0	CoMeta	ES	CoMeta:521
Posteriormente, tras la sangrienta noche del de el 17 de febrero cuando se atacó a los manifestantes que dormían en la Plaza de la Perla en Manama, la capital del de el país, también se empezó a exigir el fin de la monarquía.	1	CoMeta	ES	CoMeta:785
En algunas pesquerías, los cetáceos se pescan como captura accesoria, pero no se descartan ya que tienen cierto valor como alimento o cebo.	0	CoMeta	ES	CoMeta:1722
Grabaciones de vídeo durante los polémicos trabajos de salvamento de la tripulación mostraron un gran boquete en el primer compartimento del ' Kursk '.	0	CoMeta	ES	CoMeta:2723
El campamento anual obligatorio se realiza entre principios del de el mes de Septiembre y fines del de el mes de Noviembre.	0	CoMeta	ES	CoMeta:3246
A veces me viene a las mientes la historia de ' Le roi Bambance ', de Marinetti; monarca que no pasa de ser un tipejo cómico, trágico y burlesco, según nos lo han caracterizado.	0	CoMeta	ES	CoMeta:2774
Se instala un perímetro de huerta en el actual barrio del de el Carmen y se transforma la antigua área episcopal visigoda para convertirla convertir la en un zoco (mercado árabe) vinculado a la residencia del de el gobernador.	0	CoMeta	ES	CoMeta:712
' No me lo esperaba ', dijo el técnico del de el United Alex Ferguson.	0	CoMeta	ES	CoMeta:2521
Mladénov fue ministro de Asuntos Exteriores del Gobierno comunista de Bulgaria desde 1971, y en 1989 encabezó el grupo de miembros del Partido Comunista que acabó derrocando a su líder, Todor Yívkov.	1	CoMeta	ES	CoMeta:2331
La reclamación de unos servicios sanitarios que no dejen a 44 millones de personas sin cobertura fue una de las reivindicaciones lanzadas esta noche por Bill Bradley, que luchó sin éxito por la candidatura demócrata a la presidencia.	1	CoMeta	ES	CoMeta:1232
Por su parte, el director ejecutivo de Algroup, Sergio Marchionne, dijo que ' la nueva compañía estará en mejor posición para servir las necesidades de sus clientes '.	0	CoMeta	ES	CoMeta:1663
Pero puede que también a esta altura del camino para algunos este tramo se haga cuesta arriba y seguro que otros están viviéndolo viviendo lo ya con un cierto agobio en relación con todos los días que llevamos vividos.	1	CoMeta	ES	CoMeta:2244
En 1945 apareció como bailarina en la película musical The Blonde From Brooklyn.	0	CoMeta	ES	CoMeta:1
Ella misma estaba sorprendida de su obediencia.	0	CoMeta	ES	CoMeta:1244
En los ríos La Paz y Beni hay pesca abundante de peces deliciosos como: pacú, bagre, blanquillo, bagre, sábalo, surubí y muchos otros.	0	CoMeta	ES	CoMeta:1175
Le quiero preguntar también si la Comunidad ha solucionado los problemas que tenía en la Atención Primaria.	0	CoMeta	ES	CoMeta:3256
Tras una primera temporada bastante buena tanto a nivel personal (8 goles) como colectivo (12 ª posición), en la segunda su rendimiento ni el de el equipo no fue el esperado y se marchaba al a el Nàstic de Tarragona en la Segunda División B en el mercado de invierno, donde solo permanecería hasta acabar dicha campaña, haciendo muy buena temporada personal con 9 goles pero floja colectivamente.	1	CoMeta	ES	CoMeta:3346
El pasado 6 de noviembre, el gobierno de Estados Unidos felicitó al de Costa Rica, por el arresto cinco días antes de la presunta traficante de personas Gloria Niño Canales, quien afronta cargos de corrupción y falsificación de documentos, agrega.	0	CoMeta	ES	CoMeta:2375
Ferit Orhan Pamuk (Estambul, 7 de junio de 1952) es un escritor turco, Premio Nobel de Literatura 2006.	0	CoMeta	ES	CoMeta:3350
Especialistas en seguridad advirtieron que no son pasajeros comunes ni equipaje corriente lo que viaja a través de la conexión aérea bimestral asegurada por Irán Air entre Irán y Venezuela.	0	CoMeta	ES	CoMeta:2681
Jaime Lee Curtis debutaría en el cine con veinte años y de la mano de John Carpenter, con la cinta de terror Halloween (1978).	0	CoMeta	ES	CoMeta:1319
También dijo que considera que España ha tenido ' una presencia muy importante en el escenario internacional.	1	CoMeta	ES	CoMeta:1904
Gore, vicepresidente de EEUU, apareció en la convención demócrata de Los Angeles (California) al acudir al estrado para abrazar a su hija Karenna, de 27 años, que había sido la encargada de presentar la propuesta del Partido Demócrata.	0	CoMeta	ES	CoMeta:3109
Corre el año 1967, y Ferrari y Ford disfrutan de una dura rivalidad en las carreras de Sport - prototipos.	1	CoMeta	ES	CoMeta:1811
IU se convirtió en la gran derrotada al perder 3 de sus representantes en el Parlamento y la mitad de los votos al pasar de 547.000 votos a apenas 279.000, mientras que el GIL aparece como cuarta fuerza más votada, pese a no obtener escaños con algo más de 32.000 sufragios.	1	CoMeta	ES	CoMeta:2767
Portavoz.- Sí, muchas gracias, Fernando.	0	CoMeta	ES	CoMeta:3250
La subida en dos décimas de la tasa de paro en EEUU en mayo hasta el 4,1 por ciento reforzó la tendencia al alza de los últimos días de la moneda única, que llegó a tocar la barrera de los 0,95 dólares, aunque no pudo mantenerla mantener la.	1	CoMeta	ES	CoMeta:2093
Los activos en divisas en poder del Banco Central y el Ministerio de Finanzas se calculan en dólares estadounidenses y su valor depende del cambio oficial rublo-dólar que establece el Banco Central.	0	CoMeta	ES	CoMeta:1938
Antonia acababa de fregar los platos de la comida.	0	CoMeta	ES	CoMeta:695
- Por qué en las embajadas continúa ondeando la que no lleva rayos?	0	CoMeta	ES	CoMeta:2698
La firma anunció esta semana una inversión de casi 1.200 millones de dólares para aumentar la producción del chip ' emotion engine ', componente clave de PlayStation 2 que ofrece una alta calidad de imagen en juegos y vídeos y que Sony desarrolló junto a Toshiba.	1	CoMeta	ES	CoMeta:347
Sin esperar a vestirme vestir me, bajé en busca del portero del edificio, un chulo sin escrúpulos que es capaz de romperle romper le la cabeza a quien ponga su coche en doble parada.	0	CoMeta	ES	CoMeta:1162
El Komercni Banka tenía una plantilla de 13.487 empleados a fines de 1999, 470 fueron despedidos durante el primer trimestre del presente año y otros 170 funcionarios fueron trasladados a una filial.	0	CoMeta	ES	CoMeta:2111
Durante meses, ni se habló de ella.	0	CoMeta	ES	CoMeta:2719
Había ido tan seguro de la victoria que llevaba puesta para recibir el premio la camisola de seda amarilla de los ritos de primavera.	0	CoMeta	ES	CoMeta:2592
El Virrey Luis de Velasco encargó a Miguel López de Legazpi hacerse hacer se a la mar en una nueva expedición.	0	CoMeta	ES	CoMeta:3196
Por orden de Felipe V, proyectó una reforma y amejoramiento de la margen izquierda del de el río Manzanares, lindante con los jardines del de el Alcázar.	0	CoMeta	ES	CoMeta:1372
Sus criaturas representan unos papeles que les vienen grandes; cualquier monarca ha cobrado impuestos, pero aquí se pagan con quesos; la guerra no es hermosa, como cantaron los poetas, sino triste y sórdida, carece de grandeza, pues aquí está dentro de una vulgaridad doméstica; los soldados nunca han sido paradigmas de espiritualidad, pero aquí están levantando pesas en camiseta o haciendo ejercicios respiratorios; el heroísmo se ha vaciado de grandeza (' Druso ordenó a la tropa que plantara en la cima una bandera. La operación costó la vida a uno de los soldados, que aplastó una liebre al caer ').	1	CoMeta	ES	CoMeta:3257
Lo único que los diferencia es la luz.	0	CoMeta	ES	CoMeta:962
El aumento sostenido que ha experimentado la exportación vitivinícola durante los últimos cuatro meses fue valorado por los productores y exportadores como ' un logro muy significativo '.	0	CoMeta	ES	CoMeta:2755
En declaraciones a Radio Programas del Perú (RPP), Ramacciotti afirmó que los países del hemisferio coincidieron en que el fortalecimiento de la democracia y la consolidación de las instituciones internas ' se debe hacer dentro de un marco de respeto y de no intervención '.	1	CoMeta	ES	CoMeta:1271
Lo ha hecho de modo especial el Ministerio de Sanidad que ha mantenido un total de 182 reuniones con las CCAA.	0	CoMeta	ES	CoMeta:3331
La banda británica The Horrors han versionado la característica ' The Best Thing I Never Had ' de la diosa del de el Ébano y artista pop Beyonce.	1	CoMeta	ES	CoMeta:815
Hernando destacó que la reforma laboral de 1997, fruto de los acuerdos alcanzados con los agentes sociales, tuvo efectos ' extraordinarios ' sobre el empleo y sirvió para frenar el crecimiento ' desbocado ' de la inestabilidad laboral que se produjo a partir de 1986.	1	CoMeta	ES	CoMeta:603
La semana que viene el proceso va a seguir exactamente igual.	0	CoMeta	ES	CoMeta:100
Los ministros dieron la bienvenida a la selección de Canadá para la presidencia del Comité Ejecutivo de la Iniciativa del Transporte del Hemisferio Occidental (ITHO), mientras que la copresidencia será para Jamaica, Bolivia y Perú.	0	CoMeta	ES	CoMeta:189
Y ovnis en Barbastro.	0	CoMeta	ES	CoMeta:3488
Está previsto que en el transcurso del día el gabinete de Mori decida formalmente el 25 de junio como la fecha para los comicios, que serán las primeras elecciones generales desde octubre de 1996.	0	CoMeta	ES	CoMeta:3355
Es así como el 16 de enero de 2012 inició la ejecución de actividades de demolición, replanteo, tala de árboles y movimiento de tierras en las mismas instalaciones donde se había proyectado la construcción de La Palma Centro Comercial.	0	CoMeta	ES	CoMeta:2503
Usaba un raticida llamado «grasa de ratas» - en alemán, «Mäusebutter», muy común en la época -, que consistía en pequeñas hojuelas de arsénico mezcladas en grasa animal.	0	CoMeta	ES	CoMeta:298
' El 12 de julio de 2000, varios barcos pesqueros con registro argentino, que se encontraban en la zona económica exclusiva argentina, fueron sobrevolados por aeronaves británicas con asiento en las islas Malvinas ', según el comunicado difundido por la Dirección de Prensa de la Cancillería.	0	CoMeta	ES	CoMeta:1865
Tuvo que deletrearle deletrear le el nombre y el apellido.	0	CoMeta	ES	CoMeta:1697
Así pues, Roncero publica este viernes en el diario de Prisa -- Messina se ' mourinhiza ': bien hecho -- los pormenores de la visita del de el entrenador del de el Real Madrid de baloncesto, Ettore Messina, a su homólogo en la sección de fútbol, José Mourinho, quien le enseñó sus métodos para preparar al a el equipo en Valdebebas.	0	CoMeta	ES	CoMeta:2579
Portavoz.- Sí, decirle decir le que yo creo que la convocatoria de estas mismas manifestaciones son el principal ejemplo de que este es un país de derecho, es un país de libertades y que el Estado de Alarma lo único que restringe es la libertad de movimiento y la libertad de reunión.	0	CoMeta	ES	CoMeta:2357
Acaba en un rincón, cada día más hundido, hasta la postergación definitiva.	1	CoMeta	ES	CoMeta:796
¿Qué veo también?	0	CoMeta	ES	CoMeta:2852
El aumento de la superficie de la vela hace la maniobra más difícil que la de un foque.	0	CoMeta	ES	CoMeta:1572
Así y todo discrepo y lo traiciono muchas veces cada día.	0	CoMeta	ES	CoMeta:2024
Pero antes de eso, habrá otras coincidencias: cuando Clinton, esté llegando esta tarde al Palacio de Bellevue, donde será recibido con honores militares por el presidente alemán, Johannes Rau, a pocos metros de distancia, en la Avenida 17 de Junio, los corredores de la Vuelta Ciclista a Alemania darán los últimos golpes de pedal de su entrada triunfal a la capital.	1	CoMeta	ES	CoMeta:1636
En más de una ocasión tuvo acceso a los paddock del de el Gran Premio de Inglaterra en el Circuito de Silverstone, así como en otros circuitos.	0	CoMeta	ES	CoMeta:999
La oscuridad que envolvía a toda la isla presagiaba el fin del año y tal vez el fin del mundo.	1	CoMeta	ES	CoMeta:604
Me parece una de las mejores opciones hoy en día.	0	CoMeta	ES	CoMeta:2687
El pasaporte debe tener una vigencia de al a el menos seis meses de validez y es necesario un visado, que se obtiene en los aeropuertos de Egipto (sin fotos) a su llegada.	0	CoMeta	ES	CoMeta:2816
' El encuentro ruso-español a alto nivel servirá para el posterior fortalecimiento de las tradicionales relaciones entre las partes, impulsará de modo práctico la cooperación en diferentes campos y fortalecerá la interrelación de cuestiones actuales europeas e internacionales ', añade el comunicado.	1	CoMeta	ES	CoMeta:22
Abogó por una solución justa y duradera a la deuda exterior, y reiteró la necesidad de fortalecer la disciplina u transparencia de la supervisión bancaria y las políticas económicas y financieras ' sanas ' y de continuar con los cambios estructurales.	1	CoMeta	ES	CoMeta:436
Al parecer, había un fuerte vínculo con su tripulación.	1	CoMeta	ES	CoMeta:1741
Un comité oficial encabezado por el ministro del Interior, el ex vicepresidente Humberto de la Calle, mantiene negociaciones con los líderes de los pobladores que protestan contra el establecimiento de una zona de distensión para el ELN.	0	CoMeta	ES	CoMeta:896
Éste álbum se completó con una gira por diferentes ciudades francesas, pero fue, según los propios comentarios de la cantante, su más sonoro fracaso, sin embargo su paso por Francia fue lo que le permitió producir su siguiente trabajo.	1	CoMeta	ES	CoMeta:720
Son tan amables, dicen altas, pagan también a las feas y a las guapas, beben ron y coca-cola, van a Point Cumama.	0	CoMeta	ES	CoMeta:2850
Es la primer Power Ballad de la banda.	0	CoMeta	ES	CoMeta:2121
Chávez acudió en la noche del jueves, justo una semana después de aparecer por última vez ante los venezolanos para lanzar un mensaje institucional en cadena nacional de radiotelevisión, a un ' Programa Especial ' de la cadena privada Venevisión, en el que fue entrevistado durante dos horas por el periodista Fausto Malavé, que acogió numerosas preguntas llegadas por Internet para el mandatario.	1	CoMeta	ES	CoMeta:1902
El tercero fue Giacomo, que aprendió el oficio de tejedor.	0	CoMeta	ES	CoMeta:3218
Además, subrayó la necesidad de fomentar la formación ocupacional y, si esta tendencia sigue, recurrir a la política de inmigración ' en un buen número de casos ' para evitar el ' estrangulamiento del crecimiento de ciertas empresas y la generación de nuevos puestos de trabajo '.	1	CoMeta	ES	CoMeta:2283
Manzanilla Bay es muy bonito, pero viento y lluvia.	0	CoMeta	ES	CoMeta:1020
En 2000 actuó en la película Faust: Love of the Damned.	0	CoMeta	ES	CoMeta:497
Las otras dos eliminatorias enfrentarán a Zimbabue con Rumanía y a Uzbekistán con Holanda en Taskent.	0	CoMeta	ES	CoMeta:1869
El Estadio de Nuuk (Danés: Nuuk Stadion) es un estadio multiusos de la ciudad de Nuuk, en Groenlandia, Dinamarca.	0	CoMeta	ES	CoMeta:546
Amigas y amigos, Quiero decir algo con la tranquilidad que me da la convicción, alto y claro: el Gobierno de España no negociará nunca con los terroristas.	1	CoMeta	ES	CoMeta:1903
Al principio no eran más de diez, algunos de ellos con sus mujeres y sus niños y sus perros de comer, pero en pocos años desbordaron cuatro callejones de los arrabales del puerto con nuevos chinos intempestivos que entraban en el país sin dejar rastro en los registros de aduana.	0	CoMeta	ES	CoMeta:2734
Y el Consejo General de Enfermería le mandó una carta para poder hacer test PCR y test rápidos.	0	CoMeta	ES	CoMeta:3214
Desde que subieron allí arriba, el invierno es verano y el verano es invierno.	0	CoMeta	ES	CoMeta:2289
Se encuentra en las Islas Canarias (España).	0	CoMeta	ES	CoMeta:2438
La melancólica observación quedaba contrastada por el frágil esplendor de la naturaleza iluminada en Maracas Bay.	1	CoMeta	ES	CoMeta:1299
' El presidente del Gobierno (González) recibía en su despacho y organizaba comidas con intermediarios para impulsar operaciones empresariales.	1	CoMeta	ES	CoMeta:1812
El texto de la patronal contempla también la creación de nuevos contratos de trabajo enfocados a la reinserción laboral de una duración que podrá oscilar de 18 meses a cinco años y ampliar de ocho a doce meses el periodo de referencia (en el cual se exige haber trabajado cuatro meses) para poder solicitar el subsidio.	1	CoMeta	ES	CoMeta:2509
Las hojas son alternas, elípticas, enteras, de 1-2 dm de longitud.	0	CoMeta	ES	CoMeta:2067
Reconoce que la deuda exterior es el principal obstáculo para el crecimiento y la estabilidad de la región, y agrega que ' mediante un compromiso serio de políticas económicas y financieras se pueden alcanzar desarrollos sociales '.	1	CoMeta	ES	CoMeta:1747
Que era un hombre bueno, solo y desgraciado.	0	CoMeta	ES	CoMeta:2972
La llegada de Guus Hiddink no ha servido de mucho al equipo verdiblanco.	0	CoMeta	ES	CoMeta:1826
Vamos a comenzar con TV3.	0	CoMeta	ES	CoMeta:651
Expresó el más enérgico rechazo a la aplicación unilateral y extraterritorial de las leyes o medidas nacionales que infrinjan el Derecho Internacional e intenten imponerse imponer se en terceros países.	1	CoMeta	ES	CoMeta:1944
El viceprimer ministro afirmó que ' ninguna de las tres versiones es más verosímil que la otra ', aunque así descartó aparentemente hasta diez hipótesis más barajadas por la comisión, entre ellas el disparo de un torpedo por error de un buque ruso y un sabotaje.	1	CoMeta	ES	CoMeta:1843
Le ofrecí tres mil pesetas si se llevaba uno de los dos Niños Dioses, el que él quisiera.	0	CoMeta	ES	CoMeta:1061
Surgida en plena campaña para las elecciones municipales del próximo domingo, esta crisis fue estimada por el Consejo Supremo de Defensa del País como una ' amenaza a la seguridad nacional ', al tiempo que el primer ministro, Mugur Isarescu, la calificaba de ' ataque concertado y especulativo '.	1	CoMeta	ES	CoMeta:1012
No hubierais podido.	0	CoMeta	ES	CoMeta:2611
Este centro dispone de ocho laboratorios de investigación, áreas de apoyo científico tecnológicas, dos quirófanos experimentales y dependencias diferenciadas para los animales.	0	CoMeta	ES	CoMeta:1135
Las redes internacionales mesoamericanas explican la evolución de las piezas producidas por los portadores de la cultura de Tlatilco, cuya cerámica da cuenta de las relaciones de la cuenca de México, primero con el Occidente de Mesoamérica y después con los olmecas.	0	CoMeta	ES	CoMeta:2135
Por el norte se construyó el palacio diocesano y la catedral.	0	CoMeta	ES	CoMeta:1984
' Puesto que Dios, el Destino y la Naturaleza han decidido la suerte de esos marinos, ¿no será una blasfemia llevar adelante la operación de rescate? ', manifestó.	0	CoMeta	ES	CoMeta:2567
Carvalho acababa de entrar en su despacho, tenía frío en los huesos - y una cierta sensación de haberse haber se equivocado de día o de año.	1	CoMeta	ES	CoMeta:979
Sentaos en el sofá con las palomitas en mano que os lo habéis ganado.	0	CoMeta	ES	CoMeta:1124
Una estrella PMS aparecerá más «hinchada» que una estrella de secuencia principal.	1	CoMeta	ES	CoMeta:1801
Algunos creen que el incremento de la participación de los gobiernos locales en crear la política conducirá a una mayor propiedad de los programas de préstamos, por lo tanto a una mejor política fiscal.	0	CoMeta	ES	CoMeta:317
El proyecto fue aprobado por la Cámara de Representantes la semana pasada después de intensas gestiones realizadas por el presidente, Bill Clinton.	0	CoMeta	ES	CoMeta:1170
Lamentablemente, cuando partían para Nutka, Isaac Wooden se perdió en un accidente de navegación cerca del de el cabo Ommaney, siendo uno de los pocos que murieron en el transcurso de la expedición.	0	CoMeta	ES	CoMeta:960
Durante el año 2008 fue dejado fuera de la selección adulta por el DT Marcelo Bielsa para los duelos contra Bolivia y Venezuela, y fue convocado nuevamente para jugar un partido amistoso frente a la Selección de Turquía, en Estambul.	0	CoMeta	ES	CoMeta:1112
Por este motivo estas grabaciones no sirven para identificar todos los tipos de murciélago.	0	CoMeta	ES	CoMeta:1375
Las autoridades costarricenses arrestaron a Niño Canales, peruana, después de una intensa investigación, porque la delincuente es considerada responsable de la entrada de miles de indocumentados a Estados Unidos, igual que Castillo, indica la sede estadounidense.	0	CoMeta	ES	CoMeta:1309
