statement	isMetaphor
' Puedo asegurar que no le vamos a permitir jurar el cargo.	0
En 1945 apareció como bailarina en la película musical The Blonde From Brooklyn.	0
- - Ya sé ya sé.	0
Éste es el enfoque que ha defendido desde un principio mi Gobierno y que hoy es generalmente compartido por los países que componen la misión.	1
José María Vázquez Quintana explicó posteriormente a un grupo de periodistas que la competencia en la telefonía local vía radio que permite dar telefonía fija hasta el domicilio de los clientes con tecnologías móviles, puede incrementarse incrementar se por la llegada de nuevas tecnologías y que probablemente la evolución del UMTS permitirá a los cuatro operadores que tienen estas licencias dar telefonía local vía radio.	1
Especialistas de las Fuerzas Armadas egipcias afirman que hasta finales de 1999 han eliminado más de dos millones de minas.	0
Un bigotudo sin bigote es como un ministro o un futbolista que ha dicho adiós a la cartera o al balón.	0
- - Si me hubiera dejado a mí, jefe, le habría salido todo mucho más barato.	0
En el año 2007 sacan su segundo disco en vivo el cual obtiene mucho éxito, incluso un disco Doble Platino tras vender 2.000.000 copias en Estados Unidos.	0
De la Torre considera que la medalla de oro en Sydney estará situada a 2,38 metros del suelo, ' y Javier está capacitado para saltar esa altura ', dijo.	0
Germán de Granda es un investigador de gran solvencia, el primero entre nosotros en las indagaciones lingüísticas sobre el África negra y sus relaciones e influencia sobre el español.	0
Dichos sistemas otorgan servicio domiciliario a 1 711 tomas domésticas.	0
Budisa, por su parte, ha sido objeto de críticas por acceder en varias ocasiones a ' colaborar ' con Tudjman, echando a perder los esfuerzos opositores para la democratización del país.	0
Dólera calificó de ' brillante, tanto en su aspecto cuantitativo como cualitativo ' el trabajo realizado esta legislatura en el Congreso de los Diputados por Pedro Antonio Ríos, que repite candidatura, y de quién dijo que ' es el diputado por excelencia de la Región de Murcia '.	1
Deducíamos que era la bandera japonesa porque la llevaban los japoneses.	0
Esto va a ser lo que va a pivotar los números para el próximo año, una vez que también conozcamos cuáles son los elementos que tenemos que preservar en nuestro compromiso europeo, en nuestro compromiso con la consolidación fiscal, pero que permita como siempre que nadie se quede atrás en este momento de crisis, que podamos apoyar a nuestro tejido productivo y que podamos seguir ganando en prestaciones, en derechos, como este Gobierno tiene en su hoja de ruta y los partidos que hicieron posible esa investidura así también lo apoyaron y así también lo haremos una realidad, espero que más temprano que tarde.	1
No la vemos en este presupuesto, ¿dónde está la inversión en este presupuesto?	0
La cena del Holiday Inn es casi tan elegante como la del Hilton.	0
La firme intervención del primer ministro, Mugur Isarescu, quien garantizó la solidez de BCR, la estabilidad de las cotizaciones de la moneda nacional, asimismo la convicción de la gente de que fueron víctimas de manipulaciones especulativas, contribuyeron a traer de nuevo la calma.	1
Ha ocupado diversos puestos en la Dirección General del Instituto Nacional de la Seguridad Social, en la que fue adjunta al director general y subdirectora general adjunta de Gestión de Prestaciones.	0
En la reunión de hoy de la comisión, sus miembros examinaron toda la documentación material, técnica y gráfica recogida los últimos días por el buque científico ' Akademik Mstislav Keldish ' en el lugar del accidente.	0
World 's Strictest Parents (En Latinoámerica conocido como: Adolescentes Rebeldes) Es un programa de televisión, estilo reality donde dos adolescentes problemáticos (generalmente un chico y una chica), son enviados a vivir con una familia de reglas estrictas, en un intento de sus padres por cambiar sus vidas.	0
' El encuentro ruso-español a alto nivel servirá para el posterior fortalecimiento de las tradicionales relaciones entre las partes, impulsará de modo práctico la cooperación en diferentes campos y fortalecerá la interrelación de cuestiones actuales europeas e internacionales ', añade el comunicado.	1
Para Vázquez Quintana la apertura de la red de telefonía local de Telefónica a otros operadores no es la solución total ya que podría hacer que la empresa dominante dejara de invertir en la red por no considerarla considerar la como una inversión atractiva, y el Gobierno debe incentivar estas inversiones.	1
Ellos me ayudaron a elegir el mejor destino y la mejor manera de llegar.	0
La anunciada dimisión de Weizman, de 76 años, se formalizó después de que la Fiscalía General del Estado criticara con dureza el hecho de que el presidente recibiera cientos de miles de dólares de regalo de amigos, mientras ocupaba cargos públicos, que no declaró.	1
Esta última acepción es también conocida como entidad de coordinación.	0
Si de él careciéramos, ¿para qué unas tareas que requieren esfuerzo, dedicación, capacidad y que - además - no mejoran ninguna economía?	0
Excitado por la promesa se enderezó en el momento en que el coche culminaba un cambio de rasante y aparecían majestuosas, abajo y a lo lejos, las bahías espumeantes por el rodillo del tozudo oleaje.	1
Entonces movía la cabeza lentamente y disfrutaba de la tenue caricia que dibujaba aquella pluma casi invisible cuando se decidía a resbalar sobre su piel.	1
Ruocco opinó que ' un corte económico del tamaño que está irritando a Argentina debe ser muy necesario para ellos ', pero consideró que a Uruguay lo va a afectar porque ese país entrará en un período recesivo.	1
- Usted me toma por Herodes; guárdese guarde se su sucio dinero - contestó orgullosamente.	1
La inteligencia de los robots que responden lógicamente nos causa al mismo tiempo risa y miedo, cosa que no le había sucedido antes a nadie.	0
En Sevilla, donde se ubica uno de los principales centros de producción de Santa Bárbara, los sindicatos rechazaron la venta de la empresa y criticaron que la SEPI no les haya informado del contenido del protocolo de venta.	0
Durante años, una de las principales demandas vecinales fue la creación de una zona verde en un solar de 22.000m ² en el corazón del de el barrio.	1
El embajador estadounidense en España, Edward Romero, aseguró que la inversión en investigación básica contribuye a la prosperidad económica y destacó la colaboración entre España y Estados Unidos en este campo, materializada en diversos acuerdos.	1
Flanqueado al a el norte, sur y este por barreras naturales, el emplazamiento permitía a los conquistadores defender mejor el poblado de cualquier ataque indígena.	1
Porque los fanáticos de Sendero Luminoso no pueden admitir que haya seres libres.	0
Portavoz: Y en relación con la siguiente pregunta, creo que he intentado expresarlo expresar lo en algunas de las preguntas de sus compañeros: este Gobierno ha tenido que pactar con el conjunto de fuerzas políticas porque pareciera, se ha dado la falsa sensación, de que la responsabilidad en preservar la salud de los ciudadanos, en poner en marcha políticas públicas de protección de la salud, era exclusivamente una responsabilidad del Gobierno, cosa que es absolutamente falsa.	1
A lo máximo que podemos aspirar los demás a seguir sin desfallecer vuestra lección de dignidad hasta que ETA desaparezca.	1
Vivía durante el pontificado del de el papa Higinio (138 -- 140), tiempo en el cual hizo un viaje a Roma.	0
La primera es en relación a los congresos científicos.	0
Concretamente en el pueblo de Chibana, 84 personas incluidos 45 niños) fueron obligadas a suicidarse suicidar se.	0
Cada combate está dividido en 3 periodos independientes de 2 minutos cada uno, con un descanso entre ellos de 30 segundos.	0
' La realidad política es la que es y al final ésta es tozuda y se impone ', ha subrayado, después de reiterar en varias ocasiones que el escenario político español ha cambiado con la mayoría absoluta del PP y que ello afecta también a Cataluña.	1
Cecilia Calderón y Mireya Adum, que integran el grupo de mayoría de tendencia de centroizquierda que el uno de agosto eligió a la independiente Susana González como presidenta del Congreso, serán recibidas mañana, viernes, por el TC para exponer sus argumentos en contra del recurso de amparo.	0
Tales reglas, interpretadas y expandidas a lo largo de los siglos, determinan con precisión qué alimentos se consideran puros, es decir, cuáles cumplen con los preceptos de la religión y cuáles no son casher (estos últimos se llaman, en hebreo, trefá, טְרֵפָה).	0
Las hermas de todos los tipos eran muy solicitadas por los romanos ricos para decorar sus casas y villas.	0
Igualmente, le puedo decir que en el reparto del dinero dirigido, reservado, 1.000 millones para las cuestiones sociales, el peso ahí básicamente es el peso poblacional.	1
Ginés volvió la cabeza hacia la recepción del hotel donde la mulata se besaba a sí misma en un eficaz intento de repartirse repartir se el rouge de los labios, en aquella penumbra de naturaleza oscurecida que no conseguía paliar ni una entristecida luz eléctrica mañanera.	1
Esto fue así todos los días hasta la muerte de Gaucho en 1999.	0
Durante la segunda ronda, que comenzó el 12 de septiembre, Toyo Kogyo anotó todos los puntos de gestión para superar a sus rivales, fue la decisiva victoria de 3-2 en el partido disputado en el Estadio Nacional de Tokio de 10 de octubre.	1
La secretaria de Trabajo de Izquierda Unida, Susana López, señaló que es preciso reorientar las políticas de empleo para frenar la precariedad laboral, penalizar el ' abuso ' de la contratación temporal y aprovechar el potencial de la economía española para crear más empleo.	1
Muy buen taller, de los de toda la vida, me atendieron muy bien y me solucionaron la averia en poco tiempo ya muy buen precio.	0
El FC Barcelona de Pep va dando pasos agigantados a su último fichaje, al a el del de el central o lateral que es lo que ha pedido el técnico como último esfuerzo y se gastará un máximo de 10 millones de euros que es lo que podría haber en caja.	1
En la Academia también estudiaban Maruja Mallo, con quien mantuvo gran amistad, y Alfonso Ponce de León, con quien se casó en 1933.	0
Las mismas fuentes señalaron, no obstante, que los dos líderes habían hablado sobre la cuestión muy en serio, y que Clinton es consciente de su responsabilidad hacia los aliados.	0
Gonzalo Sánchez de Lozada, por su lado, dijo que la conversación ' franca, abierta y constructiva ' permitió transmitir ' ciertos temas que son de vital importancia ' y en los cuales su partido quiere contribuir a su solución sin ser parte del Ejecutivo.	1
- - Si sale el sol, seguro que saldrá por Maracas Bay.	0
La vida se polariza hacia el placer y su mejor símbolo es Venus, estrella del crepúsculo del alba: pero el nombre de esa estrella en latín es Lucifer.	1
La salud de las 31 personas retenidas en el Parlamento desde el 19 de mayo por un grupo de hombres armados que intentan consolidar una intentona golpista ha comenzado a resentirse resentir se por la tensión en la que viven, según un equipo de médicos que los pudo visitar hoy jueves.	0
Dos millares de prostitutas, los mejores ciclistas de Alemania, miles de abogados y médicos de todo el país y varios líderes mundiales, incluido Bill Clinton, coincidirán estos días en Berlín, que deberá poner a prueba su capacidad de organización ante semejante avalancha de acontecimientos.	1
El trato ha sido igualmente formidable, las dueñas son muy amables e intentan facilitarte facilitar te información sobre la zona y lo necesario para una estancia placentera.	0
El 1 de diciembre de 1167 se formó la Liga Lombarda y Federico se retiro al a el otro lado de los Alpes.	0
Antonio no había venido y ella sola ensuciaba siempre poco, así es que acabó en un santiamén.	0
Por esa razón la AAH no organizó ningún campeonato durante toda la década de 1910.	0
Entre ellas nombró las relaciones con terceros países, la moneda, el agua, el petróleo, las fronteras y la región petrolera de Abyei, fronteriza entre ambas regiones y que debía haber celebrado otro referéndum para elegir incorporarse incorporar se al a el sur o seguir unida al a el norte.	0
AZTI está integrado en la Corporación Tecnalia, junto a otros centros tecnológicos del de el País Vasco especializados en otros ámbitos de la ciencia y la tecnología.	0
Hizo su debut en Primera División a la edad de 17 años, el 9 de abril de 2006, en la victoria de su equipo River Plate frente a Instituto por 3 a 1, entrando como remplazo de Gonzalo Higuaín.	0
Las chinelas de su madre, sus tobillos siempre al aire sobre los tacones que, según afirmaba con convicción, eran indispensables para parecer arreglada, atractiva incluso, hasta en los peores momentos de la jornada doméstica, le precedían por la estrecha escalera de la azotea, iluminando para él los aterradores tramos que jamás habría sido capaz de coronar solo.	1
Aseguró que a ella, al igual que el candidato demócrata, Albert Gore, le enseñaron a ' creer que el mundo puede hacerse hacer se nuevo cada vez ' y pidió a los estadounidenses que permitan al actual vicepresidente de EEUU crear el país ' de nuestros ideales '.	1
Alejandro Alonso indicó que López de Coca pretende ' echar un poco leña y volver a recordar otra vez los incendios y el lino que se quedaba en la carretera tirado ', mientras que ' mucha gente nos habíamos propuesto que el desgraciado asunto del lino pasara a la historia '.	0
Diversas actividades, que van desde un congreso mundial de prostitutas hasta una prueba ciclista, dificultarán la labor de la policía de Berlín durante este fin de semana en que se reúnen en la capital 14 líderes para una cumbre de reformistas.	0
Nacido en la localidad mexicana de Torreón, se trasladó a los tres años de edad a España con sus padres y creció en un pueblo jornalero de Extremadura, Llerena, en la provincia de Badajoz.	0
El camino que hemos escogido incluye, además, el diálogo y la concertación política en Afganistán y en la región, con la implicación positiva de los países que la forman --Pakistán, en particular-- y siempre con el respaldo de la Comunidad Internacional.	1
Una, de que esto es un debate jurídico.	0
Pedí entonces a mi hijo que se deshiciera de una de las dos figuritas.	0
Inesperadamente, los límites de su vida se habían reducido a la mínima expresión.	0
Entonces recordó que la noche anterior se había acostado sin lavarse lavar se los dientes y se maldijo por su pereza.	0
Y, para el País Vasco y para España entera, es un rostro visible de nuestro afán de libertad y de justicia, el recuerdo imperecedero de los valores que nos unen y de las causas que defendemos.	1
Alonso añadió que ' preferiríamos que el caso del lino pasara a la historia, a los anales de hechos desgraciados, pero lo que este señor o sus asesores hayan decidido hacer es su responsabilidad y no tenemos nada que decir '.	0
Soy María García Clemente, del diario La Verdad.	0
La televisión hablaba sola en su rincón con verborrea mecánica: a Antonia le gustaba mantener el aparato encendido, lo estuviera viendo o no.	0
Según el informe, el 19 de mayo las reservas de oro y divisas del Banco Central eran de 18.300 millones de dólares.	0
El Alavés, equipo revelación de la Liga, y el Celta, para muchos el que ha ofrecido el mejor fútbol del campeonato, llevan demasiado tiempo sin ganar.	0
El equipo de Javier Irureta, no obstante, lo tiene todo a su favor para proclamarse proclamar se campeón por primera vez en su historia, pero en las cinco jornadas que faltan por disputarse disputar se deberá mejorar mucho la imagen que ofreció ante el Rayo para evitar sobresaltos.	0
María Antonia Lucena nació el 24 de diciembre de 1948 en Málaga, está casada, tiene dos hijos, es licenciada en Ciencias Políticas por la Universidad Complutense de Madrid y pertenece al Cuerpo Técnico Superior de la Administración de la Seguridad Social.	0
Es la potencia que transforma en conceptos claros y perfectos las impresiones procedentes de los sentidos.	1
El coche aparcó junto a los cobertizos de los vestuarios y duchas.	0
De esta forma, el Medef confirma que para los patronos es la firma del Care lo que da derecho al cobro de subsidios y no el simple hecho de haber cotizado al UNEDIC (organismo que administra en Francia el seguro de desempleo).	0
El equipo rojiblanco cada vez tiene más difícil su permanencia en Primera División, un objetivo que parece imposible de alcanzar para el colista Sevilla y que también se complica para el Betis, ahora tercero por la cola.	0
Algunos, sin embargo, han propuesto que los cuerpos fungiformes de insectos tienen una función similar a la del de el hipocampo.	0
Lógicamente, el plato ya estaba frío y no lo comimos.	0
Esta fue la forma en que justificaron el golpe, al a el cual le llamaron eufemísticamente ' sucesión constitucional '.	0
Esta pasión de los caleños por este ritmo musical se hace ver ante el mundo cada diciembre, en la Feria de Cali.	0
Y eso está bien, qué caray.	0
Este pequeño Gran campeón dijo en declaraciones ofrecidas al a el Diario La Prensa y Orituco.com, que su aspiración es llegar campeón este año, que está trabajando para eso.	0
El portavoz del PP, Rafael Hernando, dijo hoy a EFE que los agentes sociales deben acudir con mentalidad ' abierta ' y sin planteamientos ' preconcebidos ' a la cita de esta tarde con el presidente del Gobierno, José María Aznar.	1
Claro que el no compartir sus opiniones y sus arrebatos no quiere decir que no los comprenda.	0
Entre los cultivos de secano, destaca su producción de trigo, cebada, avena y, en menor medida, centeno.	0
La semana que viene el proceso va a seguir exactamente igual.	0
- - Pero desde que subieron allí arriba.	0
La operación está sujeta a ciertas ' condiciones suspensivas ', como la obtención de autorizaciones administrativas de acuerdo con el contrato de concesión y con la ley de defensa de la competencia, y a otros requisitos como la confirmación de los vendedores que deberá ser emitida antes del 10 de octubre próximo.	0
Mi querido Joaquín Ruiz-Giménez: Estas semanas atrás, en que hemos asistido a la presentación de la revista Claves, me han traído irremediablemente a la memoria las jornadas fundacionales de Cuadernos para el Diálogo, un empeño, si bien se mira, muy similar en muchas cosas al que ahora ve la luz.	0
MADRID, 3 (EUROPA PRESS) Las tenistas españolas Anabel Medina, Carla Suárez, María José Martínez, Nuria Llagostera, Arantxa Parra y Lourdes Domínguez han decidido retirar su plante para disputar la próxima eliminatoria de la Copa Federación tras llegar a un acuerdo con la Real Federación Española de Tenis (RFET) después de más de cuatro horas de reunión en el Consejo Superior de Deportes (CSD) con la mediación del de el secretario de Estado para el Deporte, Jaime Lissavetzky.	0
El equipo donostiarra que dirige Javier Clemente, socio del Athletic, supera en la clasificación al conjunto bilbaíno después de estar por detrás durante 26 jornadas.	0
Además, se creará un órgano independiente de supervisión de seguridad en las minas de carbón, al que las explotaciones deberán presentar cada dos semanas informes detallados sobre el nivel de seguridad del yacimiento.	0
Ese compromiso que consiste en llevar a vuestro día a día los principios y valores que todos defendemos, que consiste en vivir con orgullo y con firmeza nuestra apuesta por la Constitución y los derechos fundamentales, y que consiste en creer que el terrorismo sólo está para ser derrotado, que la paz no se negocia y que la libertad no se regatea.	1
En malayo, mondok significa bajo, gordo, rechoncho, rebolludo, lo que no debe complacer demasiado a los delegados de la Ford en Malaisia.	0
En Timor occidental será la organización Care UK la encargada de combatir la malnutrición y poner en marcha un programa de higiene y saneamiento para las víctimas de las inundaciones en la frontera de Timor oriental.	1
Veo su foto en los periódicos: una mujer joven, atractiva, probablemente zamba, esto es, mestiza de negra e india; oscura de color, en fin, como son oscuros todos los habitantes de las villas limeñas, arrabales de miseria en donde se hacinan cientos de miles de personas.	0
A igual título, y conectado, deberíamos indagar el problema de la violencia en los civilizados.	0
Es bueno destacar que esta Red no estaba bien implementada, ya que si bien contaba con una gran cobertura a nivel nacional, al a el ser IS - 95 no permitía el envío de SMS, como tampoco el tráfico de datos, por lo tanto, era una Red Análoga, que sólo soportaba servicios de Voz.	0
Lo que no puede hacer el Gobierno ni nadie, ni en España, ni en ninguna democracia civilizada, es intentar saltarse saltar se la Ley y violar lo que es la mayoría de los españoles.	1
No había ninguna razón para creerlo creer lo: no se conocían, no se habían visto nunca, y Fermina Daza no tenía nada que ver con las decisiones del concurso, si bien estaba al corriente de sus secretos.	0
Se considera uno de los libros cristianos más influyentes después de la Biblia y con mayor número de lectores, por lo que se trata de un clásico de la literatura mística.	0
El guardameta del Atlético de Madrid Antonio Jiménez ' Toni ' cumplió ayer, miércoles, uno de sus sueños previstos para la presente temporada al vencer, por primera vez en su carrera deportiva, al Barcelona, al que jamás había podido derrotar a pesar de sus numerosos partidos con el Espanyol.	1
El grupo Campofrío, que registró durante 1999 unas ventas de 136.400 millones de pesetas, controlará con Navidul y OMSA Alimentación una cuota del mercado nacional de cárnicos de entre el 21 y el 22 por ciento.	0
Y mientras tanto, - qué ocurría en nuestro país?	0
En una época en la que la televisión era en blanco y negro, el show se filmó en color.	0
Es importante destacar que la naturaleza de la misión ISAF, tal y como la define el Consejo de Seguridad de la ONU, no ha variado en los casi nueve años que lleva vigente.	1
El jefe de Estado, Alberto Fujimori, acudió a las urnas en solitario, sin la participación de su rival, el economista Alejandro Toledo, en una segunda vuelta que no fue vigilada por observadores nacionales y extranjeros.	0
Y por tanto volvemos a animar, volvemos a tender la mano para que recuperen esa senda del sentido común, esa senda de la cordura que nos permita sentarnos sentar nos a dialogar, a propósito de los problemas de los ciudadanos.	1
Tienen una tendencia cosmopolita y universalista.	0
Para ello, contrató a Edward Wilson como su científico principal, y luego Wilson se encargó de elegir a un equipo experimentado de colegas.	0
Pero ella era de natural metódico y sólo se dormía, con asombrosa precisión, de doce de la noche a siete en punto de la mañana.	0
Aun así, si sientes curiosidad, te dejamos tras el salto un par de enlaces a los hilos de trabajo que se ha formado sobre el tema en XDA - Developers, así como con un vídeo donde poder hacerte una idea de cómo luce el HD2 con este toque a Android 2.3.	1
Completan la nómina Jacinto Espinoza (portero); Geovanny Espinoza y Marlon Ayoví (defensas); Cléber Chalá y Diego Herrera (volantes) y Ariel Grazziani (delantero).	0
No obstante, hemos tenido que asumir, a veces con mucho dolor, el sacrificio de nuestra presencia allí y lo hemos asumido en nombre de nuestro interés nacional y de nuestros compromisos con la seguridad de todos.	0
La inversión en investigación básica es el camino para el crecimiento y la prosperidad económica, afirmaron hoy empresarios, el embajador de EEUU y el director de investigación de la Comunidad de Madrid, quienes abogaron por elevar la ' cultura científica ' de los ciudadanos y la ' cultura de la innovación ' de los empresarios.	1
El mapa conocido más antiguo es una cuestión polémica, porque la definición de mapa no es unívoca y porque para la creación de mapas se utilizaron diversos materiales.	0
La organización añadió que Washington no fabrica este tipo de minas desde hace dos años y ha prohibido su exportación, pero se reserva el derecho a retomar la producción en cualquier momento.	0
Croissier participó en la XI Convención de la Bolsa Mexicana de Valores (BMV), que se lleva a cabo en la Ciudad de México, donde señaló que, al privatizar progresivamente las empresas estatales en el mercado de acciones, ' es una ventaja cuando existen desacuerdos o temores de que puedan caer las compañías en manos de extranjeros '.	1
Y traslado mi más sentido pésame, por parte del Gobierno y del conjunto de la ciudadanía española, a quienes han visto perder la vida de aquellos a los que más quieren.	1
Actualmente, los alemanes toman un promedio de 6,7 kilos de café por persona al año.	0
Tobias Sammet, Nacido el 21 de noviembre de 1977 en Fulda, Alemania es el vocalista, teclista y compositor de la banda de Power metal Edguy, también conocido por su proyecto de opera metal que realizó con Avantasia el cual incluye grandes músicos tales como Andre Matos, Kai Hansen, Michael Kiske, Timo Tolkki, Roy Khan y Jorn Lande.	1
Jorge Martín Salinas (n. Pirayú, Paraguay, 06 de mayo de 1992) y es un futbolista paraguayo.	0
El siguiente diagrama muestra a las localidades en un radio de de Brogden.	0
Y por tanto tenemos que estar todos a una, y así estamos, para intentar llevar a cabo políticas de protección de las personas, de impulso de nuestro tejido productivo, de digitalización, cambio climático, como ocurrió en toda esta semana.	1
VINZENZ NOVIAS lleva desde el año 92 vendiendo trajes de novias en la pronvincia de Barcelona.	0
Para ello se recurrió a medidas populistas y paternalistas, como la vivienda de protección oficial y el retiro obrero, o la protección de familias numerosas y del de el trabajo de mujeres en temas de maternidad.	0
Algo parecido nos sucede a los hombres aunque nuestra luz es otra.	1
El Gobierno, por medio del ministro de Sanidad, lo que hará es rendir cuentas en las Cortes Generales cada 15 días.	0
Nosotros hablamos un lenguaje claro, sin dobleces, y perseguimos la derrota no sólo de la práctica terrorista, sino de la pretensión totalitaria que la intenta justificar.	1
Pero lo que todos los grupos de esta Cámara –a excepción del suyo– le pidieron al Gobierno es que, además de evitar en el futuro este tipo de prácticas, recuperara el dinero público utilizado de forma irregular en contra de la ley y de las normas de conducta que el propio Gobierno se había dado.	0
En las novelas de aventuras el que engaña es el sentido de la vista, que hace que el explorador desorientado descubra un oasis donde sólo hay una duna y los restos de un camello muerto.	0
Portavoz.- Muchas gracias, Albert, y si me permiten a raíz de tu pregunta quizá me voy a extender un poco en esta primera contestación porque seguro que responderá también algunas inquietudes que tienen el resto de compañeros, que posteriormente van a preguntar también.	1
En la tradición europea culta, requiere el estudio de muchas disciplinas, tales como la armonía, el contrapunto, la orquestación, y el conocimiento de formas musicales.	0
El Komercni Banka (Banco Comercial), uno de los cuatro bancos más grandes de la República Checa, anunció hoy que despedirá a 2.300 empleados más antes de finales del año dentro del proceso de saneamiento de la entidad estatal.	1
El cabeza de lista de IU al Congreso por la circunscripción de Murcia en las próximas elecciones generales, Pedro Antonio Ríos, aseguró hoy que la campaña que hará esta fuerza política será ' limpia ' y retó a los candidatos del PP y PSOE a hacer debates monográficos sobre cuestiones que interesan a la Región, como el agua.	1
¿no hay ningún médico ahí?	0
Quedan, como ven ustedes en el mapa que está en sus pantallas, quedan en fase 1 todas las provincias de la Comunidad Autónoma de Castilla y León, toda la Comunidad Autónoma de Madrid, toda la Comunidad Autónoma de Valencia; en Cataluña, las zonas sanitarias de Girona, Lleida, Catalunya central, Barcelona Ciutat, Metropolitana Nord y Metropolitana Sud; las provincias de Toledo, Ciudad Real y Albacete, y las provincias de Málaga y Granada en la comunidad autónoma de Andalucía.	0
La sanción fue impuesta por el Departamento Administrativo del Medio Ambiente de esta capital del norte colombiano y tras un proceso de siete años que obligaba a la empresa a cumplir con medidas sobre descontaminación.	0
Tanto el jefe de Estado, Gustavo Noboa, como los dos bloques de legisladores enfrentados han asegurado que aceptarán la resolución del TC.	1
- Qué necesidad había de ponerlo poner lo, al dorso de cada sobre, si el papel era tan recycled ecological antes como ahora?	0
Es que no se puede entender que el Partido Popular diga que él, que no confía en este Gobierno, permanentemente está criticando la acción de este Gobierno, está intentando desgastar este Gobierno, ahora prefiera que la restricción de un derecho fundamental como es la movilidad se haga en solitario por el Gobierno, en vez de refrendarla refrendar la el Congreso de los Diputados.	1
Cuando Maeterlinc escribió su romántico - Pájaro Azul - no sabía que ese pájaro vive y está en América y se llama Blue-Jay y por cierto es un verdadero hijo de ramera que les pega a todos los demás y sólo acude a nuestras manos si le ofrecemos algo.	0
También merece la pena destacar su servicio de catering y comidas preparadas, por un módico precio te preparan una comida en que los todos los comensales se van a chupar los dedos, y su mayor virtud es el gusto que ponen en todo lo que hacen.	0
Ello está permitiendo mejorar sustancialmente la tasa de alfabetización de la provincia, sobre todo entre las niñas.	0
Roy Trubshaw y Richard Bartle crearon el primer MUD en un PDP - 10.	0
' Hay cosas urgentes, problemas de tanta necesidad que se requiere de la oportunidad para analizarlos analizar los en forma conjunta ', dijo el ex presidente (1993-1997), que acudió a la reunión acompañado de tres altos integrantes del Comité Ejecutivo de su partido.	1
El modelo Sierra toma su nombre de esa palabra española, aprovechando que no es en absoluto extraña al mundo anglosajón: ya aparece en inglés americano en 1759.	0
Esta misma semana, la prensa achacó a la negligencia de las autoridades la muerte de 162 mineros por una explosión de gas en la mina de carbón de Muchonggou, el pasado 27 de septiembre.	0
Muere el 21 de julio de 1984.	0
Y en tercer lugar, estamos trabajando también para que el peso de la población, en los dos tramos que tenía el gasto sanitario, tenga un mayor protagonismo.	1
Se podrá también autorizar mercados al aire libre o de venta no sedentaria en la vía pública, dando siempre preferencia a los productos alimentarios de primera necesidad, y también se permite la apertura al público de establecimientos de hostelería y restauración para consumo en el local.	0
Enfrentarse Enfrentar se a Argentina ' es lo mejor que le puede pasar a Ecuador ', según Gómez, quien en constantes declaraciones ha destacado que el rival tiene jugadores ' sobresalientes ' pero que su equipo también tiene elementos importantes, ' aunque en otra dimensión '.	0
La compañía hizo uso del recurso de apelación, tras lo cual la multa fue confirmada y reducida a 1.365 millones de pesos, explicó el funcionario.	0
- - Es que una casa necesita tanto de la mano de un hombre, si usted supiera.	0
Algunos de sus diseños se convirtieron en piezas de los museos más importantes internacionalmente, en Europa, Estado Unidos, y Japón.	0
Normalmente se toma cruda, como ingrediente de ensaladas y otros platos, pero ciertas variedades, sobre todo las de origen chino, poseen una textura más robusta y por ello se emplean cocidas.	1
- Vamos allá, ministra portavoz, con un grupo de medios y periodistas que componen las siguientes cabeceras: TV 3, Redacción Médica, Infolibre, La Verdad de Murcia, la Televisión del Principado de Asturias, El Siglo, Onda Madrid, The Guardian, El Independiente y el Grupo Nervión.	0
Pero con moderación protege los intestinos y por eso dejar de fumar puede ser también perjudicial.	0
En ambas ocasiones, su compañero Raúl Arribas fue quien saboreó los triunfos del Espanyol sobre el Barca por 5-1 en la final de la Copa Catalunya, disputada el 13 de marzo de 1996, y por 2-0 en el derbi liguero jugado el 9 de febrero de 1997, día en que Toni fue baja por una lesión en el dedo.	1
De vez en cuando, Ginés se alzaba para otear el cielo por si continuaba allí la esquina despejada del noreste.	0
P.- Onda Madrid: ¿Qué tal?	0
Esto solo sería el principio ya que en la actualidad posee una de las ascensiones más duras del de el mundo Realization (Biographie extension) en Ceüse, Francia.	0
La ciencia se está afanando para encontrar ese remedio, esa investigación puntera que nos permita tener ya un remedio eficaz.	0
Luego sacó el cajón entero y se lo colocó con dulzura en el regazo.	1
El cuarto de estar no era más que un hueco oscuro, tibio y familiar como el regazo de una madre.	1
En este sentido se refirió a la reciente creación del Ministerio de Ciencia y Tecnología y a las primeras declaraciones de su titular, Anna Birulés, sobre el impulso de la investigación, desarrollo e innovación.	1
A la muerte de Pablo Torres Burgos se pone a disposición de Emiliano Zapata como jefe de las fuerzas.	0
La nación española comienza en Cervere (can Cerbero de las tres cabezas) y acaba diagonalmente en la laguna de Acherón (Huelva) con el Caronte de la Estigia.	0
Soy un hombre al que le gusta conectar con la gente y no había tenido la oportunidad de hacerlo hacer lo hasta ahora.	1
Los congresos científicos están regulados en tanto al aforo permitido en las distintas fases del plan de desescalada, en las órdenes que han sido publicadas, y me remito también a la orden que saldrá publicada mañana en el Boletín Oficial del Estado.	1
Y estoy convencido de que, a pesar de las dificultades, y son muchas, estos esfuerzos y sacrificios contribuyen a hacer el mundo algo más seguro y a proteger a los españoles de amenazas que ya nos han golpeado muy dolorosamente en el pasado.	1
El Gobierno de España no transigirá nunca con las ambigüedades y los cálculos de quienes pretenden sacar rédito de los mismos.	0
Y si ahora realmente lo es - qué pasa con la otra?	0
Tienen al PNV disgustado por el pacto con Bildu, tienen ERC en el no, tienen, incluso, a formaciones políticas como Compromís que también votaron en contra de la prórroga del Estado de Alarma.	0
Los ministros dieron la bienvenida a la selección de Canadá para la presidencia del Comité Ejecutivo de la Iniciativa del Transporte del Hemisferio Occidental (ITHO), mientras que la copresidencia será para Jamaica, Bolivia y Perú.	0
Es una fundación que quince años después mantiene viva la memoria de Miguel Ángel y de todas las víctimas del terrorismo en el corazón de los vascos y del conjunto de los españoles.	1
Quería preguntarle preguntar le al ministro Illa sobre las playa, se está preparando un protocolo de Sanidad para el uso de playas, y quería preguntarle preguntar le sobre si se han tenido en cuenta las peticiones realizadas por el Gobierno asturiano, ya que los arenales asturianos, del norte, son bien diferentes a los del Mediterráneo, por ejemplo son menos accesibles, más susceptibles a las mareas y sería interesante que se tuvieran en cuenta estas particularidades.	0
Con ese crepúsculo diario la naturaleza nos adiestra para la experiencia mortal trescientas sesenta y cinco veces cada año y sesenta u ochenta años, uno tras otro.	1
El director del banco, Radovan Vrava, señaló que el motivo principal es la reestructuración del banco y no sólo la reducción de los costes.	0
Hoy en día, las ruinas del de el Palacio se ha convertido en sitio arqueológico protegido por el gobierno, incluyendo un jardin y un museo, el Museo de Curtea Veche.	0
Las escenas interiores fueron filmadas en Roma.	0
Los motivos alegados para intentar asesinar a la mujer eran que ésta provenía de una familia acomodada, y que durante la separación se había quedado con el chalé familiar y con una empresa.	0
Chaudhry y trece ministros de su Gabinete, además del Fiscal General y diputados y asistentes personales, forman el grupo de personas retenidas por la fuerza en el Parlamento.	0
Las oraciones y las lecturas hacían referencia a los santos y mártires relacionados con esos templos.	0
Desde entonces el condado deja de ser una entidad política soberana y el espacio político de la actual Cataluña sólo volvería a definirse definir se como tal mediante los estatutos de autonomía de 1932, 1979 y 2006.	0
La cruel historia de Afganistán nos ha demostrado una y otra vez que sin un amplio concurso internacional y sin una voluntad decidida de los países vecinos de la región no habrá solución a la inestabilidad en aquel país.	1
José Antonio Vidaurre, jefe del de el Regimiento Maipo acantonado en Quillota, apresó a Portales cuando este pasaba revista a los soldados.	0
La otra semifinal enfrentará a España con Estados Unidos en Santander sobre tierra batida del 21 al 23 de julio, pero este fin de semana también se disputarán tres eliminatorias para la permanencia en el Grupo Mundial.	0
Fue en estos años en que él tuvo un gran acercamiento con ese país, ya que participó como invitado de Mercedes Sosa en el Festival Internacional de la Canción de Viña del de el Mar de 1992 y colaboró además con importantes artistas chilenos como Isabel Parra, Congreso y Los Jaivas.	1
El secretario general de UGT, Cándido Méndez, criticó que la ' brutalidad ' de la temporalidad de los contratos impide la caída del paro y lamentó que los últimos datos de desempleo registrado siguen siendo ' desfavorables '.	1
Con la compra de acciones en CGO, Autopistas Concesionaria Española (ACESA), filial del grupo financiero catalán La Caixa y que constituye la mayor operadora de rutas con peajes de España, presente también en Portugal e Italia, pone un pie en Latinoamérica.	0
Resaltó la firma de un acuerdo entre el Grupo de los Tres (G-3), integrado por Venezuela, Colombia y México, y la Asociación Latinoamericana de Integración (ALADI), formada por 11 países latinoamericanos, así como la propuesta para un desarrollo sostenible, presentada por Centroamérica.	0
Y sí decirle decir le que, evidentemente, el Ministerio de Hacienda escucha a las CC.AA. y hay algunas cuestiones que se les han planteado, que estamos trabajando.	1
La espontaneidad de Mesic - quien siempre está dispuesto a bromear, parece más cálido y relajado y da la impresión de persona capaz de cumplir lo prometido - ha hecho que también superara a su principal rival, Budisa, que hace sólo unas semanas era el favorito para las presidenciales.	1
Los industriales han calculado que, pese a la esperada reactivación, en los tres primeros meses del año 2000 se han perdido entre 2.600 y 2.700 puestos de trabajo en el sector manufacturero.	0
Por esta razón, en la reunión de Ministros de Defensa de la OTAN, que se celebró en Bratislava en octubre de 2009, los países aliados manifestamos nuestro pleno respaldo a una nueva estrategia para Afganistán, que priorizase la llamada ' afganización '; esto es, una estrategia que pusiera el acento en la transferencia de responsabilidad a los afganos, para que sean ellos los que se hagan cargo de su país, empezando por su propia seguridad.	1
Regalar - detalles - es una cursilería o un bochorno.	0
Los países latinoamericanos evitaron hoy en la reunión de Washington iniciar el proceso de sanción oficial a Perú al rechazar la propuesta de Estados Unidos que pretendía invocar la Resolución 1080, el máximo instrumento que la OEA tiene para preservar la democracia representativa en el continente.	0
Dios conocía el esfuerzo que hizo Fermina Daza para no acompañarla acompañar la cuando la prima fue a conocer a Florentino Ariza en la oficina del telégrafo.	0
Los documentos de la disolución con la firma de Mori y el sello del emperador Akihito fueron entregados al presidente de la poderosa Cámara del Legislativo, Soichiro Ito, por el ministro Portavoz del gobierno Mikio Aoki, a primera hora de la tarde.	1
Las gorditas son en realidad tortillas hechas a mano, en las cuales antes del de el cocimiento, el disco de masa cruda ha sido rellenado con otro ingrediente (generalmente, chicharrón prensado o queso fresco);	0
' Conversamos sobre las expectativas de la Cumbre OPEP de Caracas, en la que contaremos con la presencia de los presidentes de Argelia y Nigeria ', acotó.	0
Las restantes 1.115.856 contrataciones de mayo fueron de carácter temporal, entre las que sobresalen 445.079 (36,39 por ciento) eventuales por circunstancias de la producción, 363.686 (29,73) de obra o servicio determinado y 190.887 (15,61) de tiempo parcial de duración temporal	0
País Vasco, los territorios históricos de Guipúzcoa, Vizcaya y Álava.	0
Allí, rodeado de páginas de programación, provisto de alimentos suficientes para una larga travesía, armado con el mando a distancia del televisor, el mando a distancia del vídeo VHS y mando a distancia del Beta, decidió construir su particular trinchera.	1
El estilo de ambos trabajos está marcado por la amarga hostilidad del de el autor hacia el cristianismo.	1
Promueve los procesos de negociación que permitan acabar con los conflictos regionales, y se apoya iniciativas sobre el control, reducción y tráfico de armamento.	0
En ese año es que Hugo Baeza bautiza al a el cuadro como Huracán Buceo «para distinguirlo distinguir lo de todos los demás Huracanes que había en la ciudad y además haciendo coincidir las iniciales del de el club con las mías propias».	1
En 1994, sin embargo, rompió con Tudjman para convertirse convertir se en uno de sus mayores críticos y denunció el excesivo poder que había concentrado el presidente.	0
Todo el enclave se halla rodeado por Los Pirineos lo que le da una belleza natural impresionante.	0
Hombrados, que ' respeta, pero no teme ' a ningún contrario, ve la posible semifinal ante el actual líder de la liga ASOBAL y acaparador de títulos, FC Barcelona, como ' un hueso, que en todo caso siempre habrá que superar para lograr un título que busca el Ademar ', concluyó.	1
Me aloje este verano con unos amigos y la verdad es que estaba todo muy limpio, los dueños muy amables, nosotros ibamos con moto y no hubo problema en que nos las guardaran en su garaje.	0
El propósito del Gobierno de España es, como siempre, proporcionar todo el apoyo con los medios económicos, materiales, digitales y legales que estén a nuestro alcance.	0
P.- ¿Qué le parece lo que se ha anunciado para el día 9?	0
El Gobierno, apuntó Pimentel, se ha enterado de la operación, pero no ha participado en la gestión del pacto entre el BBVA y Telefónica y lo que va a hacer ahora es estudiar si él mismo vulnera o no algún tipo de reglas de la competencia.	0
El ' Castilla ' es un buque hospital que tiene dos grandes quirófanos, lo cual explica que dentro de la dotación también vaya un equipo de sanitarios.	1
' No podemos realizar la Unión Europea sin tener en cuenta la voluntad de los ciudadanos o incluso en contra de esa voluntad ', dijo el político socialcristiano bávaro.	0
El taxista contemplaba su negociación a distancia, con la sonrisa a medio camino entre una reflexión interior sobre la voluntad de fiesta del extranjero y el saludo al cliente de todas las mañanas.	0
Para la consecución de este objetivo cobra un papel fundamental la educación, y es que cuanto mejor funcionen todos los departamentos y todas las instituciones que tienen encomendadas funciones y competencias en materia de juventud, menor será la necesidad de intervención de la justicia juvenil.	1
El verdadero blasfemo es el agnóstico porque negándose negando se a conocer - - o tratar de - - quiere eludir el mayor problema.	0
Algunos restaurantes McDonald 's de Nueva Inglaterra y las provincias marítimas de Canadá ofrecen lobster rolls en sus menús de verano bajo el nombre McLobster Roll.	0
Sr.	0
El Ministerio de Sanidad y las CCAA fijaron unos criterios comunes para afrontar la emergencia sanitaria.	1
Se trata en mi caso del clamor de la vejez en el crepúsculo de este día solar que es la vida de cada cual.	1
Unidos conseguiremos de nuevo vencer al virus en esta segunda ola.	1
- - Las llaman Los Siete Magníficos y fueron construidas a comienzos de siglo por las siete familias más ricas de la - ciudad.	0
Rammaciotti no descartó que en la Asamblea General de la OEA que se celebrará el 6 y 7 de junio en Windor (Canadá), los cancilleres evalúen ' cómo perfeccionar estos mecanismos ' para que no se conviertan ' en un instrumento para polarizar, erigirse erigir se como jueces o como árbitros en un proceso electoral '	1
La historia existió y vale como referente, pero los grabados de colorines son otra cosa que el solemne testimonio de su presencia.	0
Podemos enfrentarnos enfrentar nos con todas estas realidades, darles dar les la relación que del índice se desprende y comentar (o discutir, si al caso viene) lo que el autor nos ofrece.	1
La Consejería de Agricultura emitió esta resolución después de comprobar en una investigación que ni su plantilla, ni su maquinaria, ni sus consumos de luz eran suficientes para procesar la cantidad de lino que certificaban.	0
Ayllón ha presentado un escrito con esta petición, firmado por él mismo y otros senadores del PSOE que pertenecen a las circunscripciones por las que discurrirá el trazado del futuro AVE, informó hoy en una nota de prensa el Grupo Socialista en el Senado.	0
El mismo Fox dijo el pasado lunes que ya no insistirá en pedirle pedir le a Cárdenas que conformen una fuerza opositora para expulsar al PRI del poder, y acusó al líder del PRD de tener nexos con Labastida.	1
Tras diez años en el poder, el 3 de enero la nacionalista-conservadora HDZ resultó derrotada en las elecciones parlamentarias, un mes después de que muriera su líder y fundador, Tudjman.	1
Tras el examen preliminar de la documentación presentada, los servicios de competencia de la Comisión Europea estiman que la operación podría entrar dentro del campo de aplicación de la reglamentación comunitaria sobre concentraciones.	1
El equipo ecuatoriano ya tuvo la oportunidad de enfrentarse enfrentar se a otro grande de las eliminatorias, como ellos calificaron a Brasil, en Sao Paulo, ante el que perdieron 2-3 jugando un buen partido.	1
Uno de los pocos aspectos en los que hay entendimiento es en la valoración de ' las motivaciones ', indicaron las mismas fuentes, que añadieron que el presidente Clinton presentó un cuadro matizado de la situación que incita a Estados Unidos a contemplar el NMD.	1
El del Liceo, digo.	0
Somos un equipo y tenemos distribuidas las tareas y esto significa que en ésta, como en cualquier otra cuestión, no todos conocemos el trabajo de todos al momento o al detalle y por tanto aquellos que están expresamente encargados de las negociaciones políticas, en este caso, le corresponden a los Grupos Parlamentarios, son los que han llevado las reuniones y las negociaciones con las diferentes formaciones políticas y eso es una dinámica de funcionamiento que le corresponde, justamente, al Grupo Parlamentario en este caso a los dos, Socialista y Unidas Podemos, que son los que se encargan de hablar con la gran parte de los grupo aunque, evidentemente, desde el Gobierno prestamos todo el apoyo que necesitan para que los acuerdos se puedan llevar a buen puerto.	1
¿Qué enfermedad ataca entonces el cerebro, el corazón y los testículos?	1
La visita de Ramadán será la primera en más de un año de un alto cargo gubernamental iraquí a Jordania para tratar cuestiones políticas bilaterales e internacionales, y se iniciará dos días después de la ratificación en el cargo del nuevo primer ministro, Ali Abul Ragheb, por el Parlamento de Ammán.	1
Nosotros tenemos en nuestro haber una historia de lucha contra el terrorismo muy importante en nuestro país y por tanto las diferencias son manifiestas y son diferencias palpables en cualquier entorno, en cualquier institución y mucho más dentro del País Vasco, pero, es evidente que en este momento lo importante, lo fundamental, era preservar la salud del conjunto de los ciudadanos y el Partido Nacionalista Vasco tiene que entender que también para el País Vasco era importantísimo que no decayera el Estado de Alarma y que tuviéramos la capacidad de que este domingo la gente pueda salir dentro de los corredores sanitarios, con orden, sin ningún tipo de descontrol que haga que haya un rebrote o que se pueda plantear.	1
Y en esa evaluación de los progresos alcanzados con la actual estrategia de transición será, sin duda, muy relevante la Cumbre de la OTAN del próximo mes de noviembre en Lisboa.	1
Es el organismo responsable de los puertos de la bahía de Algeciras y Tarifa.	0
De la población 43,00% eran blancos, 56,31% afroamericanos y 0,68% de dos o más razas.	0
- El cigarro crujía, estaba reseco y deshojado, como si fuera de papel.	0
En la Universidad ' no estaba seguro de lo que Al iba a acabar haciendo con su vida, pero siempre supe que tenía el cerebro y el corazón para cambiar el mundo entero ', aseguró el actor.	0
La decisión de prolongar o frenar al PRI está en más de 58 millones de mexicanos que han sido inscritos en el padrón electoral para que puedan votar en los comicios del 2 de julio próximo.	1
Y en este sentido nuevamente hacemos este llamamiento para que todos podamos hablar del presente, de la situación sanitaria pero también de la situación económica y del futuro de nuestro país.	0
Tras la presentación de este escrito, el titular de Fomento deberá comparecer ante la comisión competente del Senado, lo que permitirá a los firmantes conocer a través de Alvárez Cascos cuál será el trazado definitivo de la futura red y las perspectivas que sobre esta tiene el responsable de este departamento ministerial.	0
Tiene 2 madres.	0
Teniendo en cuenta la originalidad de la población norteamericana, puede uno preguntarse preguntar se sobre el carácter específico del de el arte del de el país: ¿existe una arquitectura específicamente estadounidense?	0
Entonces se felicitan con chocar de palmas y mucho alarde de festividad, y van a por la siguiente.	0
Los vecinos de ' Los Camacho ' son Pati De López (Roser Pujol) y su marido, Pelayo (Alberto Lozano).	0
Y es heroico sentir miedo ante las amenazas senderistas y seguir actuando año tras año, sin embargo, como si el propio miedo no existiese.	0
Es decir que, evidentemente, ese marco de relaciones laborales, afortunadamente, ha tenido en esta pandemia sanitaria, en esta crisis económica, yo diría que unos raíles que les están permitiendo dar pasos más de gigante que se hubieran producido en condiciones normales.	1
Acaba de publicar un libro que no vacilo en calificar de importante.	0
Y para la ministra Montero, quería preguntarle preguntar le si considera contradictorias, que hubo incoherencias entre las versiones de distintos ministros sobre ese mismo acuerdo del Partido Socialista, Unidas Podemos y Bildu.	0
En México el sello Pearless edito un EP con 3 temas.	0
Son las mismas razones, me consta, que comparte una amplia mayoría de esta Cámara, porque todas las decisiones tomadas por mi Gobierno respecto a la presencia de tropas españolas en Afganistán han sido respaldadas siempre con un gran consenso.	1
Raúl, de penalti, marcó su decimosexto gol en lo que va de Liga y alcanzó el centenar en Primera, precisamente en el estadio en el que debutó el 29 de octubre de 1994.	0
El 25 de mayo (día del aplazamiento electoral) yo entendí que era el momento de expresión de otros actores ', en referencia al Tribunal Supremo, Consejo Nacional Electoral (CNE) o a la Comisión Legislativa Electoral o Congresillo, confirmando lo inusitado de su silencio.	0
Los científicos americanos, necesitados para su carrera de un currículum en constante crecimiento, tienen una regla no escrita publish or perish, publica o perece.	1
Imaginen un pueblo de chabolas de varios cientos de miles de personas: caminas y caminas por los mugrientos arenales y la miseria resulta inacabable, inabarcable.	1
Según las descripciones antiguas, Curtea Veche estaba situada en una colina bastante alta, rodeada por la orilla sur del de el Río Dambovita, y fuertes muros en los puntos cardinales.	0
Yo no necesito para nada que él me pestañee: lo que hace falta es que me pestañee un soldador, me aplique el soplete, me ponga al rojo vivo, me deje calcinada y doña Carmen Alborch me dé un millonerío para reconstruirme reconstruir me.	1
A fin de cuentas la que cocinaba era ella, qué caramba.	0
El Care ' compromete ' al desempleado a efectuar una ' búsqueda activa de empleo, a presentarse presentar se a los retos profesionales que se le propongan y a entrevistas bimensuales '.	0
Algunas investigaciones ' sostienen ' que las edades extraordinarias de los patriarcas bíblicos son resultado de errores en la traducción: los ciclos lunares se confundieron con los solares, y las edades reales son 13,5 veces menores.	0
Yo sólo sé que en aras a esta garantía del Estado de bienestar de los vascos, hombre, bajarlo bajar lo lo bajan, el 7% este año, como el año pasado.	0
El incidente es narrado en el episodio ' Galaxy Stranger '.	0
Los otros nombres de modelos tenían un significado claro.	1
Después supimos que la bandera había sido esa pero que tras el armisticio fue como si dijésemos castigada.	1
Para el director general de Investigación de la CAM, Francisco José Rubia, es necesario apoyar a fondo la investigación de calidad e incentivar con diferentes medidas la colaboración entre los científicos y técnicos y el sector productivo.	0
En su lugar, intentó colocarlos colocar los a la cabeza de la línea.	0
En francés, Mon dieu! es aún una exclamación perfectamente viva y en Portugal hay un río llamado Mondego.	1
En serbocroata, monden significa playboy, tipo de la jet-set.	0
Pero esa noche no dormí.	0
Las hojas son muy estrechas y están dispersas, lineales, con un borde plateado.	0
Se llaman fosfenos, y es divertido seguirlos seguir los mientras sobreandan en la inestable marea de los ojos.	1
No esperó su respuesta.	0
Lo exigen los ciudadanos, para dar un horizonte de tranquilidad, de sosiego, de certidumbre a su día a día.	1
- - - Hay algo en el mundo tan hermoso como Trinidad?	0
Nava García indicó que en 1999 las autoridades migratorias deportaron a unas 120.000 personas, la gran mayoría de origen centroamericano que buscan llegar a Estados Unidos.	0
Usaba un raticida llamado «grasa de ratas» - en alemán, «Mäusebutter», muy común en la época -, que consistía en pequeñas hojuelas de arsénico mezcladas en grasa animal.	0
Un whiskito de tanto en tanto es bueno para el corazón.	0
Respecto a la enfermería, el personal de enfermería ha hecho una labor magnífica durante esta etapa de lucha contra la pandemia, ha sido un colectivo de profesionales sanitarios que han demostrado un comportamiento ejemplar y por tanto quiero empezar teniendo un reconocimiento a su labor, que es fundamental, fundamental, fundamental en toda la labor de asistencia sanitaria.	1
- ¡Eppur si muove! -	0
En los últimos meses, los altos cargos iraquíes que viajaban al extranjero empezaron a utilizar Damasco como base de operaciones fuera de su territorio, en lugar de Ammán, durante años su única salida al exterior.	1
No soportaba los domingos.	0
Advirtió que sólo conocía de lejos a Fermina Daza, que nunca habían pasado de los saludos formales y no tenía ninguna noticia de su intimidad, pero daba por cierto que era una mujer admirable, surgida de la nada y enaltecida por sus méritos propios.	0
Canarias fue la única comunidad donde aumentó el paro, pues en el conjunto de España bajó un 3,2 por ciento.	0
Utilizaremos, como siempre, la justicia, los términos más equitativos para que realmente podamos compensar a las comunidades por el gasto sanitario y también por el trabajo de prevención que han hecho durante todo este tiempo y de preparación para la desescalada.	1
Los pasos fundamentales en este sentido fueron en primer lugar, la definición de lo que se consideraba un compuesto ' verdadero ', más conocida como Ley de las proporciones definidas, propuesta por J.L. Proust en 1799, la cual establece que: «un compuesto determinado siempre estará constituido por las mismas proporciones de sus elementos constituyentes».	1
' Fuerte con los débiles y débil con los fuertes parece ser la tendencia del Gobierno que hemos calificado como anti dialogante y que nos preocupa más en la medida en que se consolide ', afirma el rector de la UCA, al insistir en que de continuar con esa política ' caminaríamos hacia una democracia autoritaria '.	1
El dos veces campeón del Abierto de Estados Unidos reiteró que aunque el tenis seguía siendo una de ellas, también existía un elevado grado de confusión en su valoración de lo que puede ser el futuro como profesional.	1
' Estamos dispuestos a ampliar el Pacto de San José si México estuviera de acuerdo, y también llegar con otros países a acuerdos similares al del Pacto de San José.	1
Esto es aproximadamente un 53 por ciento de la población española, unos 25 millones de habitantes que están en fase 1, y en fase 2 el resto de España.	0
Por tanto, la prohibición general será de 11 a 6 de la mañana pero si las CC.AA. podrán modular en función de las horquillas temporales esa prohibición de deambular o de moverse mover se en horario nocturno desde las 10 de la noche a las 00 horas de la noche, y desde las 5 de la mañana hasta las 7 de la mañana.	1
Son muy interesantes los datos que arroja el III Plan de Justicia Juvenil y nos ayudan a conocer mejor la realidad de los menores infractores para tomar las medidas adecuadas.	1
- - Me da igual cualquier isla, sólo quiero sol y palmeras.	0
Lugares donde yo estoy convencida de que prefieren una desescalada ordenada, una desescalada segura, para evitar la llegada sin control de personas procedentes de otras zonas con mayor riesgo de transmisión del virus, para que no se tire por tierra todo ese trabajo que se ha realizado con el esfuerzo de todos, incluido el esfuerzo de los presidentes autonómicos.	1
Tenía tres preguntas para el ministro de Sanidad.	0
Algunos creen que el incremento de la participación de los gobiernos locales en crear la política conducirá a una mayor propiedad de los programas de préstamos, por lo tanto a una mejor política fiscal.	0
A esta situación, que comparte con otros eventos culturales, se suma una reclamación de la Sociedad General de Autores y Editores (SGAE) de 14.000, por los derechos de autor de las ediciones de 2007, 2008 y 2009, una deuda que los vecinos han asegurado que ' no pueden abonar '.	0
No vamos a pronosticar cómo van a ir las cosas en un futuro, hay que tener mucho cuidado, hay que ir siempre con mucha prudencia, pero le puedo constatar y le puedo decir que, efectivamente, la evolución de la pandemia en Murcia está siendo muy correcta gracias en buena parte al trabajo que está haciendo la comunidad autónoma y los ciudadanos de Murcia.	0
Algunos han dicho que no porque, en un momento determinado, han estado jugando políticamente a intentar desgastar a este Gobierno, que va a ejercer su responsabilidad a pesar del ruido, a pesar de que algunos intenten desgastarlo desgastar lo, y otros han incorporado a sus pretensiones para poder apoyar esta prórroga cuestiones que nada tenían que ver con la salud de los ciudadanos.	1
En los casi tres años del gobierno actual, el Ejecutivo y la oposición habían mantenido una tensa discrepancia sobre los asuntos de Estado, hasta situaciones de enfrentamiento verbal tanto en el Parlamento como en los medios de comunicación social.	0
El Gobierno afgano debe entender que de su compromiso con estos objetivos depende el apoyo de la Comunidad Internacional.	0
Sin embargo, él estaba convencido de que una viuda desconsolada, más que cualquier otra mujer, podía llevar adentro la semilla de la felicidad.	1
Tras hacerse hacer se público el ' caso Gürtel ', Hinojosa, como administrador de Forever Young, presentó una denuncia contra el sastre José Tomás - que asegura haber hecho trajes para Camps - por elaborar facturas falsas, motivo por el que fue despedido.	0
Las sobó, las acarició, las recontó, y al cabo se decidió por el puro.	0
Lejos de Los Angeles, Al Gore recogió la antorcha del liderazgo demócrata de manos del presidente estadounidense, Bill Clinton, en un acto simbólico celebrado en Michigan.	1
Muy bien: - cree usted que puede dar franca salida a sus ímpetus caritativos agarrando un bosnio o dos y llevándolos llevando los a su casa para colmarlos colmar los de atenciones, protegerlos proteger los del invierno, regalarles regalar les turrón en Navidad y hacerles hacer les ver que la solidaridad humana velaría por ellos y por los demás destituidos del mundo?	1
Casualmente, Toni participó hoy en una sesión fotográfica en el estadio Vicente Calderón junto a Molina organizada por el patrocinador de la selección española.	0
Secretario de Estado de Comunicación: El Siglo, a través de la voz, habla El Siglo.	0
¿Habría que retirarlas retirar las del mercado como hizo el Gobierno con la partida defectuosa de abril?	0
Fue, en este contexto, en el que Carlos II fundó la Royal Society;	0
Algunos miembros llevaban en la cabeza electrodos que conectaban sus mentes, y transferían energía, con el Maestro.	0
Se reconoció el carácter dinámico y creciente de la globalización y de la integración regional como procesos complementarios que pueden favorecer un sistema multilateral de comercio libre.	1
Pero oficialmente no lo era cuando Chibana la quemó.	0
Desgraciadamente la situación de pandemia ha obligado a que el Diálogo Social se haya orientado a frenar esta hemorragia, que nos tiene que permitir, si me permiten el símil, estabilizar al paciente, que no sigamos teniendo ese riesgo de que personas salgan despedidas del mercado laboral y que podamos, de forma progresiva, ir recuperando la normalidad que teníamos en el mes de enero.	1
P.- Sí, soy Noelia de Onda Madrid.	0
Esta escuela estaba dirigida por el filósofo Peter Sloterdijk.	0
Dos cohortes cruzaron el río mientras los auxiliares distraían a los catafractos, los flanquearon por detrás de la colina, subiendo a la cima y atacaron por la retaguardia, los catafractos huyeron a donde sus filas perdiendo el orden.	0
La unidad como hemos visto durante estos largos meses de pandemia de los trabajadores y de los empresarios.	0
En un primer momento en el marco de esta Comisión de Reconstrucción que se ha creado y en donde tenemos expectativas de que realmente se produzcan avances que permitan tener un denominador común, unos cimientos sólido, con independencia de lo que cada uno pensamos sobre cuestiones particulares, pero en cuestiones nucleares que sustentan la realidad de un país, tener la capacidad de ir sumando apoyos y de ir sumando a fuerzas políticas que quieran traducir esos principios luego en unas cuentas públicas que nos permitan definitivamente despegar, o ser capaces de impulsar esa situación de reconstrucción.	1
- - Encarna - - musitó y se echó a llorar definitivamente, como si hubiera asumido de repente estar perdido en una ciudad sumergida.	1
Desde entonces, Lee ha participado en varios otros proyectos de musicales antes de retornar al a el escenario protagonizando el musical de la BBC ' The Sound of Musicals '.	0
Ella, como los otros miembros de la nobleza española, no es culpable de que no hubiera nunca una guillotina en la Plaza Mayor o de que los jornaleros no impusieran con las horcas y el hambre la reforma agraria.	0
Uno acaba de detalles hasta el gorro.	0
En 2007 pasa a Independiente Rivadavia y al a el año siguiente a Deportivo Morón.	0
' Ni gasta el dinero suficiente, ni el dinero que administra lo gasta de la manera más conveniente ', insistió Fidalgo, quien también recordó que la tasa de gasto sanitario en España está todavía por debajo de la media europea.	0
La firma anunció esta semana una inversión de casi 1.200 millones de dólares para aumentar la producción del chip ' emotion engine ', componente clave de PlayStation 2 que ofrece una alta calidad de imagen en juegos y vídeos y que Sony desarrolló junto a Toshiba.	1
Tranquilícese Tranquilice se el autor, alguien ha leído despacio su libro, ha pensado sobre él y, como es menos ingenuo, hasta cree que alguien se decidirá a leer la obra que ahora comento.	0
Por ello, es importante conocer el Museo de las Peregrinaciones, que recoge precisamente la historia de este acto de fe expresado a través de los tiempos.	0
En marchas por separado, el Consejo Nacional de Trabajadores Organizados (CONATO) y la Confederación Nacional Unitaria Sindical Independiente (CONUSI) protestarán en Panamá contra las políticas antipopulares del de el Ejecutivo, a la vez que en Guatemala los gremios pedirán al a el Gobierno reversar un anunciado incremento al a el precio de la energía eléctrica.	0
Bueno, quería trasladarle trasladar le, ministra, que ayer abríamos el informativo otros medios también con este ataque a la vivienda de Idoia Mendia, la secretaria general de su partido, aquí en Euskadi, yo sé que dentro de Bildu hay muchas facetas y muchos sectores, pero dice Idoia Mendia que no va estar en un gobierno con gente que no condena algo que ha ocurrido en su propia casa, No sé si une y pide a Bildu, también, esta condena.	1
Según los últimos sondeos, que predijeron con exactitud el triunfo de la oposición en los comicios parlamentarios del 3 de enero, Mesic se ha convertido en el favorito para las presidenciales, en las que podría lograr un 29 por ciento de los votos.	0
Guillermo de la Torre, entrenador del atleta cubano Javier Sotomayor, aseguró que el plusmarquista mundial de altura está en condiciones de ganar la medalla de oro en los Juegos de Sydney pese al año que ha estado suspendido por dopaje.	0
Y en un abrir y cerrar de ojos, sin más aviso, la sanguinaria mujerzuela se dirigió con él a cuestas hacia la ventana y tiró al desdichado a la calle desde el cuarto piso.	0
El verano de 2006, rechazando ofertas de la liga estadounidense, renovó un año más con el Albacete.	0
Muerto éste, las siguió Diego de Siloé.	0
Amaya refirió que a nivel nacional hay 7,870 trabajadores no docentes, quienes ' hemos decidido que si vamos a paro el lunes (hoy) se afectará las clases, porque nosotros somos los que estamos en los centros educativos ', sentenció.	0
No se arrepentirá.	0
Pero de joven me habría gustado ser marino para recorrer el canal de Panamá.	0
Actualmente no tiene club.	0
Fue reclamada y perteneció sucesivamente al a el reino de Hungría y al a el de Valaquia, y se apropió de ella el Imperio otomano en 1524.	0
' Tal vez la gran diferencia de mi actitud con el resto de las personalidades y celebridades es que no sólo hablo de la necesidad de ayudar a los niños sino que lo pongo en práctica en la búsqueda de ingresos para darla dar la ', explicó Agassi.	0
Y de golpe, hace un mes, el bombazo: había homosexual.	1
Precisamente, el sábado pasado se cumplieron nueve años de los atentados del 11 de septiembre de 2001 en Nueva York y Washington, y creo que todos recordamos el horror de aquel día como si fuera hoy; un horror que se trasladó a Bali, se trasladó a Riyadh, se trasladó a Casablanca, a Yakarta, a Estambul, a Londres, y se trasladó a Madrid para golpearnos golpear nos a los españoles con extraordinaria saña y crueldad.	1
- - - Tiene usted tierras? - - preguntó Rafael un día.	0
El primer ministro japonés, Yoshiro Mori, decidió disolver hoy la Cámara de Diputados para convocar las elecciones generales previstas para el próximo 25 de junio, informaron fuentes oficiales.	1
Temiendo una revelación que lo perturbara de por vida, éste apresuró una defensa cautelosa.	0
Como yo dije en la anterior rueda de prensa, evidentemente no hay libertad para contagiar al resto de nuestros compatriotas, por eso no se sostiene la posición del Partido Popular, y créame crea me que le diga que el Partido Popular en lo que está es en lo que está desde que se aprobó la investidura del señor Sánchez, que es intentar tumbar al Gobierno y por tanto aprovechar esta situación de pandemia sanitaria también para anteponer ese interés electoral o partidista por encima de la salud de los ciudadanos.	1
En la actualidad, residen en España unos 160 de aquellos niños que si que regresaron.	0
' Actualmente, la situación es completamente diferente, con un Indice de Precios al Consumo de entre el 2 y 3 por ciento, los tipos de interés se ubican entre el 6 y 7 por ciento, lo que ha reorientado la inversión hacia las acciones ', resaltó Croissier.	1
Aquellos días de 1997 la sociedad española en su conjunto mandó el mensaje más nítido y más claro: que era una sociedad madura, firme en sus convicciones, con unos valores capaces de superar cualquier chantaje y una apuesta decidida por convivir en paz y concordia.	1
En este caso, los motivos que alega el Gobierno andaluz se basan en el riesgo que puede suponer para la población del Campo de Gibraltar la reparación del submarino nuclear Tireless, ya que éste ha sufrido una avería que además superaba los cálculos iniciales.	0
Sólo le pedía que no me dijera qué había hecho con el indefenso muñeco.	0
En este sentido, me gustaría pedir encarecidamente, a todos los ciudadanos y ciudadanas que se descarguen esta aplicación en su móvil y hagan uso de él.	0
En el caso de los motores diésel, la efectividad es menor.	0
- - Marino! - - exclamó el hindú con entusiasmo.	0
Con Antonio en casa siempre había algún quehacer: servirle servir le la comida, prepararle preparar le las hierbas digestivas, abrirle abrir le la cama, vigilar la hora para despertarle despertar le puntualmente, hacerle hacer le el café de después de levantarse levantar se (americano, en vaso, caliente en invierno y con hielo en verano), cepillarle cepillar le las solapas, que siempre las traía puercas de caspa, y muchas veces, incluso, dar una mano de betún a los zapatos.	1
Más sucio.	1
Pero volvió a perder.	0
Aparece en la literatura con la denominación aceitera de hoja de lata por ser frecuente que se elabore con este material.	0
En una entrevista en Radio Euskadi recogida por Efe, la vicelehendakari afirmó que el Gobierno Vasco ' aún no ha recibido ' del ministerio la información sobre el comando ' Basurde ' de ETA pese a haberla haber la solicitado oficialmente en dos ocasiones.	0
La Asociación de Semilleros Argentinos (ASA) es una asociación civil, con personería jurídica y sin fines de lucro creada en 1949 con los objetivos de promocionar el desarrollo de la industria de semillas de Argentina, representar al a el sector ante organismos oficiales, cooperar en materia de investigación, producción y desarrollo tecnológico, creando el ámbito óptimo para el desarrollo y crecimiento de la actividad.	1
En otros dos municipios que forman parte del área exterior de este ' cinturón rojo ', Humanes y Valdemoro, también logró hoy la victoria la lista al Congreso de los Diputados encabezada por José María Aznar.	1
Pidan el pan de pizza que es excelente.	0
EEUU informó de que dos de sus submarinos seguían las maniobras navales rusas a centenares de millas de distancia y también detectaron las explosiones.	0
El presidente estadounidense tomó buena nota de las preocupaciones europeas reiteradas por Schroeder, es decir, que el sistema antimisiles pone en peligro la cohesión de la Alianza y puede dar lugar a una nueva carrera armamentista.	1
El transporte naval entre las naciones asiáticas, según apuntó el director de la japonesa Fundación Nippon, Hiroshi Terashima, es mucho mayor que en la ruta transatlántica, ' sin embargo, el papel vital del transporte marino se ve minado por las bandas internacionales, lo que puede llevar a destruir el progreso económico de las naciones de la región '.	1
Vivía todo el día de cabeza.	0
La ciudad cuenta con 57 puentes que permiten circular entre los diferentes barrios.	0
En este caso se produce sobre personas que desarrollan su tarea en el marco del Consejo de Ministros y ahora, como siempre, este Gobierno, las formaciones políticas que componen este Gobierno, vamos a condenar cualquier forma de agresión que no permita o que impida la libertad de estas personas y por tanto que no se moleste en su entorno más íntimo, en su entorno familiar se llame señora Mendía, se llame señor Avalos, o se llame señor Iglesias.	1
De su antepasado, Cayetana ha heredado la piedad de rodearse rodear se de poetas religiosos, puesto que el de Flandes frecuentó a Fray Luis de Granada.	0
El Partido Demócrata aprobó hoy ofrecer oficialmente la candidatura a la presidencia de los Estados Unidos en las elecciones del siete de noviembre próximo a Albert Gore, que fue aclamado con aplausos y vítores en su primera aparición ante la convención de su partido.	0
En aquel verano de 1997 las plazas de toda España se quedaron pequeñas.	0
En la ciudad de Potosí, a 3.873 metros de altitud adonde los reyes viajarán este domingo como parte de su agenda programada, la madrugada de hoy sábado registró una temperatura de 10 grados bajo cero, según los informes oficiales.	0
Yo esperar cuanto haga falta.	0
Cuando Chibana lo descubrió, 40 años después de que hubiese sucedido, decidió quemar la bandera de cuando todo eso.	0
Su potencia, resistencia y dominio le convirtieron rápidamente en uno de los jugadores clave del de el club londinense.	1
Con servicio 24 horas, cuenta también con cafetería ' Las Capuchinas ', Salón de TV, sala de juegos, piscina con solarium - mirador, zona ajardinada y garaje.	0
Agradecemos a la providencia la vida que nos ha dado, pero - qué mal habría en el hecho de no haber nacido?.	0
No faltaron en la intervención de Karenna Gore referencias a su infancia, en la que el actual vicepresidente estadounidense se comportó como un padre paciente y comprensivo, ni tampoco a los orígenes humildes de la familia del virtual candidato, granjeros en Tennessee.	0
A raíz de eso se decidió alargar la gira incluyendo Escandinavia, Bélgica, Francia e incluso actuaron una vez para el rey Jorge VI y la Reina Isabel.	0
Para todos los curiosos que se plantean dónde y cuál será el momento más indicado para ver a Clinton, el ' Bild ', el periódico de mayor tirada de Europa, ofrecía estos días una simple y a la vez cómoda solución: ' Por supuesto, en la televisión '.	0
Y Orion es Orión, el gigante mítico, y también la constelación.	0
El presidente del BID, el uruguayo Enrique Iglesias, pronunció un discurso de bienvenida a los participantes de la mesa redonda, entre los que figuraron los ministros de Barbados, Brasil, Canadá, El Salvador, Estados Unidos, Guyana, Haití, Honduras, Jamaica, México, Panamá y Uruguay.	0
Fue un avance tras la estrambótica intervención días antes del consejero Erkoreka.	1
Sin seguridad, y ahí la presencia militar es muy importante, no puede haber estabilidad y sin estabilidad no puede haber un desarrollo político y económico que permita a la población contemplar el futuro con esperanza.	1
Germán de Granda nos entrega un libro en el que, a partir de precisiones sobre el concepto de - español atlántico - nos va dando interferencias lingüísticas de blancos, negros y cobrizos; de las peculiaridades dialectales de alguna parcela del español americano (coherencias con el postulado anterior) o del encuentro del español con lenguas africanas (lo que también es coherente).	1
Pese al aumento del total de contratos, los de carácter fijo han sufrido un retroceso en comparación con mayo de 1999, cuando se firmaron 147.587, lo que representó el 13,07 por ciento del total y significa que la temporalidad ha crecido.	1
Se aprobó el compromiso de trabajar a largo plazo por estrategias globales, regionales y nacionales coherentes ante los desequilibrios de la economía mundial.	1
De 1922 a 1924 estudió matemáticas en la Universidad de Gotinga con Richard Courant, Edmund Landau, y Emmy Noether.	0
Para su familia, fue un hijo o un hermano muy querido.	0
También quisiera destacar las palabras de agradecimiento que el Comandante de ISAF, el General Petraeus, dedicó recientemente a nuestras tropas en una carta dirigida al Jefe del Estado Mayor.	0
Los momentos de mayor pánico y angustia se vivieron en boliches y bailantas de la zona, a las 6:56 horas (hora local), cuando los locales bailables se encontraban con su capacidad colmada.	0
Anotó su primer gol con los Dragones Celestes el 5 de noviembre del de el 2011, en un partido del de el Torneo de Clausura 2011 contra Unión La Calera el cual acabó 2-1 a favor del de el «cuadro iquiqueño».	1
La margarina es fatal y el aceite de oliva, ideal.	0
- - ¡Pero fíjate fija te qué pintas! - - se dijo a sí misma, porque acostumbraba hablar a solas.	0
Los golpistas afirman que el autoproclamado Gobierno que formó Speight el 20 de mayo tiene ' el mandato del pueblo ', según la fuente.	0
Aunque la distinción tiende a desvanecerse desvanecer se con el paso del de el tiempo, se considera que los judíos sefaradíes desarrollan una actividad comunitaria más bien religiosa;	1
Obuchi, de 62 años, sufrió un derrame cerebral en la madrugada del día 2 de abril y, tras permanecer seis semanas en estado de coma, falleció en el hospital Yuntendo de Tokio.	0
En la historia reciente del de el grupo y durante su poco tiempo de vida han pasado pocos músicos, todos sus componentes originales fueron los primeros que empezaron justamente desde inicio del de el grupo, a excepción de bajo.	0
El mandatario indicó que comparte la inquietud de sus opositores sobre el régimen electoral y dijo que ha comprometido ' su coincidencia con la búsqueda de los caminos más convenientes para que las elecciones (generales del año 2002) se hagan con absoluta transparencia '.	1
Estábamos en lo de los sobres.	0
Medardo Fraile juega a un cinismo fácil y divertido.	1
Si se prescinde de la decencia, el problema está en que el presupuesto del común de los mortales no admite grandes despilfarros, y entonces viene la mar de bien ponerse poner se mariagoretis y regalarle regalar le a Rafael Feria un alfiler de corbata y a Michael Jackson un pai-pai.	1
- Es usted marino en ese barco?	0
Además, el término psicoterapia no presupone una orientación o enfoque científico definido, siendo considerado denominativo de un amplio dominio científico - profesional especializado, que se especifica en diversas orientaciones teórico - prácticas.	1
Porque los expertos estiman que ese es el tiempo que necesitamos hasta empezar a superar no solo esta segunda ola actual en la que estamos inmersos sino la etapa más dañina de la pandemia.	1
Antes de nada: amo, admiro y respeto a Cayetana de Alba.	0
La tercera será de la bandera de la Comunitat Valenciana y es una opción bonita.	0
Y en eso también hemos tenido que firmar determinadas premisas o determinados acuerdos con diferentes fuerzas políticas.	1
La legislación fue propuesta por el Representante del de el Estado Tim Solobay.	0
Los buenos eran los chinos de las lavanderías, herederos de una ciencia sagrada, que devolvían las camisas más limpias que si fueran nuevas, con los cuellos y los puños como hostias recién planchadas.	1
Los analistas resaltan que el giro en la opinión pública a favor de ' Stipe ' (Mesic) se debe, precisamente, al marcado contraste entre su actitud y la del que fuera presidente desde la independencia de Croacia de la antigua Yugoslavia Socialista Federal en 1991, el general jubilado Franjo Tudjman, conocido por su mal humor, sus frecuentes declaraciones xenófobas y su poca tolerancia.	1
La empresa española ACESA adquirió el 48,60 por ciento del Grupo Concesionario del Oeste (CGO), que explota la autopista de peaje que une Buenos Aires con la ciudad de Luján, a 70 kilómetros de la capital argentina.	0
Es la mariposa diurna más grandes del de el mundo.	0
Abogó por una solución justa y duradera a la deuda exterior, y reiteró la necesidad de fortalecer la disciplina u transparencia de la supervisión bancaria y las políticas económicas y financieras ' sanas ' y de continuar con los cambios estructurales.	1
El aire acondicionado es regulable, pero está centralizado.	0
Este triunfo supuso su comienzo en el mundo de moda.	1
Esta limitación a la libertad de circulación entre las 11 de la noche y las 6 de la mañana resultará de aplicación en todo nuestro país, a excepción de las Islas Canarias que mantienen en este momento una situación epidemiológica muy positiva.	0
Las condiciones en que las fuerzas de la Comunidad Internacional realizan su misión entrañan riesgos ciertos para la vida e integridad de los soldados; riesgos que derivan de la actuación de una insurgencia conectada a rivalidades locales y tribales, al tráfico de drogas y al crimen organizado, y que comportan una persistente amenaza para la seguridad de los afganos y las frágiles instituciones del Estado.	1
El 66 por ciento de los israelíes apoya la candidatura del veterano dirigente laborista Simón Peres para nuevo presidente, que será elegido por el Parlamento (Knéset) el próximo 31 de julio, según un sondeo que se dio a conocer hoy.	0
Al fin se decidió por el de arriba, el más reciente, aquel que contenía los tesoros de los últimos cinco años.	0
Trabaja con Telecinco para la realización de películas y series dentro de la productora Estudios Picasso.	0
El Gobierno de España no cederá nunca, nunca, a ningún tipo de chantaje de quienes han practicado y alentado el terror; nunca.	1
Esto ya está ocurriendo en la mayor parte de las CC.AA.	0
Una carta de apoyo también les hará mucho bien.	0
- Con nosotros no se trata del sexo sino del seso.	0
A su vez, Orbegoso colocó el 2.	0
Necesitamos disciplina, resistencia y moral de victoria.	0
Tras la emisión del comunicado por parte de Bildu, el Partido Socialista, incluso, aclaró algunos de los conceptos que quizá fuera de esa interpretación se podría haber dado lugar a malentendidos y yo creo que en ese sentido la aclaración que lanzó el Partido Socialista ponía, claramente, de manifiesto cuál había sido la voluntad y cuál había sido el sentido porque, tenga en cuenta, que durante estos días hemos tenido mucho ruido interesado por parte de la derecha, donde incluso se ponía en cuestión si el Partido Socialista y Unidas Podemos seguíamos manteniéndonos manteniendo nos en las premisas que marcaron nuestro Acuerdo de investidura, que tiene que ver no solo con las cuestiones relativas al mercado laboral, sino otras materias, como si el Gobierno hubiera renunciado a su hoja de ruta que venía marcada por el Acuerdo de investidura y justamente lo que se planteó, lo que se firmó, es que seguimos comprometidos con todo aquello que marcó el nombramiento del señor Sánchez en materia tan importante, en este caso, como la como las relaciones laborales.	1
Pinillos llegó la pasada campaña al CD Toledo, cedido por el Deportivo de la Coruña, con opción a un segundo año, ya en propiedad, que hizo valer el Consejo de Administración toledano, y tiene una cláusula de rescisión de 300 millones de pesetas.	0
En Honduras operan las aerolíneas internacionales TACA, las estadounidenses Continental y American, la española Iberia y pequeñas empresas hondureñas y cubanas.	0
Para eso están los Tribunales, tanto el Tribunal Constitucional, como el resto de tribunales.	0
De momento no hay ninguna decisión al respecto.	0
Y lo vamos a hacer -aunque eso pueda generar múltiples lecturas externas o incluso hacer ruido-.	1
Los jueces, lehendakari, determinan responsabilidades penales o administrativas de las actuaciones que enjuician, pero no pueden significar una coartada, ni para que el Gobierno evite la intervención de su Comisión de Ética, ni para que deje de asumir responsabilidades políticas y, sobre todo, los mandatos de este Parlamento.	0
Anoche ganó el Real Madrid, pero ese equipo de mis entretelas es una jaula de grillos.	0
En eso como en todo hay un secreto muy convincente.	0
Uno de un curso superior nos explicó que los aliados le habían cortado los rayos, en plan castración.	0
La campaña oficial de doce días para las elecciones generales comenzará el próximo 13 de junio.	0
Los claros perdedores de estos días serán, sin lugar a dudas, los conductores, que verán cortadas al tráfico las principales arterias de la ciudad, como la Kurfuerstendamm o la propia Avenida 17 de Junio.	1
Sin embargo, el padre de Albert Gore, del mismo nombre, llegó a ser senador.	0
El Espíritu de Ermua alimentó nuestros éxitos comunes en la lucha contra el terrorismo con nuestras mejores bazas: el Estado de Derecho, la democracia, los Cuerpos y Fuerzas de Seguridad del Estado y la cooperación internacional; instrumentos, todos ellos, propios de un Estado moderno y comprometido con sus valores fundamentales.	1
En el Bósforo siempre hace sol.	0
Uno de los Altonatos se lanzó sobre las aguas del de el lago con gran excitación.	0
Los agentes sociales dirán la última palabra sobre el Care el próximo lunes en una reunión que se anuncia como decisiva.	0
Nueva Normalidad significa que habrá que actuar, como no nos cansamos de repetir, con unas normas distintas y habrá por tanto siempre que tener mucho cuidado con la distancia interpersonal, con la higiene y el lavado de manos, con la higiene de espacios colectivos.	0
La unidad de todas las administraciones públicas.	0
Dios sabía lo que hacía cuando le sacó la costilla a Adán - - contestó Rafael.	0
La relación mieloeritroide varía entre 10:1 y 50:1 (lo normal es de 2:1 a 4,5:1).	0
Hernando fundamentó tales premisas en que se trata de defender los intereses generales de los españoles, máxime teniendo en cuenta que España es el país de la Unión Europea que más empleo ha creado y que registra mayor crecimiento económico.	1
Me di cuenta de que la formidable responsabilidad, lo que llaman el peso del hogar, caía de súbito sobre mis hombros con la ingencia de una de las piedras que levanta Perurena cuando no está alzando bueyes o limpiándose limpiando se los dientes con un tronco de abeto.	1
Por eso conviene que antes de marcharnos marchar nos expongamos lo mejor posible nuestra existencialidad y nuestra esencialidad en la medida que a cada cual le parezca adecuado.	1
También quería preguntar cómo ve el ministro Illa la situación de la pandemia en la Región de Murcia y cuál puede ser su posible evolución en las próximas semanas.	0
Los tiempos en que doña Rosa Conde le ponía a un hijo Ernesto Vladimiro en honor del Ché y Lenin, y los tiempos en que gente de a pie, entusiasmada, inscribía a sus niñas con los nombres de Libertad y Constitución.	0
Creo que voy a estar mucho tiempo en este club.	0
Esta tarde finalmente no celebraremos Consejo Interterritorial por razones de agenda, lo vamos a celebrar el lunes que viene y será uno de los temas que abordaremos.	1
' Estoy convencido que igual que gané tres títulos de cuatro Grand Slam me pude quedar sin ninguno porque la verdad es que fue un año un tanto absurdo y de suerte ', reconoció Agassi.	0
Como resultado de la intervención sueca, se aseguró la libertad religiosa para los protestantes en Europa, el mayor logro político de Suecia, que la convirtió en abanderado del de el protestantismo continental durante setenta años, hasta que se produjo el colapso del de el Sacro Imperio Romano Germánico.	0
San Aleix de Serradell es una ermita románica del de el pueblo de Serradell, perteneciente al a el municipio de Conca de Dalt, en la comarca del de el Pallars Jussà perteneciente a la provincia de Lérida.	0
Abrió un solo ojo, como si temiera que los dos le confirmaran excesivamente la panza de burro del cielo, la obscenidad de aquella piel gris y terca que ensuciaba el paisaje tropical de lujo, convertía el arbolado en una infame turba de palmeras y plataneras de plomo oxidado.	1
El otro candidato a presidente, el derechista Moshé Katsav, es respaldado por sólo el 19 por ciento de los israelíes, de acuerdo con el sondeo que publica hoy viernes el diario independiente ' Yediot Ajronot ' de Tel Aviv.	1
La pista fue primero lanzado a través de iTunes France el 28 de marzo, y globalmente en iTunes el 29 de marzo de 2011.	1
Pobre soldador, por cierto.	0
El Estado dispone del 60 por ciento de las acciones del Komercni Banka y el Gobierno checo quiere comenzar el proceso de privatización de este banco ya en este año y terminarlo terminar lo en septiembre del 2001.	0
Quizá ya iba a quedarse quedar se así.	0
Por otro lado, recomendó a las autoridades mexicanas fortalecer el marco económico, para garantizar la reducción de las tasas de interés reales e impulsar el mercado de valores.	1
Pero es fatal para quien no está acostumbrado.	0
En opinión de Fidalgo, ' ni este Gobierno ni los anteriores han tenido el valor suficiente para atajar ese incremento del gasto farmacéutico, que está parasitando el gasto sanitario y evitando que se liberen recursos para aumentar el número de camas, las dotaciones de plantillas y ampliar los servicios de atención a los pacientes '.	1
En la presentación de su programa político ante la Cámara de Representantes jordana, que le apoyó con 74 votos a favor y 6 abstenciones, Abul Ragheb manifestó su intención de trabajar para conseguir el levantamiento de las sanciones internacionales impuestas a Irak hace diez años, cuando sus tropas invadieron Kuwait.	1
Imagínense Imaginen se.	0
Hasta entonces lo había sostenido la ficción de que el mundo era el que pasaba, pasaban las costumbres, la moda: todo menos ella.	1
En este punto, quisiera recordar que, desde el Gobierno nos hemos esmerado por impulsar al máximo la máxima colaboración.	1
Entre las propuestas de la CTU destacan la suspensión del transporte de productos entre ambos países y que se paralice la actividad comercial que las empresas neozelandesas mantienen con Fiyi.	0
Después de horas y horas andando por la mina empieza a oír un inmenso estruendo, y ve a lo lejos un tren minero precipitarse precipitar se, la arqueóloga huye despavorida hasta poder refugiarse refugiar se del de el tren maldito, donde encuentra una cueva con los mineros perdidos.	0
Kuroyédov anunció que al menos 78 familiares de los tripulantes del ' Kursk ' han firmado una petición oficial para subir los cuerpos junto con el submarino en su momento porque ahora hay ' muy pocas posibilidades ' de éxito.	0
En 2000 actuó en la película Faust: Love of the Damned.	0
Ha llevado con empaque su ducado, a la sombra de Durero, y era duquesa de fallera, duquesa montando a caballo, duquesa, la gran duquesa, en su Palacio de las Dueñas o en las coronaciones o fastos reales, o arrancándose arrancando se a bailar sevillanas, con duende, en las albas de aguardiente.	1
Escribo muy lejos de mis libros y, en el refugio de la biblioteca en la que trabajo, he buscado las obras del escritor norteamericano.	1
- - Jesús, esto es un baño turco.	0
Porque hasta ahora ninguna ley establecía a la del Sol Naciente como bandera nacional.	0
Birulés afirmó que las pequeñas y medianas empresas son ' el futuro ' del país por su capacidad para innovar y entroncar con los cambios que está comportando la nueva economía.	0
Los pacientes con diabetes son cuatro veces más propensos a desarrollar enfermedad cardíacas que aquellos que no tienen diabetes.	1
Se puso como objetivo consolidar las democracias y fortalecer las instituciones y la cultura democrática.	1
Ésa debe de ser la prioridad de este Gobierno.	0
' Ahora lo que busco es volver a tener una gran temporada, con un poco de suerte y luego comenzar a pensar en el resto de prioridades que me ofrece la vida '.	1
El Gobierno, si considera que el instrumento que necesita para que, efectivamente, todos seamos capaces de contribuir a preservar la salud de los ciudadanos, es la disminución de la movilidad de la población y por tanto, el único instrumento que lo hace posible, que es el decreto de alarma, cuando llegue ese momento, se verá en función de los datos disponibles, pero el Gobierno no descarta en absoluto y no va a renunciar a su responsabilidad, que es tan importante como poner y anteponer la salud de las personas por encima de cualquier otro parámetro.	1
Por eso seguiremos trabajando desde el Gobierno para intentar llevar esa pedagogía, para intentar sumar esas alianzas y que en este momento hasta que logremos combatir a este virus, circunstancia que todavía no ha ocurrido, que todavía estamos en situación de peligro, seamos capaces de sumar todos los apoyos posibles porque este país nos necesita.	1
Entre los clásicos se encuentran autores como Marcel Proust, Leon Tolstoi, Fiodor Dostoievski, Giovanni Bocaccio y Molière.	0
Los sabios de la antigüedad helena o romana fueron durante algunos años de su vida refugiados políticos.	0
Portavoz.- Si Noelia y en la última pregunta, decirle decir le que, como he dicho anteriormente, este Gobierno desde el presidente hasta el último ministro mantenemos una comunicación fluida y un diálogo constante con el señor Garamendi y confiamos plenamente en su persona, en el señor Garamendi pero también en la Confederación de Empresarios y en Cepyme, en las organizaciones que forman parte del diálogo social y que representan ni más ni menos que al conjunto de los empresarios de nuestro país.	1
Pero no ha sido una actitud estéril.	1
Asamblea de la Jerarquía Católica de Egipto;	0
El incidente se produjo el 12 de julio cerca de las islas Malvinas, que están bajo dominio británico y por cuya soberanía Argentina y el Reino Unido se enfrentaron en una guerra de 74 días en 1982, que dejó un millar de muertos entre ambos bandos beligerantes.	0
Buen año el de 1992 para la Nao de China, o para el Galeón de Manila, o para el Galeón de Acapulco, que tanto monta.	0
Galmés plantea el significado de ' castillo rojo '.	0
Vivo cerca de un parque lleno de palomas, pero en mi calle bordeada de frondosos árboles no hay sino tórtolas que pasan el día arrullándose arrullando se y amándose amando se.	1
Con un detalle, vamos.	0
Se espera que se presenten más de 1.200 candidatos a las elecciones, que se celebrarán el mismo día que el fallecido ex primer ministro Keizo Obuchi cumpliría 63 años.	0
El Hotel Oria, integrado recientemente en la cadena Sercotel Hoteles, está situado en el centro de Tolosa (Guipúzcoa) una población tranquila con un importante patrimonio artístico y cultural.	0
Este pacto con Bildu ha creado, por otro lado, un enorme malestar en el PNV y el PNV ha llegado a decir que esto dificulta que se complete la legislatura.	0
Le diría más: creo que realmente el Partido Popular está justamente aprovechando esta pandemia con la calculadora de votos para intentar como siempre tumbar al gobierno porque la derecha de este país nunca admite que haya un gobierno que sea de otro color político que no sea el color de la derecha.	1
Todas las zonas que ustedes ven coloreadas en color verde en el mapa que tienen en sus pantallas que albergan unos 22 millones de habitantes y un 47 por ciento de la población española.	0
Por ejemplo: el próximo nieto de la señora Caballé debería llamarse llamar se Chamuscado Liceo, y alguno de los venideros descendientes del señor Ruiz Mateos podría llamarse llamar se Atrapado Con Leche.	0
Pero partió a la carrera alegando urgencia biológica y no me obedeció.	0
Mladénov entró en el Gabinete del Gobierno comunista a la edad de 35 años y se esforzó en la apertura del país hacia el mundo.	1
Estamos en Afganistán por la seguridad internacional y por la seguridad de nuestro país.	0
Desde el 17 de mayo de 1997, fecha de entrada en vigor de la reforma laboral, se han registrado 2.430.879 contratos indefinidos e incentivados.	0
El VIII Campeonato Mundial de Esquí Acrobático se celebró en la localidad alpina de Meiringen (Suiza) entre el 8 y el 14 de marzo de 1999 bajo la organización de la Federación Internacional de Esquí (FIS) y el organismo Swiss Ski.	0
Tal cual.	0
Y, como le he dicho anteriormente, hay algunos que han dimitido claramente de sus responsabilidades, que están en el ' no ' a toda costa, que incluso aprovechan la pandemia para otro tipo de fines, y hay algunos partidos progresistas que han entendido o que no han creído que realmente nos jugábamos la prórroga del estado de alarma y estaban con los dedos cruzados para que siguiera aprovechando esta coyuntura para incorporar debates que nada tenían que ver con la salud de los ciudadanos.	1
Un nombre semejante se considera perjudicial para la criatura.	0
Con recorrido este -- oeste, la avenida transcurre por varias zonas de Buenos Aires, actuando como límite entre los barrios de Constitución y Monserrat, Balvanera y San Cristóbal y Almagro y Boedo.	0
Varios pilotos de TACA también fueron multados con la misma cantidad ' por haber volado con su licencia vencida ', añadió.	0
Hasta el momento, de Europa sólo han comunicado su asistencia Esperanza Aguirre y el ministro del Asuntos Exteriores de Gran Bretaña, John Battle, además del viceprimer ministro ruso, Viktor Khristenko.	0
En particular se definieron cuatro niveles de riesgo que me gustaría volver a recordarles recordar les a todos ustedes.	0
- - El calypso es la canción más hermosa de todo el Caribe y es muy antiguo, más antiguo que el rock.	0
Tal y como anuncié en la Cumbre de la OTAN de Estrasburgo y Khel de abril de 2009, para el bienio 2011-2012 aportaremos sesenta millones de euros adicionales.	0
A la hora de poner en orden los deslavazados datos que nos han llegado del de el nacimiento y desenvolvimiento de la antigua Hermandad de la Vera - Cruz de Arahal, y convertir éstos en hitos entre los cuales en tiempo venideros, podamos intercalar los que nos ofrezca una posterior investigación, nos hemos encontrado con que, hasta ahora, y quizá debido al a el tiempo que hace que dicha cofradía no tiene vida, es la de esta ciudad a la que se le ha dedicado menos estudio, o si se le ha hecho, desgraciadamente no nos es conocido.	1
Ted se encuentra con su antigua novia Victoria, ahora comprometida con un hombre alemán.	0
Y la decisión se ha tomado conjuntamente con las Comunidades Autónomas en estas reuniones bilaterales.	0
Al contrario: es campechana y castiza como una ventera y ha conseguido huir de los cretinos de la jet o de los rancios representantes de la nobleza reaccionaria.	1
Secretario de Estado de Comunicación.- pregunta ahora La Verdad de Murcia, solamente es audio, adelante.	0
En el relato el léxico se rebaja desde abstracciones posibles a realidades vitales y el conjunto tiene un aire de feria (- Livia y Druso bajaron de las alturas como Dios les dio a entender, pero tratando de no caerse caer se ni hacer el ridículo, porque ya no eran cortesanos, sino reyes.	1
La percepción de la potencia es una sensación que es proporcional al a el logaritmo de esa potencia.	0
El Estadio de Nuuk (Danés: Nuuk Stadion) es un estadio multiusos de la ciudad de Nuuk, en Groenlandia, Dinamarca.	0
Mientras, el portero José Cevallos cree que ' Ecuador ante Argentina no tiene nada que perder.	0
Y por último queríamos preguntarle preguntar le sobre el papel que va a jugar la enfermería en los rastreos de casos de atención primaria.	1
El volumen exportado ascendió a 74 millones de litros, un 22,17 por ciento más que el año pasado, cuando se vendieron al exterior 60.57 millones, según precisó un informe de la Asociación de Productores y Exportadores de Vinos Finos (Chilevid).	0
La noticia había caducado.	1
La contrapartida que Castilla ofrecía era la de devolver una parte (no cedía Álava) pero con la condición de la incorporación de toda Navarra a Castilla tras el fallecimiento de Teobaldo ya que lo heredarían Alfonso y Blanca.	0
La Reunión del Consejo Permanente de la OEA había generado expectativa en la oposición de Perú ante la posibilidad de que se iniciara un proceso para sancionar a esta nación al considerar ' ilegítima ' la reelección de Fujimori y ' nulos ' los comicios.	0
Éste último abandonó el proyecto antes de que el álbum fuera editado en el estudio.	0
Cuenta con una amplia extensión verde y arbolada, en la cual se instalan los campamentos de astures y romanos durante sus fiestas de Julio.	0
La papelera es una dama.	0
Darlin, le digo al Mendicutti, se acabaron los tiempos en que la Historia tenía mucha categoría, mucho poderío, mucho futuro, mucha grandeza.	0
Jugó durante 4 temporadas con los Boilermakers de la Universidad de Purdue, compaginando este deporte con el fútbol americano.	0
EDF, que no quiso revelar cuánto pagó por su participación mayoritaria en EAA, intervendrá como asistente en la construcción de Altamira 2 y, posteriormente, se encargará de explotarla explotar la como principal accionista.	0
A su vez, reprochan a Mesic su ' populismo ' y aseguran que carece de un programa político detallado, a la vez que representa al Partido Popular Croata (HNS), formación que logró una reducida representación parlamentaria.	0
Se desconoce si se actualizará a Gingerbread cuando salga al a el mercado, pero sería un error no hacerlo hacer lo pues correrían el riesgo de transformar un tablet interesante en otro teléfono grande.	1
Los franceses usan la palabra - toucher - para - cobrar -.	0
Según portavoces de la firma, los semiconductores de Sony permitirán que otros productos que los utilicen lean programas de PlayStation 2, discos versátiles digitales (DVD) y envíen y reciban contenidos por Internet.	0
Pero incluso mondo quiere decir algo: en italiano es mundo, como recordaba Jimmy Fontana con vehemencia, hace décadas.	0
Y, de hecho, como después el ministro podrá dar a conocer, en estas últimas semanas hemos avanzado mucho -yo diría que muchísimo- hasta el punto de que a día de hoy el 70% de la población española se encuentra ya en la fase 1.	1
Claro que aún hay una tercera opción en el derribo.	1
Pero - qué significa Mondeo?	0
No lo tengo sencillo.	0
Con el paso a la Fase II, en la Región de Murcia ya está permitida la apertura de playas para el baño, pero sin embargo hay varios alcaldes de los municipios costeros que han expresado sus dudas o sus reparos ante la apertura porque aseguran que no tienen los medios ni la capacidad de hacer cumplir las medidas de prevención y de distanciamiento social, por lo que demandan financiación para ello.	0
Los mayores bebedores de café en Europa siguen siendo los escandinavos con cerca de 12 kilos por persona mientras que los más reservados son los portugueses con apenas 4,1 kilos por cabeza al año.	0
Todos tenemos que mirar por este bien común y por el progreso de la sociedad.	1
Usted ha hecho referencia a una parte de mi intervención y yo leo textualmente lo que dije y es que ' el Gobierno ha asumido con humildad y claridad que hay ámbitos de la gestión de determinados patrocinios que pueden ser mejorados '.	1
Una vez comienza su recorrido se encaja entre las laderas de los cerros que constituyen esta zona de Torozos, dibujando un estrecho valle que en otros tiempos fue dedicado a pastizales y a huerta y donde el paso del de el tiempo nos ha dejado - si no restos - sí el recuerdo de abundantes molinos que nos hablan de la forma que tenían de utilizar la poca agua del de el río para múltiples fines y, ya en el término de Meneses, el molino llamado de abajo porque antes el río había pasado por arriba.	1
CCOO valoró la reducción del paro pero reiteró la necesidad de que el diálogo social aborde con carácter prioritario una mejor redistribución de la riqueza que se está generando.	0
Clinton y Barak se reunieron hoy jueves en el hotel lisboeta donde se hospeda el primero de ellos, en un nuevo intento por parte de Washington de hacer avanzar el proceso y lograr un acuerdo marco sobre el estatuto final de los territorios palestinos.	1
Fernando de la Rúa, que se niega a aplicar un indulto u otra medida de gracia a los presos, trató sin éxito a lo largo de este año que el Parlamento aprobase un proyecto de ley que permitiera una revisión de las condenas y ahora busca una solución por la vía judicial.	0
- - Y no me diga que un día es un día, pero lo habríamos podido celebrar en su casa de Vallvidrera o aquí.	0
No le llegas al moño a tu abuela Cayetana.	0
Esto nos hace recordar la trama de Ibsen en ' Casa de muñecas ' (1879), donde una tertulia familiar - donde Nora es el personaje central - es escuchada por un tercero.	0
Alberga además la oficina de turismo.	0
Y seguiremos haciendo todo lo posible para que pronto llegue el día en que nuestras tropas puedan abandonar el territorio afgano con la plena satisfacción del deber cumplido.	1
Surgió como barrio en la década de los cincuenta alrededor de una cooperativa de viviendas creada por la parroquia de Jesús Divino Obrero.	0
Pero estimula la inteligencia	0
En materia de salud, la Agencia Española de Cooperación Internacional ha rehabilitado, ampliado y equipado el hospital provincial, y se han construido siete clínicas rurales que atienden a 140.000 afganos.	0
Nadie lo entendió.	0
Burlotti fue excluido de las dos mangas en el Circuit de Catalunya, tras un informe de los comisarios técnicos en el que se constataba una modificación de los anclajes de seguridad de las llantas, que permite ganar un poco de tiempo en la maniobra de cambio de ruedas.	0
Corresponde a las CC.AA. la administración de pruebas diagnósticas, bien sean PCRs, bien sean test de diagnóstico rápido, a este y a otros colectivos, en base a la estrategia de diagnóstico que acordamos conjuntamente en el seno del Consejo Interterritorial del Sistema Nacional de Salud.	0
De los 107.256 contratos de trabajo indefinidos del pasado mayo, 80.206 se realizaron al amparo de la reforma laboral, de los que 57.280 fueron a tiempo completo y 22.926 a tiempo parcial.	0
Pienso ahora en María Elena Moyano, la Madre Coraje, y recuerdo aquel almuerzo conmovedor, aquel poblado espeluznante.	0
Y en relación con la primera pregunta, no hemos dejado de mantener contacto con el conjunto de los agentes sociales e incluso en estos últimos días, o en estas últimas horas, de forma más insistente para aclarar algunas cuestiones que podían haber salido de contexto o que podían haber resultado no conocidas por parte de los agentes sociales.	1
Rato anunció que el Servicio de Defensa de la Competencia, dependiente del Ministerio de Economía y Hacienda, ha abierto un expediente informativo para determinar si la alianza BBVA-Telefónica cumple las normas del libre mercado y no perjudica a los consumidores, especialmente en los sectores del cable e internet.	1
Comprendo también la angustia y la incertidumbre e incluso también el malestar de las generaciones más jóvenes que van a tener que verse ver se de nuevo obligada a restringir su movilidad, su vida social en un contexto como el actual.	0
En lugar de un área básica de salud, la unidad territorial en esta Comunidad Autónoma va a ser la provincia.	0
En tercer lugar: las CC.AA podrán decidir limitar la entrada y la salida de sus territorios, en todo o en parte de él.	0
La Duquesa de Alba ha buscado para confortarse confortar se en su glorioso otoño a un poeta.	1
Como saben, el segundo indicador será el grado de ocupación de los servicios hospitalarios y también de las camas UCI.	0
Encuentro un sorprendente parecido con Medardo Fraile.	0
El fin de la prestigiosa American Academy of Hospitality Sciences es la distinción de la excelencia en viajes, cocina, productos de lujo y servicios.	0
Y por la reforma laboral, ¿En qué medida ha podido perjudicar la imagen de España en Europa el acuerdo inicial que alcanzaron con EH-Bildu? ¿Nos perjudicaría de cara a obtener más ayudas del Fondo de Reconstrucción Europeo?	1
La decisión ha tenido lugar durante el juicio contra Soichi Chibana, un señor de la isla de Okinawa que en octubre de 1987 la quemó en protesta contra el militarismo japonés.	0
La nota informó de que el programa de la estancia de Putin en Madrid incluirá una audiencia con el Rey y negociaciones con el presidente del Gobierno, José María Aznar, ' sobre la problemática internacional y las relaciones bilaterales '.	0
Los tres partidos de la coalición gubernamental (el Liberal Demócrata, Nuevo Conservador y Nuevo Komeito) poseen 336 escaños en la cámara de Diputados y se espera que retengan la mayoría, aunque podrían no renovar su cómoda mayoría absoluta de la actualidad.	1
- Hay vida en alguna galaxia?	0
Hernando destacó que la reforma laboral de 1997, fruto de los acuerdos alcanzados con los agentes sociales, tuvo efectos ' extraordinarios ' sobre el empleo y sirvió para frenar el crecimiento ' desbocado ' de la inestabilidad laboral que se produjo a partir de 1986.	1
La oscuridad que envolvía a toda la isla presagiaba el fin del año y tal vez el fin del mundo.	1
Rouge incluso guardó a Ace en su vientre durante 20 meses, para que el Gobierno Mundial ignorase que era hijo de Roger.	1
Mal vamos.	0
En la Universidad de Costa Rica se graduó como abogado y notario en 1983.	0
Beorlegui estimaba que la realidad era horrorosa, afirmaba: Me escapo de la realidad porque me parece horrorosa y esa percepción se plasmaba en sus lienzos a modo de ' pintura negra '.	1
- - Por obra y gracia de un matrimonio de interés con un hombre que no quiere - - lo interrumpió Sara Noriega - -.	0
La cubierta exterior de este salón se corresponde con la cota más alta del de el edificio.	0
Según datos del Ministerio de Trabajo, en mayo se registraron 1.223.112 contratos, de los que 107.256 fueron de carácter indefinido y representaron el 8,77 por ciento del total.	0
Fue la primera película en color del de el estudio, y la primera de las siete películas que hizo sobre Frankenstein.	0
Lerroux ya viejo y valetudinario pasó un día en la calle frente a un espejo, se detuvo e irguiéndose irguiendo se a medias sobre el bastón dijo: - - ¡Quién te ha visto y quién te ve, Alejandro!	0
Hace dos semanas, el escritor peruano Mario Vargas Llosa comentó en México que Vicente Fox representa la única alternativa de oposición para poner fin a 71 años del PRI en el poder.	0
El mandato otorgado por el Consejo de Seguridad de Naciones Unidas establece dos cometidos básicos: colaborar con las autoridades afganas en el mantenimiento de la seguridad y en la reconstrucción del país, y contribuir a la formación de las fuerzas de seguridad afganas.	1
' Nosotros no vamos allá derrotados.	0
Durante la ausencia de su hermano Ricardo, que había partido a la Tercera Cruzada entre 1190 y 1194, Juan intentó derrocar a Guillermo Longchamp, obispo de Ely y designado como regente por Ricardo.	1
Era una colilla de habano de generosas proporciones, atada con bramante rojo a una etiqueta: Rafael, 7 de febrero de 1978.	0
Fermina Daza había rechazado a Florentino Ariza en un destello de madurez que pagó de inmediato con una por segunda vez para una visita médica no solicitada.	1
La carta, a la que ha tenido acceso Efe, responde al acuerdo del Gobierno andaluz por el que se facultó al consejero de la Presidencia a instar ante la Comisión de Seguimiento de las Actuaciones Relacionadas con la Defensa del Estado Español ante el Tribunal de Justicia de las Comunidades Europeas a la interposición de un recurso contra el Reino de Gran Bretaña.	0
Aspiraban a más: a mejorar su situación, a ser felices; pero les atrapó la miseria suburbana y subhumana, la ferocidad y la violencia de los arrabales.	1
De acuerdo a Billboard, «I Think I 'm In Love With You» es el sexto sencillo más exitoso de toda la carrera de Jessica Simpson en la principal lista de Estados Unidos: la Billboard Hot 100.	0
El filtro gris parecía respetar aquella ventana a la luz y el calor, pero las nubes persistían inmediatas como una amenaza total, como un ejército concentrado en la frontera, a punto para invadir la única nación hermosa y libre que quedara en el mundo.	1
Para la polémica de estos días, ¿cuál es la posición formal del Gobierno respecto a la reforma laboral? ¿La expresada por el vicepresidente Iglesias, que la derogación será íntegra y que se cumple con los pactos firmados, o lo que defendió la vicepresidenta Calviño que sería absurdo y contraproducente abrir ahora este debate?	1
Wilson agregó que ' todos los neozelandeses condenan la acción de los golpistas y el chantaje que realizan con la vida de los cautivos para forzar el derrocamiento de un gobierno elegido democráticamente '.	1
Ésta es ahora, en efecto, la prioridad del Gobierno afgano, de la Comunidad Internacional y, especialmente, de los 47 países que forman parte de ISAF: una tarea orientada a dar mayor protección al pueblo afgano para que se haga progresivamente responsable de su seguridad y una tarea que requiere de efectivos que se vuelquen cada vez más en el adiestramiento de las Fuerzas Armadas y de Seguridad afganas.	1
Muchos de estos bienes quedaron ya en manos públicas y, otros, fueron igualmente recomprados por la propia Iglesia.	1
Tampoco a personas que hayan sufrido trastornos cardiovasculares.	0
La derogación de la reforma laboral es un concepto político que desde el momento en que el señor Rajoy la aprobó, al margen del diálogo social, con una mayoría absoluta en el Congreso de los Diputados, sin ningún tipo de conversaciones ni diálogo con el resto de fuerzas políticas.	1
Del total de la población el 1.85% eran hispanos o latinos de cualquier raza.	0
Es evidente que en un Gobierno que trabaja a destajo, se lo puedo asegurar, 24 horas al día prácticamente y cada uno en su tarea.	0
Milenkov entonces se retira a su base en la Luna, Solaris, en una lanzadera blisk.	0
En Extremadura las dos provincias: Cáceres y Badajoz.	0
Los equipos restantes juegan entre sí por los puestos 13 a 16.	0
Sobre todo, a aquellos que tenemos responsabilidad pública y que somos servidores del conjunto de los ciudadanos.	1
Ni aunque me llamara Sofía como la señora de aquella película tan terrible.	0
Cuando un tonto muere su cara adquiere una expresión tan sugeridora de sabiduría como la del mayor genio.	0
El empresario fiyiano George Speight encabeza este ' golpe de Estado civil ' en favor de la comunidad de nativos fiyianos, como ha definido su acción.	0
El resultado es un aumento de la producción primaria (fotosíntesis) con importantes consecuencias sobre la composición, estructura y dinámica del de el ecosistema.	0
Se me fue un documento del de el portátil que era muy imporante.	1
Los doce condenados por el asalto al cuartel de La Tablada, todos ellos miembros del ultraizquierdista Movimiento Todos por la Patria (MTP), están hospitalizados a causa de una huelga de hambre que mantienen desde hace casi 100 días para lograr que se les reconozca el derecho a apelar sus sentencias.	0
Y la segunda es nuestra disciplina social como Comunidad.	0
No os dejeis engañar por las fotos, la entrada al a el hotel es de peli de tarantino.	0
Aprietas un botón y te vas al norte.	0
Pero no nos vamos a cansar de repetir que el estado de alarma no es un programa político, ni tampoco es una opción caprichosa de este Gobierno.	0
El senador del PSOE por Cuenca y viceportavoz socialista de la Comisión de Peticiones del Senado, Luis Ayllón, ha solicitado la comparecencia en la Cámara Alta del ministro de Fomento, Francisco Alvarez Cascos, con el fin de que informe sobre el proyecto de línea de AVE Madrid-Levante.	0
Nos ha traído tanta dicha, que estoy por pensar que ha sido inspiración divina.	0
El término heteroglotónimo se refiere al a el nombre o glotónimo con que se conoce una lengua por parte de quienes no la hablan, es decir, un exónimo para el nombre de una lengua.	0
Si se cumplen todas estas recomendaciones, este tipo de eventos, hacia el final del año o incluso antes, se deberían de poder celebrar.	0
Cierto es también que cuando has comido tres o cuatro veces en el Indret casi todo te sabe igual.	0
Vamos a comenzar con TV3.	0
En su encuentro de ayer, los representantes saudíes y yemeníes trataron principalmente sobre la colaboración del sector privado en futuras inversiones conjuntas, ' por las amplias oportunidades que ofrece ', dijo Ariani.	1
Pues otra guardería a todo plan, naturalmente de niños.	0
El Dniéper tiene una densa red de afluentes, más de la mitad de los ríos del de el país pertenecen a su cuenca hidrográfica.	1
Según Zarrías, no consta que el Gobierno británico haya cumplido ninguna de las garantías ni obligaciones que en virtud de los tratados comunitarios le afectan y que son exigibles no sólo en situación de daño efectivo, sino ' ante la simple contemplación de riesgo de producción del mismo '.	0
Los ministros subrayaron que, si se tiene en cuenta las disparidades en tamaño y fase de desarrollo económico entre los países del continente, ' son los países pequeños y en vías de desarrollo los que tienen que hacer mejoras en la infraestructura de transporte al desarrollo '.	1
' Sé que el espíritu de mi padre vive y os lo agradezco ', dijo Caroline Kennedy en su primera aparición en una convención demócrata en apoyo del candidato del partido al que tradicionalmente pertenece su familia.	1
El apoyo de los Kennedy a Gore fue esta noche total, ya que en la convención demócrata aparecieron otros tres miembros del clan, entre ellos su patriarca, el senador Edward Kennedy, hermano de John y de Robert Kennedy, también asesinado.	0
Speight aún no ha logrado consolidar su intentona, aunque sí la disolución del gobierno de Chaudhry, y negocia con un régimen militar, impuesto en el país el lunes pasado, una salida a la crisis política que originó el 19 de mayo, cuando entró con seis hombres armados en el Parlamento.	1
La gobernabilidad requiere, según la Declaración, transformaciones sociales, económicas y culturales profundas que conduzcan a disminuir las desigualdades y la exclusión social, y a superar la pobreza, la corrupción, el terrorismo, el narcotráfico, el lavado de dinero y cualquier forma de delincuencia organizada.	1
- - En Chaguaramas Bay también está cubierto y al otro lado de la isla sopla el viento y llueve.	1
¡gran éxito!, ¡despegue económico!, ¡durante esta legislatura hemos pasado de una rata y media a dos ratas por persona!	1
Por todo esto le dieron el premio Príncipe de Asturias de la Paz de 1987: porque logró ser una persona, aunque nada en su entorno se lo permitiese.	0
Jiménez cuestionó la bondad de la operación, que incluye un plan de inversiones de 10.000 millones de pesetas, y dijo que el ' secretismo ' con el que se ha cerrado induce a pensar en ' que quizás no sea tan buena la venta como quieren hacer ver '.	1
El mitin no fue transmitido en directo por ninguno de los canales televisivos de señal abierta, actitud que se manifestó a lo largo de la campaña electoral, como denunció Toledo, cuyos seguidores portaban pancartas en contra de los ' canales fujimoristas ' y exigiendo ' libertad de prensa '.	1
En educación y formación, quiero reseñar la construcción de tres institutos que acogen a dos mil alumnos, seis escuelas primarias en zonas rurales para atender a 2.100 estudiantes y la puesta en marcha de 150 módulos de escolaridad temporales en todos los distritos de la provincia que han beneficiado a quince mil alumnos.	1
Se teme que estos obtengan monopolios en los contratos de construcción intimidando a los competidores y sobornando las autoridades locales para que sobrecarguen el presupuesto y así obtener cuantiosos beneficios.	0
Gravestone puede realzarse realzar se mas si se inyecta stimulii, como electricidad, el cual sobrecarga sus sistema explotando sus músculos y apagando sus funciones cognoscitivas, cuando se sobrecarga es virtualmente imparable, y es mejor evitarlo evitar lo, cual, siendo que él fue mejorado en velocidad y destreza, es una bestia y en mayor parte de los casos fatal como el Dr. Nagata.	1
Allí vivían, no sé cómo, la hermana de mi amigo, su marido y cuatro niños.	0
Giorgio Persano de Milán y McKee Gallery de Nueva York.	0
El embajador de Ecuador en Perú, Horacio Sevilla, confirmó hoy que el presidente de su país, Gustavo Noboa, asistirá a la XII Cumbre de Jefes de Estados Andinos que se celebrará en Lima el 9 y 10 de junio.	0
Katsav, de 54 años, intentará presentar la eventual elección de Peres como una preferencia por la elite frente a un hombre del pueblo, ya que él nació y se crió en una familia modesta.	0
Una esperanza de esquina de cielo azul se insinuaba hacia el noreste.	1
Les comunico que el Mendicutti ya está mucho mejor, bastante recuperado de la fase mustia de la ciclotimia, razonablemente japi por el comportamiento de público y crítica con su último buk (Los novios búlgaros, por si alguien no se ha enterado) y veri contento con el hijo honoriscausa que le acaba de nacer; un hijo búlgaro, por cierto, fíjense fijen se qué casualidad.	0
Realizó para la iglesia de Saint - Sulpice cuatro estatuas: San Pedro, San Pablo, San Juan y San José.	0
Todo lo demás es catequesis.	0
De hecho, lo ocurrido con el pacto social propuesto por el gobierno hacia fines del de el año pasado es un buen ejemplo en relación con esto.	0
En mi comparecencia en este mismo día lo reconocí.	0
A pesar de ser un éxito de taquilla, la película fue muy criticada.	0
En los alrededores de Lima malviven entre chabolas varios millones de personas; sólo en Villa El Salvador, el suburbio de la Madre Coraje, hay 300.000 habitantes.	0
Señor Pastor, quiero comenzar diciendo que el Gobierno está actuando con absoluta transparencia y nuestro compromiso es cumplir, tanto las propuestas o las iniciativas presentadas directamente por mí, como también los acuerdos adoptados en esta Cámara el día 7 de julio.	1
Esto no le preocupaba: su hermano solía comportarse comportar se así.	0
A pesar de que la caja de ahorros en cuestión tiene su sede en el mismísimo centro de Barcelona, lo pone en inglés.	0
Yo quisiera poner el acento en dos de estos objetivos.	1
Hay muchas materia en la que la propia Comisión Europea venía trabajando y la propia agenda del cambio en la agenda de reforma que este Gobierno presentó en Europa y que fue bien recibida en Europa de hecho también es fuente de inspiración para muchas de las tareas que está impulsando la propia Comisión Europea.	1
Estos son los lugares donde poder encontrar material de ' Sare Antifaxista '.	0
Su pulgar pequeño se incluye en la membrana del de el ala, causando la apariencia de no tener pulgar.	0
Si echamos la vista atrás, muchos de los que estáis hoy aquí vivisteis muy de cerca aquellos días terribles.	0
Las ratas son como la mala conciencia de las sociedades desarrolladas, y su sucia proliferación será siempre un negro pero preciso reflejo de nuestro bienestar material.	1
Disiento, la verdad.	0
- - Estamos pasando por Maraval Road.	0
Los malos eran los de las fondas lúgubres del puerto, donde lo mismo se comía como un rey o se moría de repente en la mesa frente a un plato de rata con girasoles, y de las cuales se sospechaba que no eran sino mamparas de la trata de blancas y el tráfico de todo.	1
El Presidente Karzai ya anunció que para 2014 las fuerzas armadas afganas deberían liderar todas las operaciones militares y la Cumbre de Lisboa de la OTAN debe servir para aclarar, en palabras de su Secretario General, ' cómo y cuándo se hace la transición '.	1
Un tercio sueldos y el resto compra de productos fuera.	0
Antonia acababa de fregar los platos de la comida.	0
Nosotros nos limitamos a valorar conjuntamente con la comunidad autónoma que hay un sistema efectivo, y ya funcionando, de vigilancia activa de casos, sin el cual no se hubiera podido progresar de fase.	1
Pena grande que quienes se mostraron ofendidos (volverán a estarlo estar lo cuando lean esta nota) fueron nada más ni nada menos que grandes intelectuales que saben muy bien interpretar las palabras, hacer análisis políticos y desmenuzar párrafos.	1
Es un volumen fervoroso y el talante de las investigaciones se ha impuesto al trabajador que escribe con pasión.	1
Le bastó ese minuto único para asumir la decisión como estaba previsto en las leyes de Dios y de los hombres: hasta la muerte.	0
Gente joven con un trato excelente, te asesoran con mucha profesionalidad y trabajan con un montón de compañías.	0
De los 522 habitantes, el municipio de Cawker estaba compuesto por el 97.32% blancos, el 0.19% eran afroamericanos, el 0% eran amerindios, el 0.19% eran asiáticos, el 0% eran isleños del de el Pacífico, el 0.77% eran de otras razas y el 1.53% pertenecían a dos o más razas.	0
Por ello, la función docente debe ir enfocada a darle dar le sentido y significado a la utilización de los recursos tecnológicos que la sociedad nos ofrece.	1
De ahí que no terminara de acoplarse acoplar se al a el equipo.	0
Mientras llega ese momento nuestro objetivo es uno: es doblegar la curva de la segunda ola, igual que doblegamos la de la primera ola.	1
Con esta normativa, el Gobierno intenta reducir las más de 4.000 muertes que cada año se producen en los yacimientos de carbón del país, la mayoría de los cuales operan sin las mínimas medidas de seguridad, debido sobre todo a los malos resultados del sector, y algunos incluso son ilegales.	0
El Partido Comunista volvió a crecer, el Ejército Rojo por esa época contaba con unos 60.000 hombres.	0
Por eso el preguntaba a usted si, y que no me ha contestado, no me ha contestado por que usted me dice ' el presupuesto de ingresos ya lo tienen ustedes en los libros que hemos remitido ' pero yo no le he preguntado por eso.	0
Zimmerbach es una localidad y comuna francesa, situada en el departamento de Alto Rin, en la región de Alsacia.	0
En el Judaísmo, en el Islam y en ciertas religiones cristianas como los testigos de Jehová, se considera tabú el consumo de sangre, carne sangrienta o alimentos que contengan sangre como ingrediente.	0
Según la sede diplomática estadounidense en Managua, cifras aún preliminares indican que México, Belice, Guatemala, El Salvador, Honduras y Panamá, detuvieron alrededor de 3.500 inmigrantes ilegales este año, a quienes repatriaron a su respectivo país de origen.	0
La solicitud de una audiencia pública por parte de dos diputadas ante el Tribunal Constitucional (TC) ha retrasado de nuevo el pronunciamiento de esa institución sobre la legalidad del recurso de amparo respecto a la elección de presidente del Congreso ecuatoriano.	0
Se instala un perímetro de huerta en el actual barrio del de el Carmen y se transforma la antigua área episcopal visigoda para convertirla convertir la en un zoco (mercado árabe) vinculado a la residencia del de el gobernador.	0
Este es un resumen de las nueve declaraciones suscritas hasta ahora por los jefes de Estado y de Gobierno de los 21 países iberoamericanos.	0
Pero Sara Noriega no se lo permitió hasta que no acabó de desahogarse desahogar se contra Fermina Daza.	0
Una convicción axiomática no es lo mismo que una ambición de perfecciones vitalistas y gozaderas.	0
Ninguno de los 118 tripulantes sobrevivió a la tragedia, y la semana próxima está previsto el comienzo de una operación para rescatar los cadáveres.	0
Y, por lo tanto, el camino de la prudencia y de la cautela y de la seguridad que desde el primer minuto el Presidente del Gobierno indicó que debíamos seguir desde el Gobierno de España es un camino que ha funcionado.	1
Su patrón, San Lorenzo, los protege para que no sean heridos mientras rapan a sus bestias.	0
Asimismo, Microsoft considera que la separación de la firma es un castigo demasiado duro para las infracciones de las cuales se le acusa.	1
Éste álbum se completó con una gira por diferentes ciudades francesas, pero fue, según los propios comentarios de la cantante, su más sonoro fracaso, sin embargo su paso por Francia fue lo que le permitió producir su siguiente trabajo.	1
Dedicado a ' Los valores éticos de la democracia ', el texto final condenó expresamente por primera vez la ley Helms-Burton y otras iniciativas legislativas del Congreso de Estados Unidos para ampliar el embargo económico de este país sobre Cuba.	1
Ella se iba con genios.	0
Un monstruo, por tanto.	0
El estadio del de el Atlético Mambas Negras es el Estadio Municipal de Rosario Jorge Newbery, se encuentra emplazado en el predio del de el Parque Independencia de Rosario, y sus accesos son conocidos por la facilidad que tiene para ubicarse ubicar se por quienes vienen desde distintos puntos de la provincia y del de el país.	0
Luego de la fallida experiencia del de el Congo, el Che Guevara organizó un foco guerrillero en Bolivia, donde instaló a partir del de el 3 de noviembre de 1967, en una zona montañosa cercana a la ciudad de Santa Cruz, en una área que atraviesa el río estacional Ñancahuazú, afluente del de el importante río Grande (Bolivia).	1
Al fin y al cabo, los muñecos son inocentes de las estupideces que cometa el fabricante.	0
La operación para capturar a Castillo por primera vez permitió la colaboración de varios países, para proteger a inmigrantes ilegales que son víctimas de organizaciones criminales, añade la nota.	0
La señora Aguirre es una portera amargada y revenida que pone sus ordenanzas municipales y sus limpiasuelos abrasivos al servicio de esta especie de Tercer Reich antisindical en el que lleva camino de convertirse convertir se, no sólo en Madrid, la Operación Limpieza.	1
El perro es hipócritamente clerical.	1
Por tanto sí, escuchamos y estamos trabajando para intentar acercar una propuesta que de antemano sé y de entrada sé que evidentemente no es del gusto siempre de todos, a cada uno le gustaría que el reparto se hiciera con los parámetros que mejor le vienen, como si dijéramos con su traje a medida, pero es imposible tener un traje a medida único para todas las CC.AA.	1
Hay situaciones inadmisibles que se están produciendo en nuestro país en la que a determinados ministros se les rodea la vivienda, con su familia con personas que conviven allí y por tanto vamos a condenar de forma enérgica cualquier tipo de violencia verbal o agresiva que se ejerza sobre cualquier ciudadano, sea o no sea ministro.	1
Se quedaron con mi dinero, me mandaron un seguimiento falso de seur y nunca llegó nada a pesar de que el seguimiento decía como entregado.	0
Nunca nos habíamos enfrentado como sociedad a algo así.	1
El vicepresidente de Irak, Taha Yasin Ramadán, viajará mañana a Jordania para tratar de mejorar las relaciones entre los dos países, que empezaron a deteriorarse deteriorar se en 1995 y en los últimos meses han sufrido diversos reveses, informaron fuentes oficiales jordanas.	1
El dirigente popular ha evitado, no obstante, plantear su oferta de diálogo a CiU en el Parlament en forma de ultimátum y ha asegurado que el PP ' no se precipitará ' y que espera a ver ' qué ficha mueve ' la coalición que lidera Jordi Pujol.	0
Sin ello es imposible construir un proyecto de Estado, un proyecto para España y sobre todo ser capaces de transitar esta situación que nos ha provocado la pandemia sanitaria y que se ha traducido en una crisis económica de la que tenemos que salir lo antes posible.	1
Secretario de Estado de Comunicación.	0
Francamente: cualquiera que me conozca un poco sabe que yo solita, pintura incluida, soy un teatro lírico.	1
El aumento del índice de desempleo estadounidense fortaleció hoy considerablemente al euro, que a las 15.35 GMT se cotizaba en el mercado de divisas de Fráncfort a 0,9452 dólares, frente a los 0,9349 dólares de esta mañana.	1
En la primera parte de ese periodo las políticas económicas (ver Economía política) de ese país estaba fuertemente influida por la llamada síntesis clásico - keynesiana o Síntesis neoclásica y, posteriormente, por las aproximaciones del de el Monetarismo y la llamada Escuela de Economía de Chicago.	1
La central neozelandesa de trabajadores (CTU), con 200.000 afiliados y que agrupa a los sindicatos de este país, ha decidido hoy iniciar un boicot comercial y turístico contra Fiyi para lograr el restablecimiento de la democracia constitucional en ese país.	0
Entonces todas las piedras se fueron furiosamente para abajo sin dejar rastro.	1
La primera versión de DECnet se realiza en 1975 y permitía la comunicación entre dos mini computadoras PDP - 11 directamente.	0
Y en el rostro de la mulata asomaba la satisfacción por volver a la verdad del dinero en mano.	1
En esta ocasión conocí al a el P. Malfatti SJ, Director del de el Apostolado de la Oración para Alemania y Austria.	0
El álbum deriva de un deseo por parte tanto de Neil Young como de Stephen Stills de completar lo que habían abandonado en su época de experimentación con Buffalo Springfield.	0
Illa: Muchas gracias, Carlos, por sus preguntas.	0
LA GACETA DE LOS NEGOCIOS señala en portada ' Las gasolineras protestan contra los monopolios de la distribución ', ' Europa y América preparan otra ronda de la OMC ', ' El comercio electrónico supera todas las previsiones ' y ' El Ibex 35 mitiga las pérdidas y cierra mayo con una caída del 6,8% '.	1
Sr.Illa.- Muchas gracias, Albert, por su pregunta.	0
Familiares de López de Coca tienen participación en la empresa Colisur 2000, ubicada en Picón (Ciudad Real), una planta transformadora a la que la Consejería le retiró la autorización para emitir certificados de transformación para el cobro de las ayudas comunitarias que existen para esta actividad.	1
Lamentablemente algunos pobladores realizan explotación furtiva de los bosques dentro de ella, lo que origina un lento pero grave deterioro del de el hábitat.	0
Dichas cantidades servirían para recortar la deuda salarial que mantiene el Consistorio con los operarios.	0
P. - El Siglo: Hola, buenas tardes, gracias.	0
Yo diría que no hay otra.	0
El CD Toledo se muestra sorprendido por el anuncio de que el lateral riojano Pablo Pinillos jugará la próxima temporada en la UD Levante cuando tiene un año más de contrato con el cuadro verde, descendido esta temporada a Segunda División B.	0
Probablemente es cierto.	0
Garrido tendrá hoy un partido especial, sobre todo por si puede engancharse enganchar se a la Europa League, que le daría vital importancia sobre todo en cuestión económica.	1
Le quería preguntar qué le parecen estas dudas que se plantean y si el paso de Madrid a la Fase I se debe estrictamente a cuestiones técnicas o tiene algo que ver la denuncia de la Comunidad de Madrid ante el Supremo por no haber pasado antes a la Fase I. Y también quería preguntar, a propósito de los acuerdos que se han alcanzado con Ciudadanos, Ciudadanos también está dispuesto a unos presupuestos concretos de reconstrucción, probablemente tendrán que recurrir, si necesitan una nueva prórroga, a Ciudadanos para sacarla sacar la adelante.	1
Lo único bueno que hacen las universidades es promover, cultivar y orientar nuestra atención.	1
Por su parte, la imagen de la Virgen de las Cuevas data del de el siglo XVI, al a el igual que la mayoría de los retablos.	0
Portavoz: En relación con la siguiente pregunta, sí decirle decir le que es la primera vez que el Gobierno de España pone encima de la mesa un fondo de estas características, 16.000 millones de euros añadidos al Sistema de Financiación Autonómica para intentar ayudar a las CC.AA. y que no sean ellas las que incrementen su déficit o su deuda, sino que se lo queda el Gobierno de España y por tanto para intentar mantener saneadas las cuentas públicas de una administración que tiene la responsabilidad de administrar el Estado del Bienestar en algo tan importante como la sanidad, como la educación o los servicios sociales.	1
A continuación se nos pedirá seleccionar Driver de la aplicación que hemos utilizado para crear la base de datos, el nombre que le queremos asignar (aquel que empleemos en nuestros scripts) y el camino para encontrarla encontrar la en el disco duro.	1
Fin de la cita.	0
Así lo han podido comprobar los más de 150 profesionales de diferentes países que han participado en el I Seminario Internacional de Justicia Juvenil celebrado en Chile.	0
Por tanto, lo que ocurre allí no sólo concierne a los afganos, ni únicamente tampoco a sus países vecinos; nos concierne a todos.	0
Por ello, además de Pakistán, la colaboración de Irán, de la India, de Arabia Saudí, de Rusia, de China y de Turquía es cada vez más necesaria.	0
El VIII Campeonato Mundial de Triatlón se celebró en Cleveland (Estados Unidos) el 24 de agosto de 1996.	0
A mí la invitada de honor, me hicieron sentar en la única silla.	0
Por su propia situación de víctima, ésta tendía a identificarse identificar se con Florentino Ariza, olvidándose olvidando se incluso de que quizás Lorenzo Daza la había hecho venir para que influyera en favor del doctor Urbino.	0
Porque lo del reciclaje arrasa.	1
Respecto de las mascarillas las mascarillas que se reparten en la población según figura en la orden que nosotros, como Ministerio de Sanidad, dictamos tienen que ser mascarillas higiénicas o quirúrgicas si son de otro tipo evidentemente tienen que cumplir los requisitos necesarios, pero pensamos que para la población son adecuadas las quirúrgicas o las higiénicas y a partir de ahí, yo ya sabía que no entro en ningún tipo de reproche ni de polémico con ninguna comunidad autónoma.	0
Por tanto, hay un camino.	1
Existe una especie de leyenda urbana en el imaginario colectivo que en muchas ocasiones lleva a identificar menor extranjero con infractor.	0
Y, sobre todo, que sin duda él también la quería a pesar de su timidez y su silencio.	0
La batalla -ya lo sabemos-va a ser dura, pero con disciplina social, con resistencia, con unidad y con moral de victoria lo vamos a volver a lograr.	1
Ese continuo contraponer la trivialidad a la dignidad es la mejor eficacia del relato: el coturno del emperador se rebaja al prosaísmo de la vida menos noble y los pobres fantoches empingorotados no aciertan con la representación que se les impone, pues su vulgaridad domina las vidas.	1
Entonces decidió cambiar de perspectiva: desprestigió a la heroína devolviéndola devolviendo la a su hogar y la convirtió en una mujer común, salvo en su soberana belleza.	0
Cada día contemplaba el cielo a través de la ventana de su habitación del Holiday Inn y la panza de burro estaba allí, como estaba allí esa esquina azulada a la que peregrinaban sus ojos una y otra vez para jugar al escondite con un sol tuberculoso y esquivo.	1
Y en la mayor parte de la prensa española, ni aparece.	0
' No es falta de información, es ocultación de información ', dijo Zenarruzabeitia, para quien la comparecencia de ayer de Mayor Oreja ' no fue de recibo ' porque en vez de ' responder detalladamente ' a la interpelación del PNV se dedicó a ' la descalificación de un grupo político y a hablar de cuestiones que no tienen nada que ver, utilizó la política del chipirón de responder atacando '.	1
' Voy a hablar con él para ver si está disponible para jugar contra Bolivia, aunque primero lo quiero observar en el amistoso que jugaremos el 21 de junio en Panamá ', comentó a EFE Pastoriza.	0
La víctima se tapaba la nariz y sollozaba amargamente.	1
Estoy muy contento de poder trabajar con ellos, trato cercano y muy eficientes.	1
Con Pablo Mackenna como invitado, transmitieron un capítulo especial en el que exhibieron un especial de Top Five de todos los tiempos, y una nota en la que se reunió material desde los inicios de CQC en Chile, además de entrevistas a sus conductores y noteros parodiando al a el programa de televisión E!	0
Posteriormente, tras la sangrienta noche del de el 17 de febrero cuando se atacó a los manifestantes que dormían en la Plaza de la Perla en Manama, la capital del de el país, también se empezó a exigir el fin de la monarquía.	1
Las obras del de el vestíbulo finalizan a finales de diciembre de 1892, coincidiendo con la fusión de la compañía de los ferrocarriles de Tarragona a Barcelona y Francia y la adquisición de la línea de Valladolid - Ariza.	1
El guardameta internacional del conjunto leonés, José Javier Hombrados, en declaraciones a Radio León, analizó el primer encuentro ante los valencianos, donde considera ' favorito ' a su equipo, aunque avisó del peligro que puede suponer para el Ademar ' confiarse confiar se ante una defensa agresiva y una primera línea muy lanzadora que habrá que controlar ', señaló.	1
Pero también desciende para la Serie B, la segunda división del de el campeonato brasileño.	0
La Comisión Europea aprobó hoy, jueves, una ayuda de 2 millones de euros para las víctimas de los terremotos de mayo y junio en Sumatra, y para los desplazados de Molucas y la población de Timor refugiada en Timor occidental.	0
Alega además que la comunidad andaluza resulta especialmente afectada por la situación descrita, dado que cuenta con un importante núcleo de población sometido al radio de acción de la radiación ionizante (aproximadamente 250.000 personas).	0
En la novela - En la carretera -, de Jack Kerouac, un personaje pregunta a otro si sabe que por poner la bandera americana al revés en un edificio oficial puede ir a la cárcel.	0
De la mano de un tío suyo, volvió a casa una tarde, fue corriendo al cuarto de su madre a darle dar le un beso y su madre no estaba, y ese beso le faltó toda la vida.	0
En esa carta decía: en modo alguno merecía sin culpa mía ser luego expulsado y arrojado de esta suerte.	1
No empleamos potenciadores de sabor ni ningún artificio culinario que pueda alterar nuestra filosofía de ' comida que cocinan las mamas y abuelas griegas '.	0
El primero la prevención y disminución de las infracciones cometidas por menores.	0
Acaba en un rincón, cada día más hundido, hasta la postergación definitiva.	1
Illa.- Muchas gracias, Noelia.	0
Llevado al a el Old Palace Yard en Westminster, fue ejecutado allí mismo, siendo el último en llegar a la horca desde la que saltó para romperse romper se el cuello y evitar así la agonía de la última parte de su ejecución.	0
Es, de hecho, como saben ustedes, la emergencia sanitaria más grave vivida por España desde la aprobación de nuestra Constitución y también en el último siglo.	0
Ya es tiempo de identificar y condenar a estos cómplices de los crímenes contra la humanidad cometidos en Libia por las élites occidentales y sus gobiernos títeres.	1
Antes y durante el período de independencia Mesic fue uno de los colaboradores más próximos de Tudjman, por lo que entre 1992 y 1994 ocupó el cargo de presidente del Parlamento.	0
Lo único que en nuestro país está restringido es la libertad de movimiento, porque es el único arma terapéutica que tenemos en este momento para luchar contra el coronavirus, es la única cuestión que nos preocupa, que hace que tengamos que tener una salida ordenada de la población, unos pasillos de horarios a lo largo del día para que las personas vulnerables se puedan proteger y por tanto la preocupación es simplemente que por supuesto se ruega que se mantenga la seguridad entre la distancia de las personas, que no se haga ningún tipo de cuestión que haga que los contacto entre las personas puedan permitir un incremento de los contagios o que haya un rebrote, pero este es un país libre donde las personas se pueden manifestar, eso sí nos gustaría que se manifestaran trasladando la verdad de lo que ocurre en nuestro territorio, de lo que ocurre en España, porque efectivamente si ello se puede manifestar es porque están preservadas, íntegramente, los derechos y libertades, excepto como decía el derecho de movilidad o el de reunión, que vienen absolutamente condicionados por la situación de pandemia sanitaria.	1
En Argel funda el Teatro del de el Trabajo que en 1937 reemplaza por El Teatro del de el Equipo.	0
El dirigente popular, que esta mañana ha asistido a la reunión de la Ejecutiva Nacional del PP en Madrid, ha advertido además a CiU de que ' sería incluso contraproducente que optase por deformar la capacidad de influencia del PP si al final tiene que acabar reconociéndola reconociendo la '.	1
La tercera fue el modelo de la Agricultura general de Gabriel Alonso de Herrera.	0
Los observadores temen que las presiones políticas y la compra o coacción del voto, puedan incidir a favor del PRI, principalmente en las zonas rurales, aunque admiten que ' es difícil comprobarlo comprobar lo '.	0
Ella lo había sentido salir de su cuerpo con el alivio de liberarse liberar se de algo que no era suyo, y había sufrido el espanto de sí misma al comprobar que no sentía el menor afecto por aquel repente a los quince días, y siguió por varios años con el músico mayor del seminario, cuyo aliento de sepulturero distorsionaba los arpegios.	1
El siguiente paso fue un análisis de sangre, que también incluye un control de la fiebre glandular.	0
Tras someterse someter se a una reforma integral de sus instalaciones, el cuatro estrellas conserva únicamente la fachada y vigas de su estructura, previas a la obra, para ofrecer un alojamiento a la altura del de el exclusivo distrito.	0
La misión observadora de la OEA, que presidió el ex canciller guatemalteco Eduardo Stein, se retiró del país dos días antes de los comicios después de que la autoridad electoral rechazara su recomendación de aplazar durante diez días las elecciones para evaluar el sistema de cómputo de votos utilizado.	0
' El señor González - añadió - es consciente de que sabemos todos los detalles, incluidos los que él mismo ha hablado sobre sí mismo ' EFE.	0
' Esta Cancillería está formulando la correspondiente protesta al Gobierno británico por esa violación del espacio aéreo argentino ', agrega la declaración.	0
Seguían poniendo su jabón en el baño, la funda con sus iniciales en la cama, el plato y los cubiertos en su lugar de la mesa, por si acaso volvían de la muerte sin avisar, como solían hacerlo hacer lo en vida.	1
Además de la ayuda que proporcionamos a las autoridades afganas para reforzar la seguridad, es muy importante destacar los esfuerzos que está haciendo España en materia de cooperación al desarrollo en Afganistán.	0
La banda británica The Horrors han versionado la característica ' The Best Thing I Never Had ' de la diosa del de el Ébano y artista pop Beyonce.	1
En segundo lugar, y con carácter general, se prohíbe la libertad de circulación de las personas desde las 23 horas de la noche hasta las 6 horas de la mañana en todo el país.	0
Muchas gracias.	0
Del total de la población el 0.92% eran hispanos o latinos de cualquier raza.	0
Putin también se entrevistará con los portavoces de los grupos parlamentarios del Congreso y con representantes de círculos empresariales.	1
Nunca he salido de Trinidad.	0
De la Historia en general, y de la Historia de cada país en particular.	0
En todo este tiempo ha sido definida como una operación bajo mandato del Capítulo VII de la Carta de Naciones Unidas; Capítulo que, como Sus Señorías saben, regula las operaciones que tienen por objeto el mantenimiento y la imposición de la paz.	1
Desaparecen en muchas ocasiones los contrafuertes, sobre todo en los ábsides, que adoptan así una característica planta octogonal, con muros anchos que permiten sujetar los empujes y dar espacio a las decoraciones de ladrillo resaltado.	0
Dentro también de la actualidad municipal, resaltar que el alcalde anunció ayer que la Xunta ya dio orden a la empresa responsable para que retire del de el cauce del de el Ulla, en Pontevea, unos andamios que cayeron el río hace bastantes meses, después de un arreglo en el viejo puente sobre este río.	0
Cual fue mi sorpresa cuando me enseño el nervio y no sentí nada, ni siquiera el pinchazo de la anestesia.	0
Toledo anunció hoy en rueda de prensa que no permitirá que Fujimori ejerza un nuevo mandato.	0
En su editorial, el diario califica de halagüeñas las previsiones del informe de la OCDE, pues ' el déficit se puede reducir este mismo año 2000 al 0,5% del PIB, todo un récord '.	0
La pequeña catedral de la Anunciación, en el monasterio, construida durante el reinado de Iván el Terrible, en el siglo XVI, se hizo conforme a las primeras catedrales de tipo moscovita.	0
También en Campo Real, donde se ubicará el futuro aeropuerto de Madrid casi el 60 por ciento dio su confianza a las propuestas del PP.	1
Portavoz.- Muchas gracias ministro y, si te parece, quedamos a disposición de los medios de comunicación para que formulen las preguntas que les sugiera.	0
Desde que comenzó su trayectoria profesional con el Figueres en segunda división (1990/92), el maleficio de perder ante el Barcelona acompañó a Toni tanto en el Rayo Vallecano (1992/93) como en el Espanyol (1993/99).	1
El acuerdo se ha conseguido después de que Alcan se asegurase el apoyo de BZ Group Holding Limited, uno de los principales accionistas de Algroup.	0
Primero se desvistió entre la húmeda penumbra de unas habitaciones de madera entristecida por la eterna sombra a la que le condenaban las altas palmeras y la corrosión de una humedad goteante en las duchas, perlada aquí y allá en gotas de agua que parecían vivir y reproducirse reproducir se.	1
La intuición popular los dividió en dos clases: los chinos malos y los chinos buenos.	0
Se trata de una auténtica revolución contenida en cuatro letras: Care (Contrato de ayuda para regresar al empleo), con el que la patronal finalmente parece haber conseguido seducir a cuatro de las cinco grandes centrales sindicales.	1
Una vez que el conquistador reunía suficiente oro, era frecuente que se volviese a España a disfrutar de su fortuna.	0
Lleva tiempo entenderlos entender los.	0
Según el artículo 7 de la Constitución, la disolución de la Cámara es uno de los principales actos que efectúa el emperador japonés, tras recibir la solicitud del primer ministro y contar con la aprobación del Consejo de Ministros.	0
Los colectivos de enfermeros se han planteado como posibles rastreadores de casos.	1
Turbado hasta los tuétanos, no encontró una réplica oportuna para la inclemencia de Sara Noriega, y trató de fugarse fugar se del tema.	1
Nuevo estado se las veía surgir de las cenizas con una vitalidad reverdecida.	1
Sony prevé un incremento de la demanda de la tecnología de PlayStation 2 a medida que aumenta el número de electrodomésticos como televisores digitales dotados con conexiones a redes informáticas de banda amplia, dijeron las fuentes.	1
Falleció en la ciudad de Mérida en 1943.	0
Jacobo quiere nuevos retos y en la ciudad aragonesa tendría quizás minutos para poder ir subiendo de nivel, ya que el portero de Paraguay Justo Villar le ha quitado el puesto.	0
La única explicación posible de su degradación era el rencor de que el esposo se hubiera sacrificado a conciencia por una montonera de negros, como ella decía, cuando el único sacrificio justo hubiera sido el de sobrevivir para ella.	0
En esto estamos, lector.	0
Durante la reunión se aseguró asimismo que la reactivación esperada por el gobierno de Uruguay tras la crisis de Brasil no ha llegado.	0
A ese silencioso e ignorado amigo, me atrevo a decirle decir le que no se arrepentirá.	0
Saben que el pasado miércoles el Congreso volvió a avalar esta petición del Gobierno para ampliar un estado de alarma que consideramos imprescindible para seguir controlando la evolución de la pandemia y avanzar de forma segura, de forma prudente, en un proceso de desescalada que siempre hemos definido como ordenado y gradual.	1
Las reuniones del Presidente ruso con sus interlocutores en España ayudarán, según el comunicado, ' al establecimiento de un orden multipolar, y a la estabilidad y prosperidad de Europa '.	0
Anunció que el gabinete ha aprobado varias medidas económicas, como bajar un punto el Impuesto del Valor Agregado (IVA), del 15,5 al 14,5 por ciento; continuar los esfuerzos para reducir la inflación (1 por ciento en mayo); la aprobación del proyecto de ley de telecomunicaciones (2.000 millones de dólares de inversión este año), e incentivos a la inversión.	0
También, naturalmente, es una felicitación que hacemos extensiva al conjunto de la ciudadanía por la seriedad y la responsabilidad con la que van siguiendo las recomendaciones de las autoridades sanitarias y quería acabar esta breve intervención para recordarles recordar les que cada paso que demos ha de ser un paso seguro y que el proceso de desescalada es un proceso complejo, es un proceso difícil, y por tanto apelar a la prudencia y la responsabilidad individual y a actuar siguiendo las recomendaciones y las instrucciones y las pautas que dan las distintas autoridades sanitarias.	1
El amanecer me sorprendió ojeroso y agotado, releyendo aquel famoso poema de los padres que se ven sometidos al desgarrador trance de entregar a uno de sus hijos: ' ¿Cuál ha de ser, cuál ha de ser, Dios mío?	0
El presidente venezolano, Hugo Chávez, calificó hoy de ' extraordinaria ' a la recién concluida Cumbre del G-77, celebrada esta semana en la caribeña isla de Cuba.	0
Y luego al ministro de Sanidad quería hacerle hacer le dos preguntas; no sé si se está pensando en hacer establecer una norma sanitaria de cara a estas elecciones previstas tanto en Galicia como en Euskadi y luego aquí estamos pendientes de que el lunes comiencen las clases y se va a hacer en varios centros; una pregunta que hacemos, también, como padres, madres preocupados por lo que pueda pasar, con lo que ha pasado en otros países que han comenzado y a la semana han tenido que parar, no sé si también van a seguir muy de cerca lo que pase aquí, aunque la competencia sea del Gobierno vasco.	0
Inviertan, inviertan, inversión, ayuda a las empresas, ayuda a los emprendedores, que haya más gente cotizando.	0
- - Mucho viento.	0
Tuvo todo el partido de anoche algo de revuelta de desahuciados, de algarada de convictos, de levantamiento zapatista por parte del Real Madrid.	1
Este es un descriptor muy compacto, altamente eficiente en la navegación y rápido en las aplicaciones de búsqueda.	1
Por desgracía moriría tiempo después.	0
Porque, como dice mi amiga la Susi, si la señora Aguirre quiere de veras castigar la suciedad de Madrid en general, y del día de huelga en particular, que multe al ministro Asunción por poner perdido un día tan hermoso con tantos piquetes policiales, o a todos los voceros que han contaminado el aire de enero ensuciando la hermosa palabra - normalidad -, o, ya puestos, que multe a Tabacalera con mil duros por cada colilla que recojan del suelo los barrenderos municipales.	1
Al salir la empleada doméstica, entró a la casa detrás de ella para toparse topar se con el doctor en la sala de su casa y dispararle disparar le tres veces.	0
Bien está el amor al trabajo bien hecho, bien que las criaturas a las que estamos alumbrando nos hagan sentir su viva presencia.	1
Mi mayor deseo es que aquellas personas que hoy se encuentran enfermas se recuperen lo más pronto posible.	0
- - Los rusos y los americanos.	0
Anoche eliminó al Atlético en un partido que fue un belén de convulsiones, un guisote de testosterona y aspavientos, un revuelto de zancadillas, pisotones, carrerones, agarrones, codazos, manotazos y tarjetas de todos los colores.	1
Como se ve si una de las dos fuerzas fallase los acontecimientos se sucederían muy repentinamente hasta volver a recuperar el equilibrio.	0
Fuentes consultadas por este periódico sitúan en dos puntos concretos la clave de la virulencia relacionada históricamente con los conflictos de los trabajadores del de el servicio de autobús en Bilbao.	0
Y se arrojó al interior del taxi dispuesto a tumbarse tumbar se en el asiento trasero y no ver nada de aquella ciudad condenada a la eterna penumbra.	1
Además, el acuerdo garantizará el ingreso de China a la Organización Mundial del Comercio (OMC).	0
En una carta dirigida a De la Rúa, reproducida por el diario mexicano ' La Jornada ', Cárdenas justifica su petición para que la justicia argentina revise los casos de los presos ' ante la inminencia de un desenlace fatal y queriendo el bien de su patria '.	0
Es una de las canciones más exitosas entrando en el Top 10 en varios países.	1
Lathan recibió la nominación al a el Tony Award a la mejor actuación por su interpretación de Beneatha Younger.	0
La website de LinkedIn que fue lanzada en 2003 ahora cuenta con casi 700.000 grupos de redes profesionales para compartir e intercambiar intereses comunes.	1
Tampoco vigilaron la segunda vuelta de las elecciones los observadores internacionales, que se retiraron del país después que el jurado electoral rechazó su recomendación para aplazar los comicios y corregir las irregularidades en el proceso, ya que pedían más tiempo para evaluar el programa de cómputo de votos utilizado el domingo.	0
- Y a Michael Jackson?	0
Malgastaban las horas sobrantes cosiendo en la ropa del muerto los botones que nunca habían tenido tiempo de reponer, planchaban y volvían a planchar sus camisas de puños y cuellos de parafina para que siempre estuvieran perfectas.	1
Gracias.	0
Deducíamos que debía ser la bandera japonesa pero no era la bandera japonesa que nos enseñaban en la escuela.	0
En esta línea, Alberto Fernández se ha preguntado que ' si esto es lo que ocurrió entonces cuando CiU era influyente en Madrid, ¿qué tiene que pasar ahora con un escenario español totalmente diferente? '	1
El ex dictador chileno permaneció 17 meses detenido en Londres a raíz de una solicitud de extradición presentada por el juez español Baltasar Garzón, que lo procesó por genocidio, terrorismo y torturas, hasta que fue liberado el pasado 2 de marzo, en atención a su mala salud.	0
Con este teléfono lo que pretendemos es que alguien llame y nos de un pequeño empuje y que la policía pueda encajar todas las pistas que tienen.	1
Navarra.	0
El se le retiraba el cargo de jefe del de el Estado Mayor a Mihajlović.	0
Se dice que en el fútbol no hay romanticismo, pero yo sigo la filosofía antigua y por eso pienso que voy a seguir muchos años aquí ', auguró.	0
La vicelehendakari, Idoia Zenarruzabeitia, reiteró hoy la acusación al ministerio de Interior de ' ocultar información ' sobre ETA al Gobierno Vasco, pese a que ayer el ministro Jaime Mayor Oreja aseguró en el Congreso que se había facilitado la información conveniente.	0
También sobre el papel de los socorristas, ya que ellos han dicho desde sus asociaciones que su labor, desde luego, no va a ser la de la vigilancia del distanciamiento físico entre ellos.	0
Y que conste que me da una pena grandísima lo que le ha pasado al Liceo y no comparto nada, lo que se dice nada, la agoniosa opinión de quienes negarían el dinero de todos para arreglarle arreglar le la jaima a la Caballé.	1
La Declaración de Cartagena apostó por el libre comercio y el progreso sin renunciar a los aspectos sociales, e incluyó una referencia al bloqueo o embargo impuesto por Estados Unidos contra Cuba desde principios de los sesenta.	0
Y es una situación creada desde cero.	0
Aunque en el recuento de daños se habla de un aproximado de $ 250,000.	0
El liderazgo será compartido como lo ha sido a lo largo de la gestión toda esta pandemia.	0
Una vez recordadas las razones de nuestra presencia en Afganistán, paso a relatar brevemente qué está haciendo España en ese país.	0
A partir del de el mes de octubre, todos los usuarios que entren en la web, compartan opiniones y voten por su ' Quality Hunter ' preferido tendrán la oportunidad de conseguir un vuelo de ida y vuelta para dos personas a cualquiera de los destinos de Finnair en Europa o Asia.	0
Efectivamente, una buena parte del éxito y de los buenos resultados del tercer Plan de Justicia Juvenil al que ha hecho referencia usted, que ha sido evaluado recientemente, tiene que ver con el seguimiento puntual de las recomendaciones que vienen siendo formuladas en este ámbito por parte del Consejo de Europa que constituye a este respecto la instancia más avanzada, más vanguardista en el ámbito de la justicia juvenil.	1
Un comité oficial encabezado por el ministro del Interior, el ex vicepresidente Humberto de la Calle, mantiene negociaciones con los líderes de los pobladores que protestan contra el establecimiento de una zona de distensión para el ELN.	0
Es decir con mayúscula: La Mi.	0
' Mientras en Francia exigen a la propietaria del petrolero 'Erika' que pague por sus responsabilidades, aquí les pagamos ', dijo el candidato de IU a la presidencia de la Junta de Andalucía, que se mostró ' asombrado por esta actitud ' y aseguró que la comunidad andaluza se encuentra ' al borde del colapso ecológico '.	0
Ella, cómplice en aquel juego inocente que su marido desaprobaba con energía, iba recogiendo luego las plumas que se desprendían a su paso y las guardaba para él, para compensarle compensar le quizá de la previsible extinción del pequeño placer que compartían, consciente ya de que en poco tiempo sólo quedaría el recuerdo de las plumas sobre una sucia franja desmochada, la degradada frontera entre su piel y esa piel tan fina y arrugada, teñida de azul celeste, hasta que el cambio de estación se encarnara en pretexto suficiente para estrenar otro par, siempre el mismo modelo.	1
Arabia Saudí adelantará a los próximos meses la retirada de sus tropas de la frontera con Yemen, en lugar de hacerlo hacer lo en dos años, como preveía un tratado firmado en junio pasado, informa hoy, jueves, el diario árabe internacional, ' Al Hayat '.	0
EDF y Mitsubishi participaron en 1998 en la licitación de licencias para construir centrales eléctricas en México y se quedaron con dos cada una: Río Bravo y Saltillo para la compañía francesa y Altamira y Tuxpán para la japonesa.	0
Comparezco para informar que el Gobierno, reunido en Consejo extraordinario de Ministros, acaba de decretar el Estado de Alarma en todo el país, y que entrará en vigor esta misma tarde.	0
En el Tercer Mundo, por el contrario, seguro que no andan muy lejos del famoso lema de los mosqueteros: una rata para todos y todos para una.	0
Es heroico levantarse levantar se todas las mañanas a luchar contra la desesperación y la incultura.	1
El Gobierno va a garantizar este bien superior que es preservar la salud de los ciudadanos.	0
La electricidad producida pasará a la red eléctrica pública de México en virtud de un acuerdo de venta de energía de EAA con la Comisión Federal de Electricidad (CFE) por una duración de 25 años.	1
A muchos, los militares los obligaron a suicidarse suicidar se colectivamente.	0
Aunque tienen la posibilidad de viajar por el agua, los guerreros quedan atrapados en el Mar Aldeo, ya que una gran roca bloquea la salida de este mar.	0
En la Roma tendría el puesto garantizado y en el Real Madrid es duda aún por haber pasado por una lesión y si llega Adebayor es probable que haya sorpresas en cuanto a salidas de arriba.	0
Ayer, a su vuelta al a el campamento, en las cercanías de Burgui, se encontraron con la lona de la tienda de campaña empleada como comedor caída por la fuerza de la tormenta, y llena de barro, al a el igual que la ropa que habían tendido los escolares.	0
En 1695, un grupo de indios teribes fueron enviados a la región de Boruca, al a el sureste de Costa Rica, y fundan el pueblo de San Francisco de Térraba.	0
Ahora bien, en esta materia concreta y en este momento, en virtud de hacerlo hacer lo con rigor, no podemos actuar de forma unilateral desoyendo este informe de legalidad.	1
Iliá Klebánov, viceprimer ministro y presidente de la comisión gubernamental, anunció sus conclusiones finales tras dos meses de trabajo en torno al naufragio y a la muerte de sus 118 tripulantes, la mayor catástrofe en la historia de la Armada rusa.	0
La firma de este acuerdo provocó una ruptura interna en Andecha Astur, y uno de los sectores se presenta igualmente a las elecciones utilizando el nombre Andecha Astur, lo que provoca una disputa legal que aún no ha sido resuelta.	1
La noticia aparece en todas partes: en noticiarios televisivos, en diarios, en revistas gays y científicas.	0
Hemos tenido problemas de sonido y no he escuchado bien su primera pregunta.	0
Yo quería conocer aquello, hacer un reportaje, y él se ofreció a servirme servir me de guía.	0
Señorías,	0
El juez dice que es comprensible que Chibana se haya indignado al descubrir qué pasó en 1945, y por tanto sienta aversión hacia la bandera de los rayos.	0
La columna es alargada y denticulada, la antera ventral contiene un par de polinias flanqueados por otro pequeño par, teniendo en total cuatro polinias.	0
En ese sentido, Rato afirmó que ' de las conversaciones que nosotros conocemos, que se han podido realizar entre empresas en España, y algunas incluso con el propio señor González, sabemos todos los detalles '.	0
Fue seleccionado en la segunda ronda (58 º) del de el draft de la NBA de 1995 por los Detroit Pistons.	0
Algo parecido nos sucede a todos.	0
Con el cambio de estación, nuestro país, al igual que toda Europa y otras partes del mundo, está viendo agravada su situación.	0
Tenemos que seguir dando los pasos de forma inteligente, de forma segura para no echar por tierra todo el esfuerzo y todo el sacrificio que, como sociedad, hemos alcanzado.	1
En definitiva, cumplir las tareas en las que ninguno podemos ser sustituidos.	0
La 3.	0
El peor mío es ayer.	0
Debido a la nueva audiencia, la resolución del TC podría aplazarse aplazar se incluso hasta la próxima semana.	0
Participó en varias escaramuzas contra los circasianos.	0
La censura se encargaba de acallar cualquier voz altisonante que pudiera dañar el régimen de Franco y sus instituciones, salvo Radio Pirenaica, que era seguida con gran atención por los más concienciados políticamente.	1
Yo comprendo la angustia de los ciudadanos.	0
Pero no: la señora Aguirre, la derecha unánime, sólo multan los restos dejados en su lucha por los sindicatos.	1
Por favor, el audio bien colocado y decid vuestros nombres, si sois tan amables.	0
El alcalde de Osaka fundamentó sus opciones en el gran plan de reurbanización que se culminará en el año 2007, las modernas infraestructuras de telecomunicaciones, la protección del medio ambiente, la seguridad y lo atractivo del proyecto, cuyas instalaciones ya están en buena parte construidas y que tendrán su centro neurálgico en tres islas.	0
Agassi insistió que puede ser mejor jugador para volver a tener un gran año, aunque no le garantice los triunfos que tuvo en 1999, una etapa que consideró única en todos los aspectos.	0
- - En Maracas Bay - habrá sol?	0
Y finalmente, impulsar la aplicación móvil RADAR-COVID, que, a través de la información que obtiene en el rastreo de contactos, nos permite conocer el nivel de riesgo de contagio y avisar a los interesados.	1
Sevilla expresó que en Lima estarán los cinco mandatarios andinos conversando sobre el proceso de integración que impulsan sus países desde hace más de 30 años.	1
Posteriormente, se registró otro percance, cuando las autoridades jordanas detuvieron, a su regreso de Irak, a un piloto italiano que había violado el embargo aéreo a ese país, aunque fue puesto en libertad pocos días después.	1
Según sus seguidores, el término sánscrito swāsthya significa autosuficiencia, salud, bienestar, confort, satisfacción.	0
Zubía explicó que, además del ' vertiginoso avance tecnológico ' de los últimos años, el desprestigio sufrido por la Formación Profesional (FP) ha provocado un abandono de estos oficios en favor de una concentración de estudiantes en carreras universitarias de bajo o muy bajo grado de inserción laboral, como el Derecho o Psicología.	1
En Maridos y mujeres, cuando el jefe de Sidney Pollack insiste en presentarle presentar le una muchacha que hará maravillas y Pollack le dice que no quiere una puta el jefe le replica que no es una puta, sino una escort girl.	0
Y por todo esto ha sido ahora asesinada.	0
Una incidencia por debajo de 25 casos por 100.000 habitantes, que es lo que marca la OMS, se considera de riesgo bajo; por encima de 25 se estima de riesgo medio.	1
La nueva empresa se llamaría ' Phillips De Pury & Luxembourg ' y estaría presidida por Simon de Pury, el ex presidente de la firma Sotheby's en Europa, que fue quien dirigió las subastas de arte impresionista, contemporáneo y moderno celebradas por Phillips en noviembre pasado en Nueva York.	0
Ésta se conserva incluso con la solería, y aún permanecen visibles restos de sus canalizaciones y desagües.	0
La sentencia es de un año de prisión.	0
El nuevo Estado de Alarma nos da la herramienta legal más eficaz para limitar la movilidad y los contactos para así frenar al virus.	1
Apenas despertó aquella mañana, la lengua seca, y firme contra el paladar, se asustó del sabor nauseabundo de su propio aliento.	0
Esperó en el centro del escenario, imperturbable como el apóstol de una Divina Providencia menos dramática que la nuestra, y en el primer silencio leyó el poema premiado.	0
El coordinador andaluz de IU y candidato a la presidencia de la Junta, Antonio Romero, aseguró en Málaga que remitirá sendos escritos a Cardenal y al fiscal jefe de la Audiencia Provincial de Sevilla, Alfredo Flores, para que investiguen si procede el pago de las ayudas, y recordó que ya se dirigió a ellos para pedir que se aclarara el retraso en el dictamen pericial por la rotura de la balsa que propició el desastre ecológico.	1
El piloto italiano Giuseppe Burlotti afrontará mañana la primera de las dos carreras del Abierto Telefónica de F-Nissan en el circuito francés de Magny Cours como líder del certamen, tras la decisión del Tribunal de la FIA de recalificarlo recalificar lo en las dos carreras de Barcelona.	0
La oficina regional también inspeccionará las instalaciones de la mina, sus equipos, aparatos, herramientas y seguros de accidente de los trabajadores, que deberán cumplir las leyes nacionales.	0
Una papelera es un objeto civilizado.	1
El vicepresidente segundo y ministro de Economía y Hacienda, Rodrigo Rato, reconoció hoy que el Gobierno conocía ' hace tiempo ' los planes del BBVA y Telefónica de firmar una alianza estratégica, pero aseguró que no impulsó la operación.	1
Se abrió al a el público el 13 de junio de 2009 tras una profunda remodelación.	1
El presidente aseguró que ' no va a intervenir ' en la designación de los nuevos miembros del CNE ni en la fijación de la nueva fecha de los comicios, y afirmó que el día que los venezolanos no confíen en él se retirará ' a cuidar a sus hijos, a jugar al béisbol y a llevar una existencia normal, porque la vida continúa '.	0
No sólo estamos saliendo, sino que estamos saliendo más fuertes de esta situación.	1
Lamentablemente, cuando partían para Nutka, Isaac Wooden se perdió en un accidente de navegación cerca del de el cabo Ommaney, siendo uno de los pocos que murieron en el transcurso de la expedición.	0
Porque lo que importaba era únicamente la sonrisa en el bar, el jajajá, la posibilidad de comentar algo aparte de Hola Raffaella del jueves y del penalti del sábado.	0
Lo único que los diferencia es la luz.	0
Los empresarios que fracasen en la aventura de lanzar un negocio también podrán beneficiarse beneficiar se del Care.	1
Mientras, Gibby fue de campamento a Casa de Spencer y se aburre porque él no puede arreglar la barra, pero van una nueva y se rompe toda.	0
Agassi, que no ha tenido su mejor año deportivo ni en el capítulo personal, estuvo en Houston para participar en varios partidos de exhibición junto a otros famosos del deporte como Clyde Drexler y Charles Barkley, que le permitieron incrementar los fondos de su organización benéfica ' Andre Agassi Charitable Foundation ', dedicada a ayudar a los niños más necesitados.	1
Por lo demás, no existen razones para alarmarse alarmar se.	0
Se seleccionaron 2.000 bueyes de entre el ganado capturado, junto con 2.000 no combatientes que guiaran al a el ganado y 2.000 soldados de infantería que guardasen al a el grupo.	0
Hace 14 años visité uno de estos asentamientos, y creo recordar que fue precisamente Villa El Salvador.	0
En ciertos tipos de armónicas los tonos de las lengüetas pueden variarse variar se a otra nota por soplar o aspirar el aire de un modo especial (mediante la técnica del de el bending o el overbend / overdraw).	0
' Por ahora no se han encontrado fragmentos de un submarino extranjero ' en las inmediaciones del lugar donde reposa el ' Kursk ' a 108 metros de profundidad en aguas árticas del mar de Bárents, dijo.	1
Siete marinos, entre ellos tres daguestaníes cuya región es vecina de Chechenia, estaban en ese compartimento, destinado a alojar los torpedos del ' Kursk '.	0
En el disco han volcado sus influencias de indie pop, rock español y estilo británico, melodías pop con sonidos crudos y contundentes, que quedan plasmados en una colección de diez canciones cuidadas hasta el más mínimo detalle y con una producción de alto nivel.	1
Fue catedrático en la Universidad de Teherán, en el departamento de filosofía.	0
Se parece a la palabra francesa monde, a la esperantista mond ', a las españolas mundo, mundano, mono y mondo, pero no es ninguna de ellas.	0
En la Procesión del de el Santo Entierro se utiliza capuz negro sin bordar, en señal de luto.	0
Buenas tardes.	0
El presidente estadounidense habló por teléfono este miércoles con Arafat, para conocer su punto de vista de la situación.	0
Nos hablaría mucho de nuestra juventud y nuestro presente.	0
Carvalho acababa de entrar en su despacho, tenía frío en los huesos - y una cierta sensación de haberse haber se equivocado de día o de año.	1
Este reconocimiento cuenta con un gran prestigio en el mundo del de el turismo de calidad y supone que la calidad de este establecimiento ha sido contrastada por personal cualificado de Guia Michelin.	1
El secretario general de CCOO, José María Fidalgo, opinó hoy en Calviá (Mallorca) que el gasto farmacéutico ' está parasitando ' al gasto sanitario y evitando que se liberen recursos para acabar con las listas de espera en los centros hospitalarios.	1
El número de asaltos piratas o secuestros se han multiplicado por 30 sólo en los últimos diez meses, el mayor registro en una década, según un informe del Departamento Marítimo para la Piratería, con sede en Kuala Lumpur, presentado en una conferencia sobre piratería que durará dos días y que comenzó hoy en la capital malasia.	0
Primero le volcó sobre la cabeza los frascos que aún no había vaciado, y después sacó un paquete de cigarrillos de su bolsillo y, dando muestras de un comportamiento verdaderamente anormal, se fumó toda la cajetilla encendiendo los pitillos de tres en tres y echando grandes bocanadas de humo sobre la cara de la víctima, quien gritaba: no puedo más, no puedo más -, aparentando grandes sufrimientos.	1
Pero Germán de Granda es un hombre apasionado y, por tanto, ingenuo.	0
Y la duquesa, que de tonta sólo tiene la voz, contestó: - Es que ahora no hay genios.	0
En esa situación, sus recursos legales podrían tramitarse tramitar se en tribunales de apelación o podrían pasar directamente al Tribunal Supremo de Justicia, una opción que existe para los grandes casos de monopolio.	0
A la entrada se encuentra una fuente del de el siglo XVIII que simboliza al a el río Dora Baltea desembocando en el Po, obra de Ignazio y Filippo Collino.	0
Una misión de cooperación técnica de la OIT visitó en mayo pasado el país y someterá un informe, dado a conocer hoy, a la Conferencia Internacional del Trabajo, que se celebra en Ginebra.	0
Su naturaleza feraz se marchitaba sin gloria, su amor se demoraba en sollozos, y sus párpados empezaban a mostrar la sombra de las viejas amarguras.	1
Aquí los búhos son pequeños y panzudos es decir mi amiga la náyade dice piponcitos.	0
El representante de los empresarios madrileños aseguró que ' el siglo XXI será el siglo de la ciencia y la tecnología ', y ofreció el apoyo ' activo ' de la CEIM en la consecución de los retos fijados por el Gobierno en esta materia.	1
Un monstruo cuya morada no es otra que nuestro propio subconsciente: a lo mejor es por eso por lo que las cloacas de las ciudades se nos aparecen como una adecuada representación del subconsciente colectivo, tan sucio él y tan oscuro...	1
El consejero de Empleo y Asuntos Sociales del Gobierno de Canarias, Marcial Morales, considera que el incremento del número de desempleados en Canarias durante el pasado mes de mayo se debe al crecimiento de la población activa y al fin de la zafra agrícola.	0
Es hijo del de el entonces rey Thrór, nieto de Thráin I, el fundador del de el Reino Enano Bajo Montaña, y padre de Thorin Escudo de Roble.	0
También es anfitriona junto a Miguel Bosé de la Gala del de el Sida que se celebra todos los años en Barcelona el Día Mundial del de el SIDA.	0
Limita al a el norte con los municipios de Fundación (en el departamento de Magdalena) y Pueblo Bello, al a el sur con Bosconia, al a el este con Valledupar y al a el oeste con Algarrobo (Magdalena).	0
El presidente del PP catalán, Alberto Fernández Díaz, ha advertido hoy a CiU de que debe elegir entre ellos y ERC para garantizar la gobernabilidad en Cataluña y se ha mostrado convencido de que finalmente Jordi Pujol no tendrá más opción que pactar con el PP como tuvo que hacer para su investidura.	0
Rubia, se peinaba de maja y se atrevía a llevar vestidos chillones en los tiempos en que sus primas y amigas iban de luto tibio de posguerra.	1
En más de una ocasión tuvo acceso a los paddock del de el Gran Premio de Inglaterra en el Circuito de Silverstone, así como en otros circuitos.	0
La viudez la había amargado hasta el punto de no creerse creer se que fuera la misma, y la había vuelto fofa y agria, y enemiga del mundo.	1
Se ha procurado en la industria de la alimentación desde los comienzos de empleo del de el método HTST hacer que grandes cantidades del de el alimento queden expuestas a temperaturas ' altas ' durante un corto período sin que el propio proceso rompa ' en demasía ' la cadena de procesamiento del de el alimento.	1
Los sobres de la caja de ahorros son exactamente iguales a los que enviaban antes de añadirles añadir les lo de recycled ecological paper.	0
P.- ¿Qué piensa de la decisión de Artur Mas?	0
Endesa Telecomunicaciones (ET), que pertenece al grupo español Endesa, ofrece sus servicios de telecomunicaciones en España.	0
La suerte estaba echada.	0
El pasado 29 de Agosto de 2011, Francisco Ramírez, de Intesol, reparó una avería eléctrica en la antigua vivienda de mi familia, (en el polígono de Cartuja) producida por un incendio en el piso de un vecino del de el mismo rellano.	0
Adelante, TV3.	0
Toledo no participó al denunciar que persistía el mismo montaje de fraude que, según señala, se orquestó en su contra en la primera vuelta celebrada el 9 de abril para perpetuar a Fujimori en el poder.	1
No sobra ninguna propuesta.	0
También se ha decidido eliminar a Fiyi como objetivo turístico, por lo que se propone tanto a las compañías del ramo como a los medios de comunicación que dejen de promover Fiji como destino vacacional, así como la suspensión de las actividades deportivas entre los dos estados.	0
Pueden vivir bien en charcas estacionales y en tanques de cría en granjas.	0
Surgida en plena campaña para las elecciones municipales del próximo domingo, esta crisis fue estimada por el Consejo Supremo de Defensa del País como una ' amenaza a la seguridad nacional ', al tiempo que el primer ministro, Mugur Isarescu, la calificaba de ' ataque concertado y especulativo '.	1
Además sugirió a las autoridades mexicanas fortalecer la competencia dentro del sistema financiero para que las instituciones bancarias reduzcan el margen de intermediación.	1
La convocatoria de elecciones en el País Vasco Galicia es competencia del lehendakari o del presidente de la comunidad autónoma y se deben de respetar las normas que hemos ido ya dando a conocer para reuniones de eventos y para las distintas actividades que conlleva la convocatoria electoral.	0
El Real Madrid ascendió al segundo puesto de la tabla con un triunfo por 0-1 ante el Zaragoza en La Romareda, donde el equipo aragonés llevaba más de un año sin perder, desde el 13 de marzo de 1999 (0-1 ante el Celta).	0
Pero lo hizo, en el minuto crucial de su vida, sin tomar en cuenta para nada la belleza viril del pretendiente, ni su riqueza legendaria, ni su gloria temprana, ni ninguno de sus tantos méritos reales, sino aturdida por el miedo de la oportunidad que se le iba y la inminencia de los veintiún años, que era su límite confidencial para rendirse rendir se al destino.	1
Ante esto, Zhao Tuo, cegado por la ira, se autoproclamó Emperador de Nanyue y atacó el reino de Changsha.	1
P. - Buenas tardes ministro, Irene desde redacción médica.	0
La entrevista de Banzer y el ex presidente Sánchez de Lozada, realizada en la residencia presidencial del barrio de San Jorge de La Paz, había sido solicitada reiteradamente por el jefe del opositor Movimiento Nacionalista Revolucionario (MNR).	0
Manzanilla Bay es muy bonito, pero viento y lluvia.	0
Estéticamente ha sido muy criticada, pero en cuanto al a el contenido sarcástico, y a veces muy mordaz, logra compendiar toda una época en cuanto a la realidad salvadoreña.	0
Eso les hizo tal vez recordar que el nacer era una evasión (- de qué?) y el morir una emigración (- a dónde?)	1
Entonces corría cautelosamente a la mirilla para capturar así un instante de su perfil o la golosa envergadura de sus hombros.	1
He estado una vez, y aunque no tengo ninguna queja acerca del de el personal y del de el servicio, me resultó decepcionante pedir una pizza, concretamente la calzone (forma de croissant) y me encuentro con una pizza inflada de aire y hueca.	0
Así lo ha anunciado el promotor, Live Nation, quien también ha detallado que las entradas para el concierto del de el estadio colchonero se pondrán a la venta el próximo 20 de diciembre desde 50 € + gastos.	0
Ese año, la segunda división estuvo conformada por 58 equipos, que se distribuyeron en cuatro zonas llamadas Norte, Centro, Occidente y Sur, cada una tenía su campeonato de Liguilla, del de el cual salieron cuatro equipos que disputaron las Semifinales.	0
' Antes que nada necesito recuperarme recuperar me al ciento por ciento físicamente para poder competir con jugadores que son más grandes y más fuertes ', explicó Agassi.	1
Lo hicimos frente a la primera ola, y lo vamos a lograr en esta segunda ola del Covid-19.	1
Casi todos lo están y el hecho de haber elegido esa profesión parece ser un síntoma.	1
Pero ése es el plazo que consideramos hoy por hoy necesario en base a la ciencia y también a las recomendaciones de los expertos.	0
Por qué se llama Cortina el modelo Cortina es también claro.	1
Queridos amigos, Hoy nos hemos reunido aquí con un propósito muy claro: rendir homenaje a todas las víctimas del terrorismo en la figura de Miguel Ángel Blanco.	1
Era media mañana y había bastante gente en las calles, esto es, en las veredas sin urbanizar que habían quedado abiertas entre las chozas.	0
Justificó su retirada del país al señalar que el proceso ' estaba lejos de ser libre y justo '.	0
Ojalá hubiese otros mesones en Pontevedra como este.	0
Su música recrea paisajes cotidianos, apoyando su voz con una guitarra acústica y una armónica.	1
Existe un sujeto individual e indefinible que soy yo, y nadie puede representarme representar me.	0
Los 27.000 miembros de Carabineros de Chile, bajo el control operacional de los Ministerios de Defensa y El Interior, tienen como responsa451bilidad primaria: el orden público, la seguridad ciudadana, el control de tráfico, y la seguridad fronteriza.	0
Luego, después de una viudez en la que derramó muchas lágrimas sinceras por su esposo muerto, en vez de asistir a los tablaos, iba a las tertulias de intelectuales.	1
Para eso, ya digo, necesito un soldador.	0
Y la realidad es que Europa y España estamos plenamente inmersos en la segunda ola de la pandemia.	1
20 ª Avenida es una estación en la línea Sea Beach del de el Metro de Nueva York de la división A del de el Interborough Rapid Transit Company.	0
Por ello, indicó la necesidad de que mediante el diálogo social se afronte ese problema del mercado de trabajo, partiendo de la base de una igualdad de trato entre contratos temporales e indefinidos en lo que se refiere a regulación, indemnización y coste para la empresa.	0
Y creo que es evidente que tenemos que resetear muchas actitudes, muchas posiciones prefijadas de antemano porque esta crisis demanda nuevas respuestas, nos pide nuevas aproximaciones y, sobre todo, quiere que le demos la mirada y darnos dar nos cuenta de este desafío que enfrentamos como sociedad.	1
Comenzaron la grabación en los Cherokee Studios de Hollywood.	0
Y como el Mendicutti anda en vilo por lo del nombre, una servidora, la Susi, está tresanchantada de darle dar le a la pen; o sea, a la pluma.	0
Un acuerdo entre la patronal y los sindicatos franceses sobre una profunda reforma del subsidio de paro con sanciones a los parados que rechacen una oferta de trabajo está al alcance de la mano tras romperse romper se la unidad sindical.	1
De un 35% de incremento diario de casos a cifras de menos del 0,5% de forma consistente en toda la última semana.	0
Henrique da Silva 'Catanha' ganó la partida a Jimmy Hasselbaink en el estadio Vicente Calderón y su equipo, el Málaga, consiguió un empate ante el Atlético de Madrid (2-2) que complica la permanencia en Primera de un conjunto madrileño que lleva once jornadas sin vencer.	0
Los próximos fichajes del de el FC Barcelona no serán muchos pero se están acercando los que se quiere que son por ejemplo Rossi del de el Villarreal y Cesc Fábregas del de el Arsenal, este último un casi imposible por ser uno de los jugadores que lleguen previo pago millonario.	1
¿Cuál si no se habría podido designar un trabajo surgido en torno a un quehacer que los griegos no pudieron imaginar entre sus seis categorías artísticas y hoy llamamos ' el séptimo arte '?	0
Sorteando a ciegas los escasos muebles con la angustiosa agilidad de los hijos pródigos, se dirigió directamente al balcón para desnudar el cristal con decisión y beber despacio, su cuerpo encharcado de luz, preso de la débil huella de un sol lejano que ya no parecía capaz de calentarle calentar le por dentro.	1
Illa.- Pues muchas gracias Irene por sus tres preguntas.	0
Aragón de Cable, Cablelteca, Supercable Andalucía, Supercable Sevilla y Supercable Almería son empresas de telecomunicaciones españolas que ofrecen servicios de cable en Aragón, Islas Canarias, Andalucía, Sevilla y Almería respectivamente.	0
Estas obras son realizadas con libros, álbumes de música o periódicos como soporte.	0
' Trabajamos en colaboración con la FTU, la comunidad fiyiana en Nueva Zelanda y con otras organizaciones sindicales internacionales para ejercer una presión que implique el regreso de la democracia a Fiyi ', dijo el presidente de la CTU, Ross Wilson.	1
En cuarto lugar: las CC.AA podrán limitar la permanencia de personas en espacios públicos o privados a un número máximo de 6 personas, salvo que se trate de convivientes.	0
Sobre el emparejamiento en cuartos de final ante el Airtel Valencia, el técnico del Ademar, Manolo Cadenas, considera que ' es un equipo novato en esta competición, pero cuenta con la ventaja de la ilusión que supone el haber logrado uno de los objetivos de la temporada ', dijo.	0
Una mano en el volante, la otra lanzando dedos oscuros y nombres de casas que constituían lo más importante del patrimonio arquitectónico de Port Spain.	1
La patronal pretende formalizar así el compromiso recíproco del régimen de indemnización y los demandantes de empleo en ' el Care, cuya firma da derecho a cobrar el subsidio del paro y a los servicios que facilitan el regreso al empleo '.	0
Le ofrecí tres mil pesetas si se llevaba uno de los dos Niños Dioses, el que él quisiera.	0
Pero ahora queda ya un pequeño tramo.	1
No levantó los ojos hacia el espejo hasta que adquirió la certeza de que su boca manaría espuma como las fauces de un perro rabioso.	0
Una razón adicional para su uso sólo en escopetas manuales (como las de corredera), es el hecho que brota una larga llama durante 3-5 segundos, haciéndolo haciéndo lo riesgoso para el tirador, en el caso de que un cartucho que todavía emite la llama se expulsara de una escopeta automática.	1
También revela el paradero del de el Barón, quien se esconde en el molino viejo.	0
En este sentido volvemos a trasladar que la intención del Gobierno ha sido, es y será la negociación de todas las cuestiones laborales que tenemos planteadas en nuestra hoja de ruta en el marco del diálogo social.	1
Aunque la ley prohíbe la discriminación hacia las personas con discapacidades físicas o mentales, muchas de ellas han sufrido de hecho diversas formas de discriminación.	0
' Ahora ya no existen intermediarios, ni amigos de los partidos que gobiernan, ni Filesas, ni consideraciones de otro tipo que afecten a las decisiones del Gobierno ', agregó.	0
Añadió que el interés de Aznar por entrevistarse entrevistar se con los máximos representantes empresariales y sindicales es una muestra de su talante de seguir con el proceso del diálogo social, ' eje básico de la política del Gobierno y que tan buenos resultados ' ha tenido para el empleo y la Seguridad Social.	1
En el marco del Pacto de Afganistán de 2006, nuestro país comprometió 150 millones de euros para el período 2006-2010.	1
La Dirección de Aeronáutica Civil de Honduras ha multado a tres aerolíneas y a varios pilotos de una de ellas por volar con permisos de operación y licencias vencidas, informó hoy el titular de ese ente, Luis Rolando Leiva.	0
' Nada me va a impedir que entre en una Secretaría del Estado por la puerta del frente ', dijo Covas tras ser rescatado del tumulto por sus guardaespaldas.	0
Es curioso que a pesar de que lo único que nos salva ante nosotros mismos y tal vez ante el orden supremo del universo es nuestro deseo consciente o no de lograr alguna clase de perfección nadie piensa que la única indiscutible y total está en la muerte.	0
La primera es si el Gobierno ya se ha puesto en contacto con la patronal para tratar de que vuelva a la mesa de Diálogo Social, y si lo han hecho, pues qué respuesta han obtenido.	1
También consideró que es preciso mejorar la calidad del empleo, aumentar la cobertura por desempleo, perfeccionar la protección social y frenar la siniestralidad laboral.	1
(No debía hablar así porque los hombres hacemos algo parecido).	0
Lo necesitan, también, los actores económicos para dar un horizonte de previsibilidad y garantías de trabajo a las empresas y, también, a los empleos.	1
Mañana, Al Gore, de 53 años, aceptará el ofrecimiento de su partido en el discurso final de esta convención, con lo que se convertirá oficialmente en el candidato demócrata a la Casa Blanca.	0
Alguno se manifiestan al grito de libertad cuando están justamente ejerciendo ese derecho de crítica, de protesta o de manifestación y algunos días, hoy mismo, he transmitido que evidentemente no se puede confundir la libertad con la libertad para el contagio.	0
Es tal vez el mejor ejemplo de la identidad y coincidencia de los tres factores de eternidad: vacío, materia y movimiento.	0
También sé que tenemos ahora capacidades en cinco nuevos impuestos que se concertaron este año y por lo tanto más recaudación de esos impuestos, pero el tema no es ése.	0
A cualquiera que no sea un místico o un mezquino le apetecería hacer regalos despampanantes y quedar como un marajá; si no sólo no es un místico ni un mezquino, sino que tampoco es un estrecho, entonces procuraría que el regalo, además de carísimo, tuviera directamente que ver con el mayor vicio del obsequiado.	0
En todo caso si se nos requiere algún tipo de asistencia o de apoyo ahí está el Gobierno de España presto para darlo, insisto, si es requerido.	0
Izquierda Unida pedirá al fiscal general del Estado, Jesús Cardenal, que intervenga en la concesión de ayudas públicas a la empresa Boliden Aspirsa, propietaria de las minas Aznalcollar, que ocasionaron el vertido tóxico en el entorno del Parque Nacional Doñana.	0
Y aun cuando la olvidemos, como hemos olvidado a todos los demás héroes anónimos, es gracias a ella, y a gentes como ella, que la humanidad puede perseverar en el sueño de la felicidad y la razón.	0
Consiste en ser, en definitiva, de los que abren caminos frente a los que levantan fronteras.	1
» El dueño de la disquera, Laureano Rojas, al a el escuchar la grabación determinó que debían grabar con la misma cholita.	0
Clinton, que se encuentra en Lisboa desde el martes pasado, conversó por teléfono ayer, durante 20 minutos, con el presidente de la Autoridad Nacional Palestina, Yasser Arafat.	0
Por esta razón, señaló que dentro de las acciones que realizarán es que durante los días de tianguis vigilarán que cumplan con las normas.	0
Abrumado el lector, se pregunta ¿cómo ha podido hacerse hacer se todo esto en cinco años?	0
A preguntas de los periodistas, Rato respondió a unas declaraciones efectuadas ayer por González, quien afirmó en Magaz del Pisuerga (Palencia) que la alianza BBVA-Telefónica ' está diseñada por el poder político para llevarla llevar la adelante '.	0
La embajadora peruana ante la OEA aseguró que las elecciones del domingo fueron ' legítimas por el hecho de que acudió masivamente la población a votar '.	0
Médici nombró a su canciller Gibson Barbosa.	0
El secretario general de Empleo, Juan Chozas, dijo que hay que insistir en las políticas activas de empleo para conseguir que los colectivos con más problemas - parados de larga duración, mayores de 45 años y mujeres - logren acceder al mercado laboral.	0
Señor Illa, yo voy a seguir con el paso a la Fase I de la Comunidad de Madrid por su particularidad, por la incidencia que ha tenido de la pandemia debería quedarse quedar se [Inaudible].	1
Con el técnico holandés en el banquillo, el Betis sólo ha conseguido un triunfo (2-1 sobre el Barcelona).	0
La Agencia Española de Cooperación Internacional al Desarrollo, desde el Equipo de Reconstrucción Provincial, ha contribuido a crear las condiciones para implantar las instituciones estatales en esa provincia mediante un Programa de Reconstrucción y Estabilidad Política en el que se han invertido cincuenta millones de euros para el período 2006-2010.	0
Al mediodía, desesperado, convoqué a la familia.	0
Ellos jugarán presionados y de eso podemos aprovecharnos aprovechar nos, ojalá que podamos desarrollar todo lo planificado '.	0
He adaptado como título de estas cuartillas otro título de Erskine: ' The Moral Obligation to Be Intelligent ' (1921).	0
Así se iban de su vida: desaparecían, se perdían en la inmensidad del mundo.	1
El 3-0 de ayer, que además ponía fin a una racha de 14 partidos sin ganar del Atlético, supuso una ' revancha ' para Toni, suplente en la Liga a la sombra de José Francisco Molina.	0
Este vergonzante desfile de adulones de la pseuda oposicion radical y el desmembramiento de la peronista en el funeral, nos acredita que no solo carecen de referencia y autoridad moral para iniciar esta operacion de captura del de el botin, sino que nos han exhibido sus quilates como miembros activos de esta cofradia de saqueo por omision de voluntades.	1
La sede diplomática estadounidense reveló, asimismo, la brillante operación de su Servicio de Inmigración y Naturalización, de octubre pasado, que permitió arrestar a 38 traficantes indocumentados y repatriar a 3.500 inmigrantes ilegales.	1
En esas actividades se enmarca la presencia militar española en Afganistán, que durante el último año se ha doblado hasta superar los 1.500 efectivos.	1
Por eso, el Hesperia Lanzarote presenta dos propuestas para que enamorados y solteros se diviertan por igual en un entorno paradisíaco.	0
Tras finalizar la liga en cuarta posición, y con una brillante actuación en la liguilla de promoción, que termina invicto, el club logra el ascenso en su primer año de vida.	1
Se le atribuye erigir la tercera pirámide de la meseta de Guiza, en el complejo funerario compuesto por las tres pirámides de las reinas, el templo funerario, el templo del de el valle, y la calzada procesional que los comunica, pero contrariamente, tanto Julio Africano, como Eusebio de Cesarea, en las versiones de Sincelo y armenia, escribieron, copiando de Manetón, que la tercera pirámide la construyó Nitocris, la más noble y adorable de las mujeres de su tiempo.	1
Si es así la tecnología que nos ha llevado a la luna y podría llevarnos llevar nos allí es una religión más positiva y merecedora de fe y de asistencia que todas las conocidas hasta hoy.	0
Deliciosa comida marina, nada que envidiar a otros buenos restaurantes y cevicherias, este restaurante me dejó mas que satisfecho, delicioso todo, sus causitas, su ceviche ohmar, y su pescado relleno con langostino humm que rico, la mejor comida que he provado por la zona,... se los recomiendo	0
En declaraciones a EFE, el secretario regional de la Federación del Metal de UGT, Ricardo Jiménez, dijo que la operación ' tendrá una respuesta adecuada ' por parte de los sindicatos una vez que conozcan el contenido del acuerdo.	0
Durante el año 2008 fue dejado fuera de la selección adulta por el DT Marcelo Bielsa para los duelos contra Bolivia y Venezuela, y fue convocado nuevamente para jugar un partido amistoso frente a la Selección de Turquía, en Estambul.	0
El investigador que nunca descubre nada que no se populariza gracias a algún descubrimiento suficientemente espectacular que lo haga aparecer en algún magazine televisivo, va perdiendo las fuentes de financiación.	1
Pero en la factura cargaron el postre y el servicio de pan corrrespondientes a ese menú.	1
Edward Kennedy, que fue presentado por su sobrina, aseguró que sólo ha apoyado tanto y con tanto entusiasmo a otros dos candidatos presidenciales: sus hermanos John y Robert.	0
Prevención de la seguridad, formación y capacitación de militares y policías, y contribución a la reconstrucción civil e institucional del país, son, por consiguiente, Señorías, los tres cometidos que en este momento cumplen, con plena entrega y dedicación, nuestras fuerzas en Afganistán.	1
Con la urgencia de un animal nocturno al que se le escapa el sol, Ginés saltó del vehículo y se fue hacia la mesa de recepción de los vestuarios.	1
Y la tercera es también muy sencilla: a la vista de las crecientes dificultades que está teniendo el Gobierno para sacar adelante en el Congreso las prórrogas del estado de alarma y de las que usted misma ha hablado hace un momento, ¿han pensado en renunciar a una prórroga final para completar la desescalada y llevar a cabo una reforma urgente de la legislación para mantener las restricciones a la movilidad?	1
Paso, de este modo, Señorías, a referirme referir me a los escenarios de futuro.	1
Con respecto al rechazo de la propuesta hecha por el gobernante cubano, Fidel Castro, Chávez aclaró que la negativa obedeció a que los países de la OPEP no la sintieron viable, y destacó que declaró sobre ese asunto porque consideró ' adecuado ' que antes de que se marcharan de La Habana le dieran una respuesta al anfitrión de la Cumbre.	0
El dirigente de CCOO admitió que hace falta un socio tecnológico que aumente las inversiones en investigación y desarrollo y ayude a la compañía a acceder a nuevos mercados.	0
Luego vienen a meter cizaña el sentido común, la debilidad sentimental, la resignación, los escrúpulos y el miedo a las enfermedades y acaba uno conformándose conformando se con cualquier cosa.	0
A una aerolínea estadounidense, cuyo nombre Leiva no precisó, y a la local Isleña Airlines se les impuso sanciones similares por la misma causa.	0
Sentaos en el sofá con las palomitas en mano que os lo habéis ganado.	0
Pese a todo, Mato admitió que es necesario reducir la temporalidad y luchar contra la siniestralidad laboral, para lo que considera imprescindible que los sindicatos y empresarios lleguen pronto a acuerdos concretos.	1
Chávez señaló que estos mecanismos compensatorios servirán para que no se produzcan graves daños en las economías de los pequeños países que dependen del petróleo.	1
Multar las octavillas derramadas sobre Madrid como botellas de papel con un dramático mensaje dentro, es meter la voz de los trabajadores en un horno crematorio.	1
Las ventas en mercancía de este ' Viernes Negro ' en Target mostraron un repunte de entre un 13 y 15 por ciento con respecto a las registradas el año pasado, lo cual fue similar al a el fin de semana largo del de el 19 al a el 21 de noviembre.	0
Soy Carlos Sobrín, de la Televisión del Principado de Asturias.	0
Una vez que conozcan el contenido del acuerdo de venta, señaló, los sindicatos estarán en disposición de dar una respuesta.	0
El bigote es una tilde en la ortografía de la cara y al bigotudo le ocurre también lo que a la letra eñe: que si le quitas la tilde no se convierte en una ene, sino que se queda para toda la vida como una eñe mutilada y sin sombrero.	1
Un hombre de 32 años murió hoy en un accidente laboral ocurrido en Alcoy (Alicante) al precipitarse precipitar se desde una altura aproximada de doce metros de un edificio en construcción, según informaron fuentes sanitarias y sindicales.	0
- - Pues Maracas Bay.	0
Las reservas de oro y divisas de Rusia subieron 800 millones de dólares y el 26 de mayo equivalían a 19.100 millones de dólares, informó hoy un comunicado del Banco Central.	0
Este centro dispone de ocho laboratorios de investigación, áreas de apoyo científico tecnológicas, dos quirófanos experimentales y dependencias diferenciadas para los animales.	0
España es un país de oradores fúnebres que acumulan los elogios sobre el muerto seguros de que no los oye y sobre todo de que no va a resucitar.	1
Por dicho motivo, el italiano es nuevo líder con 115 puntos por 109 de Antonio García.	0
El número de líneas que se adoptaron fue de 30 pero esto no dio los resultados deseados, la calidad de la imagen no resultaba satisfactoria.	0
Los efectos negativos en plano interno fueron el pánico y la desconfianza de cientos de miles de rumanos en las autoridades del Estado, mientras en el ámbito exterior, el Fondo Monetario Internacional aplazó, ayer, miércoles, la prolongación del acuerdo con Rumanía, de importancia capital para el relanzamiento económico del país.	1
Valle Inclán me decía: - Allí donde está el fuego allí está Dios.	0
Resulta entonces que no practica las historias del espejo, del tomavistas o de todos esos inventos que tan poca ilusión nos producen ya.	0
Una señora como es debido diría que, más o menos, los tres son unos ineducados y unos vándalos.	0
Criticó el ' salvajismo político ' utilizado por su principal rival en la carrera presidencial, su antiguo amigo y ex gobernador de Zulia Francisco Arias Cárdenas, en la pasada campaña electoral.	1
Las pruebas recogidas por la Policía, así como informaciones de prensa, indican que fueron grupos organizados los que difundieron rumores sobre la inminente quiebra del BCR, a través de llamadas telefónicas anónimas y mensajes por correo electrónico.	0
Argentina y Gran Bretaña reanudaron sus relaciones diplomáticas en 1990, al cabo de una ronda de negociaciones celebradas en Madrid, en aquella ocasión el país suramericano tuvo que aceptar que las discusiones bilaterales dejaran al margen la espinosa cuestión de la soberanía sobre las Malvinas.	1
El estado de alarma que decretamos el 14 de marzo ha funcionado.	0
La Cámara de Representantes de Filipinas (en filipino: Kapulungán ng mgá Kinatawán ng Pilipinas) es la cámara baja del de el Congreso de Filipinas, mientras que el Senado es la cámara alta;	0
Hay quien intenta cumplir y llamar la atención regalando cosas completamente absurdas.	0
Este Samsung Continuum será distribuido en EE.UU. por Verizon aunque nos encantaría verlo ver lo por otros territorios.	0
Ha sido campeón de liga en 3 ocasiones, 1 vez ha ganado el torneo de copa y la suprecopa de Etiopía la ha ganado 3 veces.	0
Belle (Manuela Vellés), una atractiva espía francesa, cumple una misión muy arriesgada: sabotear el tren en el que viaja Otto Ganz, un industrial con importantes contactos en la cúpula nazi y que custodia un cargamento clandestino de wolframio.	1
El avión de Barak, procedente de Israel, aterrizó a las 8.15 hora local (07.15 gmt), en la base aérea de Figo Maduro, anexa al aeropuerto internacional de Lisboa.	0
Señor consejero, ya sé lo que viene en los presupuestos.	0
En la pantalla, unos muchachos de pelo tieso, como recién salidos de un susto, se contorsionaban y chillaban lo mismo que si sufrieran un telele.	1
Izquierda Unida de la Región de Murcia presentó hoy en conferencia de prensa a sus candidatos al Congreso y al Senado, entre los que se encuentran, además de Ríos en la lista a la Cámara Baja, el ex-diputado regional Cayetano Jaime Moltó, la concejala del Ayuntamiento de Totana Josefina Galvez y el profesor de Ecología de la Universidad de Murcia Miguel Angel Esteve, que figura como independiente.	0
Esta restricción de la entrada y la salida de personas de los ámbitos territoriales confinados también va a tener excepciones, como está ocurriendo ya en algunas CC.AA. que se han visto obligadas a aplicar este tipo de medidas y, como es lógico, también se centrarán en razones de puro sentido común: asistencia a centros sanitarios, acudir a centros educativos, cumplimentar obligaciones laborales, profesionales, etcétera.	1
Con todo, con excepción de la Cueva de Vilasos, el resto carecen de algún tipo de protección - como sucede con el 88,45% de los yacimientos léridanos con arte prehistórico - lo que supone un grave y permamente peligro para su conservación.	0
- Algún día la Comunidad Europea homologará los belenes, y no volverán a presentarse presentar se estos errores - dije -.	0
Aprietas otro botón y te vas al sur.	0
Con menos crudeza, pero con igual rigidez moral, su madre le había dicho lo mismo a Florentino Ariza tratando de consolarlo consolar lo de sus desventuras.	1
El doble que se enfrentará a la pareja Sandon Stolle-Mark Woodforde será el formado por ' Guga ' y Jaime Oncins.	0
Sin esperar a vestirme vestir me, bajé en busca del portero del edificio, un chulo sin escrúpulos que es capaz de romperle romper le la cabeza a quien ponga su coche en doble parada.	0
Desde luego, poco o nada tienen que ver tu significación intelectual y tu posicionamiento político con los de Javier Pradera o Fernando Savater, como no sea el compromiso común con la democracia y esa dignidad en el comportamiento público de que hacéis gala y que cada día resulta más escasa entre nosotros.	0
En su comunicado final también reiteraron su compromiso para que se tomen las medidas adecuadas para asegurar la participación plena en los trabajos para alcanzar las metas ya establecidas en reuniones previas.	1
Su deseo es diferenciarse diferenciar se de Sotheby's y Christie's, las dos firmas que controlan casi todo el mercado de subastas de arte, con un negocio limitado pero concentrado en las áreas más rentables, que significaría dejar de lado objetos coleccionables, vinos y manuscritos, entre otros productos.	0
Pero cuando pasó la nueva andarales, convencida de que nadie había participado hasta entonces con un poema tan original.	0
Los incidentes con zapatos, el lanzamiento de los mismos contra alguien o el hecho de mostrar la suela son incidentes asociados principalmente al a el mundo árabe.	0
Yo sólo sé que......que hay que subirlas subir las, o dos, que habrá que ajustar, recortar –o llámelo usted como quiera– las prestaciones sociales.	0
Estoy convencida de que algunos votan en contra con los dedos cruzados para que salga adelante una situación que todos -y hay un consenso internacional- creemos absolutamente necesaria.	0
El proyecto fue aprobado por la Cámara de Representantes la semana pasada después de intensas gestiones realizadas por el presidente, Bill Clinton.	0
El diseño es mezcla de los estilos arquitectónicos federal, griego y gótico.	0
Cursa sus estudios universitarios de Arte Dramático en la Universidad de Bristol, donde se licencia con matrícula de honor.	0
Stoiber mencionó hoy, sábado, el asunto de la ampliación en su discurso de apertura de la feria agrícola que se celebra durante la Fiesta de la Cerveza de Múnich, en el que se congratuló de que el comisario europeo alemán, el socialdemócrata Günter Verheugen, haya lanzado el debate sobre la necesidad de una especie de referendo.	1
Las temperaturas se ven afectadas por la cercanía del de el Atlántico Sur, al a el sur de las montañas Kleinriviers.	0
En los ríos La Paz y Beni hay pesca abundante de peces deliciosos como: pacú, bagre, blanquillo, bagre, sábalo, surubí y muchos otros.	0
Pero lo mejor de la casa son sus dueños y el trato que dan, por no hablar del de el excelente desayuno casero.	0
- - Con el tiempo harán taxis sin taxistas.	0
Navidul, que en 1995 adquirió Industrias Revilla y lidera el mercado del jamón curado, exportó durante 1999 por valor de 3.050 millones de pesetas (18,3 millones de euros), un 10,8 por ciento más que un año antes.	0
Los documentos de la disolución con la firma de Mori y el sello del emperador Akihito se espera que sean entregados al presidente de la poderosa Cámara del Legislativo, Soichiro Ito, por el ministro Portavoz del gobierno Mikio Aoki, a primera hora de la tarde.	0
Y todo ello con la convicción de que la pluralidad de la sociedad vasca encuentra su cauce de convivencia y la garantía de su prosperidad futura en el seno de España y de Europa.	1
Sin embargo, como presidente del de el Consejo Privado, Yamagata mantuvo el poder detrás del de el gobierno y dictó la selección de los futuros Primer Ministros hasta su muerte.	0
El Producto Interior Bruto (PIB) de Uruguay cayó un 3,4 por ciento durante el año pasado y el déficit fiscal subió del 1,9 al 3,9 por ciento, como consecuencia de la crisis brasileña.	0
Querida Marimar, Consuelo, Miguel, representantes de las víctimas y víctimas del terrorismo, queridos patronos y miembros de la Fundación, autoridades todas, amigos, Quiero dar las gracias a Marimar Blanco por la labor que desempeña como presidenta de la Fundación que lleva el nombre de su hermano.	0
Señor Presidente, señoras y señores diputados,	0
En los comicios, la Cámara de Diputados reducirá de 500 a 480 el número de escaños tras la aprobación en febrero de este año de la supresión de 20 asientos de representación proporcional, uno de los dos que componen el sistema electoral nipón.	0
Pero no hubo que pensarlo pensar lo mucho, porque el chino premiado surgió del fondo de la platea con esa sonrisa celestial que tienen los chinos cuando llegan temprano a su casa.	1
El político bávaro atribuye incluso la actual debilidad del Euro al hecho de que se está planeando una ampliación de la UE sin suficiente base financiera.	1
Posteriormente, en opinión de Ruocco, ' vendrá la necesidad de vender, porque las empresas de Argentina van a salir a competir duramente con las uruguayas en los otros mercados internacionales '.	1
Los agentes, procedentes de diferentes redes y grupos de gestión de toda España, se alojaron en el Disney 's Hotel New York durante 3 días y tuvieron la oportunidad de conocer el resto de hoteles Disney.	1
El Templo de Santa Cruz, el de San Agustín o la Plaza de Armas son algunos de sus rincones más emblemáticos.	0
Su primera edición data del de el año 2000, y a partir de su quinta edición realizada en 2004 adoptó el formato de festival competitivo.	0
En el transcurso del de el juego Marth trató de restablecer el Fire Emblem del de el verdadero poder.	0
Una de las empresas tomaría posesión de los sistemas operativos Windows, creado por esta firma y que usan el 95 por ciento de los ordenadores de todo el mundo, y la otra pasaría a controlar todo el software de Microsoft, incluido el popular ' Office suite ' y los demás activos de la compañía.	0
Apartó con sumo cuidado el juego de tocador, un regalo de su abuela cuya función no había pasado nunca de la dudosamente decorativa.	0
Que, en aquellas historietas, para demostrar lo perversos que eran, estaban siempre con el ceño fruncido y gritando.	0
Tras malvender las últimas joyas de la corona que aún conservaba, pasó sus últimos días en pobreza gentil, mantenido por una pequeña pensión a cargo de Enrique IV de Francia.	1
Leiva afirmó que Aeronáutica Civil ' está vigilando estrechamente a las líneas aéreas ' ante las continuas quejas de los pasajeros, especialmente de TACA, por el constante extravío de equipaje, suspensión abrupta de vuelos o cancelación de cupos, aunque el usuario haya comprado su billete.	0
Su hermano (1842-1913) también fue pianista, organista y compositor;	0
Nuñez de Balboa es una estación de las líneas 5 y 9 del de el Metro de Madrid situada en el distrito de Salamanca.	0
Luego se deciden a afeitárselo afeitar se lo y entonces se dan cuenta de cuál es su verdadera carencia la carencia de bigote.	0
El secretario de política industrial de la Federación del Metal de CCOO, Ramón Gorri, manifestó el malestar de su organización por la falta de transparencia con que, a su juicio, se ha llevado a cabo la operación y acusó a la Sociedad Estatal de Participaciones Industriales (SEPI) de haber actuado al margen de los sindicatos.	1
Según analistas locales, nunca antes el PRI había sentido el fantasma de la oposición rondando la residencia de Los Pinos, aunque hay quienes aseguran que Fox sólo podrá vencer a Labastida, si logra una alianza sólida con el PRD.	1
De Pury y Luxembourg habían anunciado en junio una alianza comercial con otros dos antiguos expertos de Sotheby's, Lucy Mitchell Innes y David Nash, considerados como dos de los más importantes intermediarios de arte en Estados Unidos, pero la fusión obligaría a poner fin a esa relación.	1
Es un personal que puede hacer perfectamente estas labores pero, insisto, es una decisión que corresponde a cada comunidad autónoma el cómo organiza esta vigilancia activa de casos.	1
Nuestro reto en definitiva, como les dije en mi comparecencia el pasado viernes, es alcanzar una incidencia acumulada en estos últimos 14 días, o en los últimos 14 días, mejor dicho, por debajo de los 25 casos por 100.000 habitantes.	1
Y todo eso se tiene que aprovechar para construir ese nuevo Estatuto de los Trabajadores, que ya se trata de un trabajo en el medio plazo que permita, como decía, contar con un nuevo paradigma de relaciones que hagan realmente que podamos afrontar los retos que tenemos para el siglo XXI.	1
Queipo tenía su cuartel general en Capitanía y venía utilizando para sus conquistas en Andalucía a moros y legionarios que Franco traía de África.	0
El portavoz del Gobierno se ha mostrado contento con la sentencia y ha añadido que eso demuestra que desde hace mucho ésa es la auténtica bandera nacional.	0
El vino español llegó a Burdeos antes de que la región produjera el suyo propio.	0
Takafumi Isomura, alcalde de Osaka y presidente del Comité de la Candidatura (OBC), explicó hoy en Sydney que Pekín puede tener la ventaja de que China nunca ha acogido unos Juegos pero que no deben compararse comparar se culturalmente ambos países porque cada uno se ha desarrollado por su lado.	1
No es que uno sea mejor que el vecino pero hay que tratar de parecerlo parecer lo por respeto precisamente para el vecino.	0
El gobernante destacó que también sostuvo otros ' interesantes ' encuentros en La Habana, uno de ellos el realizado con el presidente de la Autoridad Nacional Palestina, Yaser Arafat, quien podría visitar Venezuela en unos dos meses, según invitación extendida por Chávez.	1
Es imprescindible que, en el trámite parlamentario, el mencionado proyecto de ley sea mejorado para permitir nombres así.	0
El País Vasco de hoy necesita también de esas instancias de concordia que posibilitan una verdadera convivencia y para ello no hay mejores puntos de encuentro, no hoy ni los ha habido nunca, que la Constitución y el Estatuto de Guernica, que son la garantía de un País Vasco de todos y en libertad, y que ha demostrado ser el mejor acicate para el progreso de esta tierra.	1
Otro engaño del cuerpo, según ellos.	0
La Caja Checa de Ahorros, ya comprada por el Erste Basnk de Austria, ha reducido su plantilla desde 18.700 en 1996 a los actuales 15.100 y tiene planeado reducirlo reducir lo a 14.000 antes del fin del año.	0
' Mientras sollozaba, repasaba los terribles versos: Fuimos a la camita donde, juntos, formaban dos un grupo encantador.	0
Ella debería saberlo saber lo, porque había trabajado en el Ayuntamiento, y sin embargo nunca había mostrado extrañeza ante sus ausencias, Barcelona, Valencia, Vigo, incluso Frankfurt una vez, al principio, una semana entera, cuando la nostalgia se hizo insoportable.	0
Empezaban viviendo como parásitas de sombras en los caserones desiertos, se volvían confidentes de sus sirvientas, amantes de sus almohadas, sin nada que hacer después de tantos años de cautiverio estéril.	1
Aun así, si comparamos esta densidad con la del de el plomo, de unos 11 g / cm ³, vemos que representa una considerable compresión, sobre todo cuando se considera que en el interior del de el blanco tenemos unas densidades iniciales de de unos 0,1 g / cm ³ de DT.	0
Participó en muchas acciones de armas: la recuperación de Silao, en manos de los villistas, en abril de 1915, y la batalla de Trinidad y Santa Ana del de el Conde, en mayo de 1915, entre otras.	0
Tuvo un festival de nombre Larentalia, que se celebraba el 23 de diciembre.	0
El grupo resultante de la compra de la empresa cárnica Navidul por Campofrío facturará 250.000 millones de pesetas y logrará un cash-flow de 20.000 millones, según un comunicado conjunto de ambas compañías.	0
Ayer, Medina declaró que la SHCP ya comenzó el proceso de integración de propuestas de programas de retiro de las dependencias de la administración pública, y al a el respecto, la Secretaría de Hacienda desconoce aún lo que costará la salida de 10 mil empleados este año.	1
España puede doblegar esta segunda ola con esfuerzo, resistencia y moral de victoria.	1
El 7 de agosto de 2010, un impacto de un Explosivo Improvisado a un CV9035DK en Afganistán dejó como saldo que dos de los soldados que tripulaban uno de estos blindados murieran y 3 resultaran heridos.	0
Ese es nuestro objetivo, 25 casos por 100.000 habitantes.	0
Como parte de la fusión, la compañía fundada en 1997 por De Pury y Daniella Luxembourg, que era hasta esa fecha presidenta adjunta de Sotheby's en Suiza, se convertirá en una subsidiaria de Phillips y continuará sus actividades en Ginebra, donde está su sede.	1
De la generosidad, de la inteligencia, del tesón.	0
El ' Yediot Ajronot ' informa hoy de que la campaña de Peres - que el próximo mes de agosto cumplirá 77 años - se centrará en su personalidad y no abundará en asuntos políticos polémicos.	0
Hasta 1945 era parte de Alemania.	0
La reclamación de unos servicios sanitarios que no dejen a 44 millones de personas sin cobertura fue una de las reivindicaciones lanzadas esta noche por Bill Bradley, que luchó sin éxito por la candidatura demócrata a la presidencia.	1
Nosotros, el Gobierno, y creo que el conjunto de la sociedad española, los 46 millones de españoles, quieren que se construya y yo estoy dispuesto, como siempre, a hacerlo hacer lo.	1
Si alguien lee esto, que vaya a su medico y que le recete otro medicamento equivalente y si esta fabricado por otro laboratorio mejor, pues MSD está claro que además de ser poco transparentes no son fiables.	1
Además, recordó que el Gobierno mexicano ha establecido un programa de apoyo para los trabajadores agrícolas que les otorga un documento de identidad que les permite trabajar en las fincas del estado de Chiapas, en la recolección de cacao, café y banano.	0
Según señaló Socorro a la prensa local, está dispuesto a vestir la camiseta de su país, después de tres años de ausencia.	0
La señora Aguirre, híbrido de comadre galdosiana y coronela de las SS, contribuye al - progrom - antisindical y antitrabajadores levantiscos que ha puesto en marcha la derecha que nos agobia con su terapia de estropajo y aljofifa, de barrenderos y multas, de purificación ciudadana a golpe de fregona.	1
Ni el arrebato de quienes de pronto se ponen solidarios con las víctimas de la colza o con la catedral de Burgos, que eso es mezclar churras con merinas.	0
El trato personal es inmejorable.	0
Los hombres que han usado sus facultades hasta la extenuación y el agotamiento son los únicos que van al cielo.	0
Ayer, el régimen de Binimarama, que recibió las riendas del país del presidente Kamisese Mara el lunes pasado, propuso sin éxito a Speight establecer un gobierno militar provisional que elabore una nueva Constitución y convoque elecciones democráticas en un plazo de unos tres años.	1
La vicelehendakari sostuvo que el Partido Popular mantiene una ' dinámica de deterioro y deslegitimación ' de las instituciones vascas, cuyo ' colofón ' fueron los insultos del parlamentario Ricardo Hueso al lehendakari, Juan José Ibarretxe, en el pleno del pasado viernes.	0
Lo que pasa es que el Niño Dios de pañal blanco es para los seguidores del Real Madrid y el otro para los del Atleti.	0
Ella misma estaba sorprendida de su obediencia.	0
El Diccionario Secreto de Camilo José Cela recoge monda y mondá por pija.	1
Su revista por antonomasia le sobrevivió hasta 1941.	0
Bradley, que perdió las primarias frente a Gore, expresó su apoyo público al candidato a la Presidencia, en cuya campaña prometió que ' trabajará duro '.	1
Mesic empezó su carrera como juez municipal de Orahovica y fue condenado por las autoridades de la antigua Yugoslavia durante la ' Primavera croata ' de 1971 a un año de prisión, mientras que Budisa, en aquel entonces líder estudiantil, fue sentenciado a cuatro.	0
Los parámetros se refieren a las propiedades físicos del de el acuífero que son constantes con el tiempo, pero que sí pueden variar de un sitio al a el otro.	0
Pensó y se lo repitió en una voz mental que servía de fondo a la ensoñación del Bósforo contemplado desde el palacio de Topkapi.	1
Le hemos tomado cariño a los dos, y no tenemos corazón para premiar a uno y castigar al otro.	1
Las que están en fase 2, las medidas ya son innecesarias porque la fase 2 ya contempla incluso mayores medidas de alivio y básicamente en estos municipios se eliminan las franjas que hasta ahora venían rigiendo determinadas actividades físicas y de paseo y, por tanto, ya no hará falta respetar estas franjas, lo que dará libertad para para poder pasear a las horas que se quiera y también se elimina la restricción a los niños menores de 14 años de tener que efectuar sus paseos con un adulto.	1
Hasta el momento, el gobierno de Managua no ha reaccionado de forma oficial a la petición de EEUU.	0
Alrededor del de el 2.4% de la población estaban por debajo del de el umbral de pobreza.	0
Pero, por otra parte, ya ha anunciado que apelará cualquier dictamen que establezca su visión, lo cual prolongaría el proceso judicial muchos meses.	0
A veces lo llamo en inglés: Kitty,.	0
Buenas tardes ministra, Cristina de la Hoz, ha alegado que era responsabilidad del Gobierno intentar amarrar el voto para hacer posible la prórroga del Estado de Alarma, pero yo le quería preguntar por qué se ocultó deliberadamente a la Cámara que se estaba negociando y que se había alcanzado un pacto con Bildu, que no se conoció hasta después de las votaciones.	1
Ni siquiera he ido a Tobago.	0
¿Cuáles son los indicadores principales?	0
Pero Claves llega a la opinión pública española en circunstancias evocadoras de las que arroparon el nacimiento de Cuadernos.	1
Aplicar de forma selectiva y discriminatoria todo el rigor de la ordenanza municipal al mensaje impreso y desparramado de la clase obrera es encerrarlo encerrar lo en una cámara de gas.	1
[...] Algo me hace sospechar que con lo que han hecho hoy aquí y la respuesta de todos en el festival conseguirán que muchos estadounidenses vean la película.	0
Nunca hemos visto una oleada de apoyo y de cariño como la que recibieron Miguel Ángel y su familia en aquellos días de 1997, y nunca hemos oído un grito de libertad como el que entonces se oyó en las ciudades y en los pueblos del País Vasco y de toda España.	1
Los campeonatos del de el mundo de tenis de mesa comenzaron en 1926 con un dominio absoluto del de el equipo húngaro.	0
También ahora estas páginas son el hombre y de él tenemos no poco que decir.	1
La responsabilidad de que todos tengamos la capacidad de que las personas se puedan sentir protegidas con motivo de una pandemia en donde solo la restricción de la movilidad ha sido el tratamiento eficaz para combatir a este virus, y esto, hasta que tengamos una solución definitiva de la mano de la vacuna o de la mano de un tratamiento eficaz, ha llevado a una situación en la que el Gobierno se ha sentido solo durante esta crisis y en un momento en donde esperábamos la solidaridad y la responsabilidad del resto de formaciones políticas, han visto ustedes cuál ha sido la actitud y cuál ha sido la posición que han expresado diferentes formaciones políticas con vocación de gobierno, la más clara la del Partido Popular.	1
Además de estos, aparecen Munemune (la abuela de Sasshi), siempre escasa de ropa, y Abe no Seimei, un maestro onmyoji de la era Heian (también conocido como Eutus), quien va a enseñar a Sasshi a ser un onmyoji para crear / modificar los mundos.	0
Su puesto en el ejército no era compatible con la conversión al a el cristianismo, ya que esto significaba un abierto desafío a la autoridad del de el emperador.	1
A pesar de que, año y medio atrás, al descubrirlo descubrir lo, habían incluso dudado de si era creo que abuelo de no sé qué señora que decía que lo había perdido por ahí.	0
También participaron el Licenciado José Tomas Loreto, Director General de la Alcaldía y la Dra. María Crusiata, Directora de Hacienda en representación del de el Ejecutivo Local.	0
En declaraciones a Radio Programas del Perú (RPP), Ramacciotti afirmó que los países del hemisferio coincidieron en que el fortalecimiento de la democracia y la consolidación de las instituciones internas ' se debe hacer dentro de un marco de respeto y de no intervención '.	1
' La retirada no tardará dos años, sino unos meses, según han decidido ambos países ', anunció ayer el titular saudí de Defensa, Sultan Ben Abdel Aziz, en rueda de prensa junto al primer ministro yemení, Abdel Karim Al Ariani.	0
Un soldador como el del Liceo, con perdón.	0
A esta nueva aportación, se sumarán los diez millones de euros que anunció el Ministro Moratinos en la pasada Conferencia de Londres para apoyar el Programa de Reintegración del Gobierno afgano.	0
Aplausos y gritos recibieron esta noche en Los Angeles a Joseph Lieberman, que mañana, miércoles, será proclamado el primer judío candidato a la vicepresidencia de los Estados Unidos.	0
La izquierda, como magníficamente describiera Jean François Revel, ha ganado la batalla de las ideas: la mayoría, embrutecida por la ceguera ideológica, valora las buenas intenciones de los utópicos por encima de sus nefastos resultados.	1
En la provincia de Badghis, una de las zonas del país con mayor presencia de españoles, nos vemos expuestos a esas situaciones de peligro, que han crecido como consecuencia de que las autoridades afganas están ampliando su control sobre parte del territorio que antes estaba bajo dominio de la insurgencia.	1
Todos tenemos que superar esta enfermedad juntos y tenemos que asumir esa parte de compromiso y de responsabilidad.	0
El centrocampista portugués Tiago ha conseguido desvincularse desvincular se de la Juventus de Turín y será definitivamente del de el Atlético de Madrid en las próximas horas.	0
En ésta, el círculo rojo no estaba exactamente en el centro sino más cercano al mástil y del círculo salían rayos igualmente rojos que llegaban hasta el borde, ensanchándose ensanchando se a medida que se alejaban del círculo.	0
El estilo del de el edificación, sin embargo, era mucho más que la propia interpretación de Petre y solo fue influenciado ligeramente por la arquitectura anglosajona.	1
En concreto, en relación a lo qué es la conexión ética, mire, el Gobierno solicitó un dictamen de la Comisión Ética, no para lo que es la recuperación del dinero contratado, sino para lo que pudieran ser a asunción de responsabilidades, y la Comisión Ética dictaminó o determinó, que la actuación en materia de publicidad institucional se ha ajustado a los requerimientos del código ético.	1
El texto señala que la operación refuerza su liderazgo en el mercado cárnico español y convierte a Campofrío en el tercer operador de este sector en Europa.	0
Se habla sobre todo de las emociones que rodean a los niños, que son los personajes principales.	1
El descenso medio del paro en mayo en los quince años anteriores fue de 56.665 desempleados, y en el mismo mes de 1999 el desempleo tuvo una reducción de 58.880 personas, mientras que en los últimos doce meses bajó en 117.951 personas, un 7,15 por ciento.	0
El Museo de Bellas Artes de Turkmenistán y otros museos de Balkanabat han adquirido sus obras.	0
Muchas veces se tiraba al suelo para rodear con los brazos los tobillos de su madre y acercar la mejilla a sus pies.	0
Como hizo María Elena.	0
El Banco Central Europeo (BCE) fijó el cambio oficial del euro en los 0,9355 dólares.	0
Y también, qué opina de las mascarillas que ha repartido la Comunidad de Madrid y que Facua asegura que no protegen.	0
Ya no basta con querer practicarla practicar la, como en tiempos de Cristo y sus apóstoles, sino que es preciso estar autorizado para ello.	0
Esa propia agenda del cambio contiene muchos de los elementos que van a ser la clave de ese nuevo Estatuto de los Trabajadores que nos permita afrontar los desafíos del siglo XXI.	0
Según Pujol, ' no puede ser que se tarde ocho meses para dar un permiso de residencia de trabajo a un ciudadano polaco ', en un momento de falta de mano de obra que actúa, en su opinión, como freno al crecimiento económico.	1
Cualquier miembro del de el party puede ser seleccionado para ser parte de un equipo, sin importar diferencias en niveles o clases.	0
A veces, cuando había película, Antonia se asomaba al patio para ver de qué color era el traje de la protagonista.	0
Queridos amigos, De aquel clamor nació un impulso cívico que tomó forma a través de la iniciativa de un conjunto admirable de plataformas y de asociaciones.	1
Londres y Washington rechazaron tal posibilidad y declararon que, según los datos recogidos por sismógrafos y otros sensores, hubo dos explosiones a bordo del submarino nuclear ruso, joya de la Armada.	1
La señora Aguirre encarna de repente todo ese afán marujón y exterminador que le ha entrado a la derecha gubernamental, paragubernamental, municipal, empresarial y paraempresarial por castigar, represaliar, asfixiar, borrar las huellas, los moretones, las llagas de la huelga.	1
La melancólica observación quedaba contrastada por el frágil esplendor de la naturaleza iluminada en Maracas Bay.	1
Las más pequeñas se desplazaban sobre 4 ruedas y las de mayor tamaño sobre 6, siendo arrastradas por bueyes.	0
Además, los británicos admiraban la fidelidad que el rey profesaba a su esposa, al a el contrario de sus dos antecesores.	0
El grupo estatal Electricité de France (EDF) anunció hoy, jueves, la compra del 51 por ciento de la empresa mexicana Electricidad Águila de Altamira (EAA), creada por el japonés Mitsubishi Corporation para poner en marcha una central de gas de 495 megavatios.	0
A través de un comunicado de prensa, el presidente de Alcan, Jacques Bougie, señaló que ' estoy seguro que esta fusión proporcionará un significante valor a los accionistas y espero fusionar las operaciones de Algroup y Alcan en una nueva industria líder a nivel global en el sector del aluminio y el embalado '.	1
A nivel técnico, se considera importante que el euro no vuelva a caer por debajo de los 0,92 dólares, donde ha consolidado un buen tope de resistencia.	1
Los veintiséis deportistas andaluces que participaron en los Juegos Parolímpicos de Sydney, disputados el pasado octubre, han sido homenajeados hoy en un acto organizado por la Fundación Andalucía Olímpica y celebrado en un hotel de la localidad sevillana de San Juan de Aznalfarache.	0
Así lo comunicaron a la Bolsa de Comercio de Buenos Aires tres de las empresas que forman parte de CGO, el Grupo Mexicano de Desarrollo (GMD), la Compañía Brasileña de Proyectos y Obras (CBPO), subsidiaria del grupo brasileño Odebrecht, y la firma argentina Benito Roggio e Hijos, informaron hoy fuentes bursátiles.	0
Agregó que esta semana última ' he trabajado muchísimo ' y ' desde que el Tribunal Supremo decidió aplazar los comicios, guardé mi arsenal de campaña '.	1
El uso del de el nitrógeno para el inflado de los neumáticos no solo redime en un ahorro directo, paralelo a esto también hace un gran aporte ecológico al a el disminuir las emisiones de CO2 provenientes del de el esfuerzo adicional que deben hacer los vehículos al a el perder presión constantemente en las llantas cuando son infladas con aire.	1
Las autoridades costarricenses arrestaron a Niño Canales, peruana, después de una intensa investigación, porque la delincuente es considerada responsable de la entrada de miles de indocumentados a Estados Unidos, igual que Castillo, indica la sede estadounidense.	0
La representante manifestó su seguridad de que las relaciones con Estados Unidos y el resto de países americanos continuarán en el marco de amistad y cooperación ' porque hay intereses comunes '.	1
Cuatro años después, dichas obligaciones estaban por cumplir, agregó Herrera, quien observó que la compañía recibió una multa de 1.872 millones de pesos (892,7 millones de dólares).	0
Es Gran Cruz de la Orden de Alfonso X el Sabio.	0
Mientras el centro Staples aclamaba a los Kennedy, la ciudad de Los Angeles volvió a ser escenario hoy de diversas protestas en la calle convocadas contra diversas causas, como los bombardeos en Iraq y la globalización, aunque no se informó de altercados similares a los producidos el lunes pasado.	1
Ni un día más, ni un día menos en la vigencia de una herramienta eficaz en la lucha contra el COVID19 como hemos vivido en la primera ola.	1
Sin embargo, era rencoroso, avaro, cruel, y orgulloso, así Lisandro se hizo impopular en toda Grecia, promocionando los intereses de sus amigos y manifestando afán de venganza contra los que le desagradaban.	0
Señala que, por el contrario, el Gobierno ' ha sido sumamente dialogante ' con sectores como los ex paramilitares que le han exigido una indemnización por haber luchado junto al Ejército en contra de la guerrilla del FMLN en la pasada guerra civil, así como una comisión liquidadora del banco Credisa.	0
K - 19: The Widowmaker se estrena en 2002 bajo la dirección de Kathryn Bigelow.	0
Lo lógico es que la dirección nacional del Partido Popular fuera lo suficientemente sensata para dejar de mirar de reojo lo que hace la ultra derecha y escuchar más lo que dicen sus presidentes en los territorios donde gobiernan.	0
Jaime Lee Curtis debutaría en el cine con veinte años y de la mano de John Carpenter, con la cinta de terror Halloween (1978).	0
Mondeo no quiere decir nada.	0
En la rata hay siempre algo de extraordinario, de extraordinariamente siniestro, que la convierte en un ser irreal, una de esas alimañas que pueblan el territorio de nuestros malos sueños y nos visitan las noches de fiebre.	1
Por eso, para juzgar a Chibana tuvieron que echar mano de otra acusación: daños a la propiedad pública.	0
Chufi se unió a otras marcas consolidadas en la Comunidad Valenciana, como los batidos Choleck, por lo que reforzó su posición en esa zona.	0
La letra, escrita por Morrissey, narra el amor entre el protagonista y otra persona.	0
Que quieres la carne cortada de una forma diferente pues te la cortan, que el pan lo quieres mas morenito, sin problemas, siempre que voy de vacaciones al a el balneario no dejo de visitarles visitar les para encargar una cajita de limones o de melocotones, caseros y super baratos!	1
¡Y cómo, cuando están así dormidos, inspiran más ternura y compasión!	0
Otra de las cuestiones que se nos planteó y que estamos trabajando es que, en vez de que sean solo los PCRs positivos los que marquen una parte de la distribución de fondos, se pueda utilizar en la totalidad de los PCRs realizados a la población, con lo cual eso también, en función de la población que se tenga, marca un mayor porcentaje de esa participación.	0
El puro, este cabo de habano mordisqueado, era el trofeo de una jornada cumbre, de aquel día en que Rafael entró en su casa.	1
Es el único miembro del de el género monotípico Melilestes.	0
Además se le pediría a las empresas interesadas en prestar el servicio que se hagan cargo de la señalización y la cartelería que contiene información para los usuarios.	0
Cumplo, así, con satisfacción el compromiso que contraje hace unos meses ante ustedes.	0
En cambio, Katsav presentará una familia pluralista - marido sefardí y esposa ashkenazí - y tradicionalista en lo religioso, y su mensaje será que ' Peres es como el Papa, que viaja por todo el mundo ', mientras que él se ocupa sobre todo de los problemas internos.	0
Ahora supongo que en los países más pudientes la proporción debe estar por ahí, en torno a la rata y media o las dos ratas por cabeza.	0
Entonces he recurrido al ' Gran larousse ', que dice simplemente que Erskine fue profesor en la Universidad de Columbia (1903 - 1937) y que se hizo famoso por su cinismo fácil y divertido.	0
El Gobierno de Estados Unidos pidió hoy al Senado que someta a votación a mediados de este mes el acuerdo que otorga beneficios comerciales permanentes a China.	0
Quiero agradecerles agradecer les el buen trabajo que han hecho con mi casa.	0
El secretario general de CCOO, José María Fidalgo, señaló que no puede estar contento con las cifras del desempleo porque, aunque el número de parados se ha reducido en España en los últimos cuatro años, la tasa de paro sigue estando ' muy por encima de la media europea '.	0
El consejo de Telefónica y las amenazas con cierres parciales de las gasolineras son las principales noticias con las que abren hoy los diarios económicos.	1
Se había roto una cañería, la llave de paso parecía haberse haber se soldado con su rosca y la cocina se inundaba por momentos.	0
En el campeonato norirlandés permanecieron todos los clubes de la región, aunque en 1972 el Derry City FC abandonó su esquema para pasar en 1984 a la liga irlandesa.	1
Y fue dueño de un muy famoso restaurante en Nueva York.	0
Quise darle dar le especial importancia al acuerdo alcanzado.	1
Los delegados eligieron a los miembros del de el nuevo AVNOJ, que aprobó un programa de 6 puntos.	0
Los escritos que pasaron de generación en generación a través de los caciques de la comunidad Ah Canul, fueron obsequiados a Faustino Francio amigo del de el historiador Juan Francisco Molina Solís autor del de el libro ' Historia del de el Descubrimiento y Conquista de Yucatán ', más tarde el códice llegaría a las manos del de el obispo Crescencio Carrillo y Ancona, y sería agregado al a el Chilam Balam de Chumayel.	0
Otros, como Los Angeles Times y The Philadelphia Inquirer lo criticaron por responder tan pocas de las preguntas de la serie.	0
Portavoz: en relación con la siguiente pregunta, decirle decir le que ojalá más fuerzas políticas se sumen a este proyecto de ilusión, de reconstrucción, que queremos para nuestro país.	1
Villalba explicó que ' conseguimos un corredor vial a través de Venezuela, con un permiso especial de la hermana República, para transportar la materia prima que necesita la industria avícola, con el fin de sacar productos, especialmente pollos y huevos '.	0
Durante su intervención, Iglesias destacó la importancia de la seguridad de la navegación aérea a efectos de incrementar el turismo y el comercio, la inversión extranjera y el desarrollo económico a largo plazo.	0
Desperté a mi mujer llorando y le rogué de rodillas que tomara ella la decisión.	0
El primer ministro japonés, Yoshiro Mori, disolvió hoy la Cámara de Diputados para convocar las elecciones generales el próximo 25 de junio.	1
Ese Comité Ejecutivo está formado por representantes del BID, de la Organización de Estados Americanos (OEA) y de la Comisión Económica de las Naciones Unidas para América Latina y el Caribe (CEPAL).	0
Por ello, quiero que mi comparecencia de hoy para hablar sobre la participación de las tropas españolas en la Fuerza Internacional de Asistencia a la Seguridad en Afganistán sirva para reafirmar la importancia que esta participación tiene para el Gobierno, y que sirva para reafirmar el compromiso decidido de España con los esfuerzos de la Comunidad Internacional en la estabilización de Afganistán, y nuestro compromiso con la seguridad de la población afgana, que lo es también con la seguridad de la propia Comunidad Internacional y, por tanto, con la de todos los españoles.	1
En 1812 los románticos españoles inventaron en las Cortes de Cádiz el liberalismo político.	0
Agassi, que vivió nueve meses de gloria deportiva con tres títulos de Grand Slam y finalista en el cuarto que disputó, vio como lesiones y problemas familiares lo dejaron eliminado en la segunda ronda del Roland Garros, Abierto de Estados Unidos, alejado del equipo de la Copa Davis de su país y de los Juegos Olímpicos de Sydney.	1
Las navieras de Japón, de otras naciones del lejano oriente, de Oriente Medio y de Europa han mostrado su preocupación por los ataques contra buques que navegan por el Estrecho de Malaca, el Mar de China Meridional o las rutas entre Singapur e Indonesia.	0
En el pasado se produjo un hundimiento del de el territorio provocado por el encuentro, frente a la península de Taitao, de tres placas tectónicas: la de Nazca y la Antártica que se mueven hacia el este, y la Sudamericana que se desplaza hacia el oeste.	1
Se trata del de el primer ataque mortal de un cocodrilo en lo que va de año en este país, donde estos reptiles abundan.	0
Esa es la idea de Ecuador ', destacó.	0
También incluye un modo planetario con tres rasgos principales.	0
Como no existen asentamientos permanentes, también es la isla deshabitada mayor del de el hemisferio norte al a el sur del de el Círculo Polar Ártico.	0
La etiqueta del de el DVD está bajo la disquera MDC Producciones.	0
Previamente, en una entrevista con el diario de Múnich ' Süddeutsche Zeitung ', Stoiber había precisado que apoya la ampliación, pero que antes habrá que asegurar su financiación, reformar estructuralmente la Unión Europea (UE) e informar claramente a la población de lo que se pretende.	0
Sin embargo, esa felicidad se interrumpe abruptamente cuando descubre que su esposa, Paula le es infiel.	1
Por eso, para nosotros, trabajar desde la mesa del Diálogo Social no es solamente una voluntad política, es un elemento imprescindible para que podamos seguir avanzando como sociedad y esta es nuestra hoja de ruta, que plasmamos en nuestro acuerdo programático desde el primer día.	1
En la evaluación del riesgo se tienen en cuenta tanto indicadores relativos al número de infecciones, según los criterios epidemiológicos y de nuestros expertos sanitarios, como también la capacidad asistencial y de salud pública, y finalmente, también, características y vulnerabilidad de la población.	0
Al mismo tiempo, se dan cita miles de especialistas en distintas materias: los abogados alemanes celebran su encuentro anual, otro tanto sucede con los médicos, y expertos internacionales preparan a partir del viernes la cumbre de líderes reformistas.	0
El comandante de la Armada rusa, almirante Vladímir Kuroyédov, se mostró contrario a la operación de rescate de los cadáveres y abogó más bien por el intento de izar el ' Kursk ' entero.	0
Brasil buscará a partir de mañana, viernes, el pase a su primera final de la Copa Davis ante los vigentes campeones, los australianos, y sobre la incómoda hierba del ANZ Stadium de Brisbane.	0
Ése es nuestro lugar y lo ha sido siempre, como siempre lo seguirá siendo.	1
Eso es lo que hicieron.	0
Pero claro, éstas son cosas de las que nos hemos enterado mucho después y de las que sólo unos pocos privilegiados tuvieron realmente conocimiento en su momento, pues la mayoría, la gran mayoría de los españolitos de entonces, estábamos más preocupados por los estudios, los guateques y los ligues que por lo que se estaba cociendo al otro lado de los Pirineos.	1
Por orden de Felipe V, proyectó una reforma y amejoramiento de la margen izquierda del de el río Manzanares, lindante con los jardines del de el Alcázar.	0
HI, co-promotora de la Campaña Internacional para la Prohibición de las Minas Antipersonas, hizo su llamamiento coincidiendo con el viaje a Vietnam iniciado hoy por el presidente de EEUU, Bill Clinton, primer jefe de Estado estadounidense que visita ese país desde 1969.	0
Es el líder del de el cártel de la mafia más grande de la ciudad ficticia de Southtown del de el videojuego Fatal Fury de la compañía SNK Playmore y la saga de juegos de lucha Art of Fighting.	0
Por este motivo estas grabaciones no sirven para identificar todos los tipos de murciélago.	0
Actúa como Presidente del de el Comité Ejecutivo Nacional del de el Partido Liberación Nacional, visita Cuba y Nicaragua en misión personal gestionando la paz en América Central;	0
Y las clases, y los alumnos, y los viajes.	0
Algo que poco tiene que ver con la literatura trascendente de estos pagos.	0
Erskine fue profesor de prestigio, por eso un día Will D. Howe le invitó a colaborar en un libro de filología.	0
Se encuentra en las Azores en Portugal.	0
El dividendo especial estará condicionado a la entrega para el intercambio con Alcan del 67 por ciento de las acciones en circulación de Algroup.	0
Sin embargo, la mayoría se quedó en Francia y Bélgica.	0
Baste recordar que - sin ningún desdoro uno de los grupos ecológicos más activos se llama Greenpeace, tanto en Inglaterra como en Italia, en Brasil o en Gales.	0
Por su parte, la embajada británica en Buenos Aires emitió otro comunicado en el que reconoció que los cinco buques de bandera argentina ' se encontraban pescando en su propia zona económica exclusiva y fuera del límite de la Zona Externa de Conservación ' en torno al archipiélago.	0
Lo requieren los gobiernos autonómicos y el ministerio de Sanidad, para trabajar con las herramientas necesarias durante el tiempo que haga falta.	1
El belén trae Niño Dios de recambio, por si acaso Herodes logra agarrar a uno.	0
El generalísimo de Flandes se mostraba muy altivo ante el rey Felipe II.	0
El sorteo se celebró el pasado 31 de mayo en el Ayuntamiento de Benasque.	0
También el Banco Comercial Checoslovaco (CSOB), adquirido por el banco belga KBC y el Banco de Inversiones y Postal (IPB) (de Nomura) preparan una reducción moderada de sus plantillas.	0
En 1824 el congreso colombiano dividió el departamento del de el istmo nombre que tenia en esa época nuestra república en dos provincias Panamá y ' Veraguas '.	0
Y la que tiene es más amarga de lo que él denuncia.	1
Esto se ha hecho -insisto- en base a los criterios que en su día les explicamos, les explicó el doctor Simón.	0
Esta oportunidad de colaboración surge tras lograr el su segundo puesto en el Concurso para Manhwagas Amateur de Mink en el año 2000.	0
Actores con experiencia en esta industria del de el cine son Riki Takeuchi y Show Aikawa, conocidos en el medio por sus actuaciones en la trilogía Dead or Alive del de el director Takashi Miike (quien posteriormente incursionara en la industria de las películas para cine).	1
El JKD resalta la noción de que la mejor defensa es una buena ofensiva, por lo tanto el principio de ' interceptar '.	0
Las exportaciones de Uruguay a Brasil se redujeron en un 40 por ciento durante 1999.	0
Cuando decimos - vivir para ver - todos los cínicos están de acuerdo pensando en la televisión.	0
Cualquier apariencia se vacía de decoro y nos queda un monarca degradado a gañán o una reina sin más consideraciones que la pobre ama de casa incapaz de otra cosa que tejer con las agujas de hacer calceta o de escribir al emperador una carta de marmota.	1
Con esta legítima cobertura de Naciones Unidas, fuimos a Afganistán a petición de este alto organismo porque se había instaurado en ese país un régimen atroz, el régimen talibán, que, además de violar masivamente los derechos humanos, daba apoyo y cobijo al terrorismo internacional.	1
Desde ese momento, ubicar y eliminar esos misiles se convirtió en una prioridad tan alta para el Almirantazgo Británico que justificaba cualquier clase de sacrificio.	1
En función de cómo tengan organizada la asistencia en la respectiva comunidad autónoma, en el respectivo territorio.	0
Después siguió escribiendo lejos de sus formalidades eruditas: el marido de Penélope, nuevamente Troya en ' Magic and Wonder in Literature ', Elena otra vez en ' The Memory of Certains Persons ' (1947), Villon y Galahad, un tanto necesitado de buena reputación...	0
El modelo T dejó de fabricarse fabricar se en 1927 y lo sustituyó el modelo A.	0
No bien acabaron de abrir los baúles, desempacar los muebles y desocupar las once cajas que trajo para tomar posesión de ama y señora del antiguo palacio del Marqués de Casalduero, y ya se había dado cuenta con un vahído mortal que estaba prisionera en la casa equivocada, y peor aún, con el hombre que no era.	1
Sin mencionarlos mencionar los, el jefe del Estado indicó que unos asuntos ' están en desarrollo ' por propia decisión gubernamental y que otros serán analizados por la coalición para dar respuesta conjunta ' lo antes posible '.	0
Volver a la habitación, naufragar en una soledad gris a la espera del milagro del sol, deambular por una ciudad demasiado vista, sin otro objetivo que contemplar los resultados del cruce de negra e hindú, hindú y holandés, holandés y negra, español e hindú, mulata e hindú, holandesa y mulato, todas las combinaciones raciales que según los prospectos turísticos convertían a Trinidad en un escaparate de la confusión de las razas tan espléndido como la playa de Copacabana.	1
Ahora bien, si aquí no vamos a hacer un control exhaustivo del gasto interno, vamos a seguir incrementando el gasto interno, cada vez vamos a necesitar más recursos pero no creamos empleo y además no es una de las prioridades del presupuesto que ustedes nos han traído, pues mal vamos.	0
Dicen que la causa de ese silbido o ese zumbido es la irritación del nervio acústico, y a mí no me extraña que el martillo, el yunque y el estribo puedan de golpe ponerse poner se a armar follón sólo porque sí, porque les viene en gana.	0
El sorteo de la Copa del Rey que se disputará del 6 al 9 de abril en tierras aragonesas, ha suscitado cierto malestar en el seno del Caja España Ademar, más que por el emparejamiento de cuartos de final ante el Airtel Valencia, por el posible cruce en semifinales ante el FC Barcelona.	1
La Policía Militar, que llegó al lugar para controlar a los manifestantes, arrestó a tres personas, dos de ellas profesores, y el tercero, un desempleado.	0
Este libro reúne una veintena de trabajos dispersos.	0
Al crear un hogar funcional, igual que cuando una familia acogedora se ofrece a atender a algún niño, jamás debieran ofertar ' plazas ', porque ni los educadores ni los niños son predecibles como las plazas.	0
Literatura lustral para las tristezas de todos los Medardos Fraile, conocidos o ignotos, que caminan hacia Dios sabe qué reinos de figurones.	1
Punta Porá e Iguaçu volverían a su estado original después de la guerra, mientras que los cuatro restantes se mantienen, Río Branco se cambia el nombre a Roraima y Guaporé es bautizado Rondônia.	0
Genera Plantarum Florae Germanicae, (abreviado Gen. Fl.	0
Según los datos publicados en la página web del de el Congreso del de el Estado, la Federación le asigna a Durango recursos para educación provenientes del de el Fondo de Aportación para la Educación Básica y Normal por el orden de los cinco mil 216 millones de pesos y del de el Fondo de Aportaciones Múltiples para Infraestructura Educativa Básica por 104 millones 314 mil pesos.	0
Estos son los principios y las guías que nos mueven y, de hecho, en apenas dos meses hemos puesto en marcha una batería de medidas -la más importante de nuestra historia reciente- justamente para proteger la salud, pero también la renta de los españoles.	1
La pregunta le obligó a enderezarse enderezar se y tropezar con la perspectiva de la Savannah circulante tras la ventanilla del coche.	1
El tiempo que el trabajador esté de baja, maternidad o paternidad no cuenta para la duración máxima.	0
Irónicamente, fue precisamente su calidad artística y aparente falta de crítica política lo que llevó al a el Partido Comunista de China a catalogarla catalogar la de conservadora y reaccionaria, por lo que fue rápidamente olvidada durante la era comunista.	0
Quizá el más famoso de estos es el Atlantis, construido por la firma Arquitectonica en 1982, el edificio es famoso por dedicar cinco plantas (de 20 en total) del de el centro a una zona común con palmera y piscina incluida.	0
Algunos miembros del de el equipo olímpico ruso de 1980, como Fetisov y Makarov, siguieron sus pasos meses después.	1
En Galicia, las cuatro provincias: Lugo, La Coruña, Ourense y Pontevedra.	0
El llanto de un niño cortó el silencio del patio vecinal y se coló por la persiana.	1
Las Tortugas Ninja dicen - ¡Mondo! - en las ocasiones en que otros personajes de dibujos animados - más censurados - dirían por ejemplo - ¡Cáspita! -	0
El estudio desvela que, por cada estudiante de FP hay tres universitarios, un 45 por ciento de los cuales cursan carreras con muy pocas salidas laborales.	1
Los niños se inquietan con las tinieblas nocturnas.	1
Ahora conocemos mucho mejor el virus, sabemos más acerca del virus, tenemos provisiones y tenemos también recursos materiales, y hemos acumulado una experiencia de lucha colectiva de gran valor.	1
Mañana, sin ir más lejos, vamos a tener la ocasión de hablar en una nueva conferencia de presidentes telemática, la número 23, que contará también con la presencia, por primera vez en la historia, de la presidenta de la Comisión Europea.	0
La censura fue iniciada por la UA y los sucesivos dueños del de el catálogo de los Looney Tunes.	0
No marraríamos mucho.	0
Fácilmente fusible con desprendimiento de As2O3 y PbCl2 dejando residuo de Pb.	0
Avisó el taxista, como cada mañana, como si Ginés conservara los ojos del primer día ante aquel estanque cotidianamente repetido cuando iba en busca de las migajas de sol de Maracas Bay.	1
El taxista seguía con su exposición tan maravillada como rutinaria.	0
Eso fue en 1908.	0
De todas formas vamos, insisto, a escuchar todas las observaciones y las propuestas que nos hagan y vamos a intentar tomar una decisión conjunta.	1
El candidato opositor Alejandro Toledo continuó hoy su campaña por el ' rescate de la democracia ' con un multitudinario mitin en la ciudad de Cañete, 148 kilómetros al sur de Lima, ante unas cinco mil personas que exigían nuevas elecciones.	1
Esta justo encima de un concesionario de bmw.	0
También hago una pregunta respecto a la elección telemática de la formación sanitaria especializada.	0
El accidente se produjo poco antes del mediodía en el número 29 de la calle Pintor Cabrera cuando el hombre, identificado como M.L.R. y vecino de Alcoy, estaba trabajando con otro obrero en el inmueble y se precipitó al vacío por causas aún desconocidas.	1
Otra alternativa para los techos planos de la modernidad sería exagerar un techo tradicional para llamar la atención incluso más a esta, como la Academia Estadounidense de las Artes y las Ciencias de Kallmann McKinnell & Wood en Cambridge, Massachusetts, teniendo tres niveles de techo bajo a cuatro aguas constituyendose constituyendo se uno encima de otro para una declaración enfática de refugio.	1
Así le quita solemnidad a la tarea que desempeñó durante mucho tiempo como ' el cronista ' que suscribía con el seudónimo de G. Caín sus comentarios sobre la nueva y deslumbrante ficción nacida con el siglo.	1
Porque este país está afrontando grandes retos que demandan del concurso de todos, del compromiso de todos y cada uno de los servidores públicos y aquí no sobra nadie.	1
El primer ministro bávaro considera que la ampliación a tres antiguos países del bloque comunista (dos de ellos con poca población) no es factible con los fondos asignados de momento para la misma - 68.000 millones de euros para el periodo 2000 a 2006 - y critica que para ese tiempo se haya previsto para los quince 632.0000 millones.	0
Ahí estamos.	0
El ' proyecto de protocolo de acuerdo ' de nueve puntos, que los agentes sociales volverán a abordar el próximo lunes, reafirma la relación entre la ' indemnización ' de desempleo y la ' ayuda ' para volver a encontrar un trabajo, muy contestada por los sindicatos, pero su aplicación sería progresiva.	0
Handicap International indicó que Estados Unidos, con 11,3 millones de minas antipersonas, posee el tercer arsenal mundial de este tipo de armas, después de China y Rusia.	0
Sin embargo, a lo largo de la década de los noventa se registró un descenso que se calcula entre el 1 y el 2 por ciento.	0
' El objetivo de esta integración - dice el comunicado - es lograr una dimensión europea y crear un nuevo grupo más competitivo ' y agrega que Pedro Ballvé, actual presidente de Campofrío, y Luis Serrano, presidente de Navidul, ocuparán de forma conjunta y durante tres años la presidencia del nuevo grupo.	0
En el marco de esta estrategia marcada por la prudencia, el PP esperará a los movimientos que haga el consejero de Economía, Artur Mas, desde la determinación de que cualquier apoyo popular dependerá de la ' capacidad de diálogo y de llegar a acuerdos ' que muestre CiU y de ' la aceptación de nuestra capacidad de influencia '.	1
Y ahora, María Angélica, tire al cubo de la basura uno de los dos Jesuses y dedíquense dediquen se a montar el nacimiento.	0
Reflexionó durante un buen rato sobre qué cajón sacar.	0
Este reconocimiento de los derechos implicaba una cierta relación de reciprocidad, presuponía una convención.	0
Los crudos se pueden congelar.	0
Va para medio siglo leí ' La vida privada de Elena de Troya '.	0
¿Que hay diferentes sensibilidades?	0
Gorri señaló que CCOO y UGT quieren negociar un plan industrial para la firma española y valoró que General Dynamics se haya comprometido a mantener el empleo de los 2.022 trabajadores de Santa Bárbara y a no segregar a los grupos que la integran.	0
No podemos perderle perder le el respeto al virus.	1
Esta es la rueda de prensa tras la celebración del Consejo de Ministros extraordinario y están con ustedes la ministra portavoz y ministra de Hacienda, María Jesús Montero y el ministro de Sanidad, Salvador Illa.	0
Se compone de un primer cuerpo formado por arcos de medio punto de trasdós moldurado sobre pilastras impostadas.	0
Asimismo y en los diccionarios modernos, las formas difíciles de ciertos lemas reenvían o redirigen hacia el lema canónico, lo que por cierto facilita mucho las cosas.	1
El níquel incumple el plan de producción y de exportaciones en 6 mil 700 toneladas, lo que significó dejar de ingresar unos 120 millones de dólares, también en condiciones de una coyuntura de precios más favorable que la prevista en el Plan.	0
Por ejemplo: - Tú qué le regalarías por Reyes al duque de Feria?, le pregunto a la Susi.	0
Los escaños obtenidos por el PP en Madrid suponen ' el mejor resultado del partido en Madrid en 25 años de democracia ', dijo a Efe el presidente del PP en la región, Pío García-Escudero, quien contrapuso el ' éxito ' de los populares a la ' profunda crisis en la que ha entrado el PSOE y toda la izquierda '.	1
La ropa estaba planchada, los armarios bien dispuestos, las cacerolas limpias y secas, y la víspera había repasado todos los botones de las camisas de Antonio y subido el dobladillo de sus trajes de verano, porque la moda se presentaba faldicorta.	0
El senador por Massachusetts consiguió que los más de 4.300 delegados asistentes corearan sin descanso la frase ' lucha por Al Gore, porque él está luchando por ti '.	1
Por el contrario, la verdadera heroicidad se construye calladamente, día a día, sobreponiéndose sobreponiendo se una y otra vez a circustancias dolorosas y extremas.	1
Entre la fauna del de el lago Turkana, a veces llamado el mar de Jade, destacan las percas del de el Nilo y peces del de el género Tilapia.	0
Pero está visto que un soldador es imprescindible, un soldador es el ángel exterminador que incendia sopranos y grandes duquesas, pavarotis y rasputines, liceos y palacios de invierno, leidicháterlis y susis.	1
Ya se lo tengo dicho al Mendicutti: de un momento a otro, el señor Rodríguez Ibarra, con lo suyo que es para el catalán, saldrá diciendo que él tiene desde hace siglos el Teatro de Mérida hecho una ruina (sic), sin techo ni nada, y que ya va siendo hora de arreglarlo arreglar lo un poco.	1
Era una tarde quieta y sofocante, la casa estaba en orden y Antonia no sabía qué hacer con su persona.	1
Nuestra vocación es llegar a un acuerdo amplio con todas ellas para construir unas cuentas públicas que permitan ver la luz en tiempo y en forma, y por supuesto, no solamente Ciudadanos, sino otras formaciones políticas que quieran sumarse sumar se a ese arrimar el hombro, a ese intento de reconstrucción, van a encontrar la mano tendida, la capacidad de diálogo, la capacidad de cesión, todo aquello que permite formular esos acuerdos que, sin duda, van a encontrar primero un primer punto de encuentro en esa Comisión de Reconstrucción que ojalá empiece pronto a dar conclusiones que permitan tomar nota a este Gobierno, para que a partir de ahí podamos establecer el conjunto de las cuentas públicas.	1
Al final, Calvin y Rusty, así como los otros novatos, son nombrados hermanos en sus respectivas fraternidades, mientras que Frannie se marcha y crea una nueva fraternidad, llevándose llevándo se a muchas de las hermanas de ΖΒΖ con ella.	0
Lo más lindo del fútbol es que no puedes esconderte esconder te, porque no tienes donde esconderte esconder te.	1
Baeotherates es conocido a partir del de el holotipo OMNH 55758, una mandíbula derecha (dentario).	0
- - - Ha visto usted las siete mansiones de ' Maraval Road? - - le preguntaría una vez más el taxista hindú.	0
¿Para qué seguir?	0
Rusia llegó hoy a la conclusión de que no hay conclusiones definitivas sobre el naufragio del submarino nuclear ' Kursk ', pero se aferró sin pruebas a su tesis sobre la colisión con otro buque extranjero.	1
Pero, Señorías, no nos limitamos a lamentar las pérdidas; también estamos actuando para que se haga justicia y les puedo anunciar que han sido arrestadas ya cuatro personas por su presunta implicación en el atentado del 25 de agosto.	0
Pero el fallo fue justo, y la unanimidad del jurado tenía una justificación en la excelencia del soneto.	0
También son grandes amadores los gallos y las gallinas pero nos las comemos y se acabó.	1
Los ministros reconocieron la importancia de un servicio aéreo seguro y eficiente, y para lograrlo lograr lo acordaron establecer una Asociación para una mayor seguridad en los cielos del Hemisferio Occidental.	0
Fue llevado hasta el hospital de Verona en helicóptero donde falleció.	0
En primer lugar, saben ustedes que esto lo hacemos en base a las peticiones que nos hacen llegar las Comunidades Autónomas.	0
Ese referéndum no se va a celebrar, lo ha dicho el señor Mas, y ayer califiqué eso como una excelente noticia, y vuelvo a reiterarlo reiterar lo ahora, porque es un triunfo de la democracia y de la Ley.	1
Por tanto, aprobamos de nuevo el Estado de Alarma porque es la herramienta más eficaz para frenar la curva de contagios y volver a mantener a raya al virus.	1
Por algo que no sabía explicar, tenía la convicción de que la maniobra había sido urdida contra ella por Fermina Daza, para no premiar su poema.	1
En el colectivo femenino el paro se colocó en 923.359 desempleadas al haber descendido en 24.291, un 2,56 por ciento, con lo que la tasa de paro entre las mujeres se situó en el 13,72 por ciento, frente al 15,08 por ciento de mayo de 1999.	1
Illa.- Gracias, me podrías repetir por favor la primera pregunta.	0
Según cálculos oficiales, existen alrededor de 18 millones de minas desperdigadas en un único espacio de 288.000 hectáreas de desierto, una quinta parte de las que están dispersas por el planeta, lo que convierte a Egipto en el primer país minado del mundo.	0
Los espejismos, según el diccionario, no son más que meras ilusiones ópticas, pero yo, que nunca he sido personaje de novela ni compañero de aventuras de Lawrence de Arabia, lo más parecido a un espejismo que he visto son esos bichitos blancos con forma de paramecio que culebrean sobre el forro oscuro de los párpados.	0
Solo de la mano del diálogo social vamos a ser capaces de llegar a acuerdos importantes, beneficiosos para todas las partes y que luego puedan ser implementados, puestos en marcha de forma eficaz.	1
Hasta la fecha, Speight ha logrado, menos gobernar, todas sus demandas: derogar la Constitución, derribar al gobierno democrático del primer ministro Mahendra Chaudhry, la retirada del presidente Kamisese Mara y la inmunidad.	1
Aclarando hacia todo el mundo Valderrama Y Eduardo Son La Misma Persona.	1
El acuerdo prevé que Campofrío adquiera en metálico el 49,5 por ciento del capital de Navidul y el restante 50,5 por ciento lo haga a través de una ampliación de su capital del 16 por ciento, que suscribirá íntegramente la familia Díaz, accionista mayoritario de la sociedad absorbida.	1
La última vez ni me saludaron ni me dieron las gracias por comprar.	0
Decirle Decir le igualmente que en esa dinámica que se había generado previo a que irrumpiera desgraciadamente esta pandemia sanitaria, ya se venía trabajando en el entorno del Diálogo Social para estudiar, para analizar con las prisas justas, todos aquellos aspectos que se podían considerar más lesivos de aquella reforma laboral que no fue pactada con nadie, ni con partidos políticos, ni con empresarios, ni con sindicatos.	1
Ponía cara de científico japonés comunicando al chico de la película que el diplodocus gigante sólo podría ser destruido mediante una explosión nuclear.	0
Todo más íntimo, más personal, no sé,.	0
En declaraciones a los periodistas, Durbin no precisó si, de cara a los comicios de noviembre próximo, los demócratas buscarán la aprobación del de el ' Dream Act ' en lugar de una reforma migratoria integral.	0
En unas horas se sabrá si ficha o si siguen las negociaciones.	0
La voz de Biscuter le parecía un paisaje sonoro sin interés y tardó en darse dar se cuenta de que insistía.	1
Y todo lo demás es misericordia.	0
Antonia cogió una revista y consultó la programación, aunque se la sabía de memoria: un espacio musical, otro religioso, fútbol.	1
¿Cómo se encuentran los trabajos en el bloque 31?	0
La celeridad en tramitar la disolución impedirá al pleno debatir la moción de censura que presentaron el pasado martes los cuatro partidos de la oposición, al considerar anticonstitucional los comentarios de Mori sobre el emperador y la presunta divinidad de Japón.	0
En su opinión, es un hecho de ' gran relevancia ' la reunión que celebrará Aznar con el dirigente de la patronal CEOE, José María Cuevas, y con los de CCOO, José María Fidalgo, y UGT, Cándido Méndez.	0
- Pues nosotros tampoco - respondió mi mujer a nombre de todos -.	0
Ganó el campeonato del de el mundo en México y el torneo internacional de París junto con Eduardo Ross.	0
-- Anabel Ávalos Zempoalteca, secretaria general de Gobierno del de el estado de Tlaxcala, renunció esta mañana al a el cargo.	0
El Jardín Japonés Nishinomiya (en inglés: Nishinomiya Japanese Garden) es un jardín japonés tradicional de 5.5 acres (22,000 m²) de extensión, en el Parque Manito y Jardín Botánico, ubicado en Spokane (Washington), Estados Unidos.	0
Además, el documento recuerda que ' no existen requisitos de seguridad dentro del de el avión que exijan ver su cara, ya que es común ver en vuelos de largo recorrido a personas con máscaras de descanso '.	0
Para los responsables de la ciudad, la coincidencia de los diversos eventos, especialmente la visita de Clinton, se convertirá desde el punto de vista logístico en una de las mayores pruebas de fuerza desde el Puente Aéreo de 1948, cuando los norteamericanos abastecieron Berlín desde el aire durante el bloqueo soviético.	0
Sonreía, y recibía una sonrisa a cambio.	0
Respecto a su futuro, Toni, que tiene contrato con el Atlético hasta el 30 de junio del 2002, anunció su premonición de que seguirá ligado al club madrileño.	0
Al norte, el espacio que ocupó la primera cancha de fútbol construida en 1947, lo que hoy es la plaza principal, servía para acopio de la preciada madera del de el país y de la región, que luego era trasladada en forma de troncos y rollos al a el aserradero más próximo de Pocitos Argentinos.	0
Entendí que la blasfemia acechaba al belén, y opté entonces por sacarles sacar les tarjeta roja a mis hijos y declarar cerrado el caso con la explicación de un descuido de fábrica.	1
El misterio de los búhos comienza a ser una bruma con sus ponderativos uh! uh!	1
Como representante croata, Mesic fue el último presidente de la Presidencia colegiada de la hoy extinta Yugoslavia Socialista y formó parte de las autoridades que en 1991 decretaron la independencia de Croacia.	0
Entró en la Bahía de Tokio el 16 de septiembre de 1945 y permaneció en el área para dar soporte a las fuerzas de ocupación hasta el 7 de octubre cuando zarpó hacia Estados Unidos.	0
El 2 de agosto de 1820 fue tomado prisionero por las fuerzas porteñas al a el mando de Manuel Dorrego en San Nicolás de los Arroyos y el 13 de febrero de 1821 fue dado de baja del de el ejército.	0
Pero es muy importante que el pueblo recuerde la traición de Mauricio Macri quien hoy se oculta en Italia, para evadir criticas ante una colosal deslealtad e incoherencia de su parte.	1
Si no hay una conceptualización precisa, sembraremos confusión.	1
Le informó la mulata de boca sangrienta sin levantar la vista de una máquina de calcular.	0
En un anuncio sorprendente, la comisión que ha investigado las causas del hundimiento del ' Kursk ' el pasado 12 de agosto en aguas árticas del mar de Bárents reconoció que ' hasta ahora ' no se han hallado pruebas de la colisión, pero mantuvo abierta la hipótesis.	0
En 1528 la Corona española erigió la Provincia de Nicaragua, que posteriormente pasó a depender de la Audiencia;	0
Y se lo dije y tiene usted razón que lo planteamos el otro día en la comisión de economía cuando usted trajo y presentó el presupuesto.	0
Uno de los últimos reveses en las relaciones entre Ammán y Bagdad se produjo a principios de este año, cuando el anterior primer ministro, Abdul Rauf Rawabde, rechazó una propuesta del Parlamento jordano para romper el embargo aéreo internacional impuesto a Irak por la ONU en 1990.	1
Son, en su mayoría, indígenas que bajaron de los Andes huyendo del hambre, del atraso y la tuberculosis; quisieron llegar a la ciudad, pero quedaron varados en las afueras, a una decena de kilómetros, en los sórdidos arenales que rodean Lima, en donde plantaron sus chabolas, precarios tenderetes de cartón y cajones astillados.	1
Todos estos planes no han gustado a la vecina Vietnam, ya que el plan incluye el desarrollo de un pequeño archipiélago en mitad de los 300 kilómetros que separan las costas vietnamitas de las del de el oeste de Hainan, las islas Paracelso.	0
Era un trasto en blanco y negro, una antigualla.	0
Ése fue el Espíritu de Ermua, Espíritu de Ermua que hizo que los vascos y el resto de los españoles sumáramos voluntades más allá de los colores políticos para reafirmarnos reafirmar nos en un objetivo común: pasar para siempre la página del terrorismo y que ETA fuese, definitivamente, parte del pasado.	1
Hacia el oeste se conecta con las Montañas de Prades que constituyen el límite oriental de la comarca.	0
Sin embargo, existe alguna localidad en la provincia de Badajoz donde aparecen fenómenos como el cierre vocálico postónico (como en la Codosera).	1
El consejero de Agricultura calificó lo ocurrido con las subvenciones al lino en nuestro país de ' un hecho desgraciado para el prestigio de España y, sobre todo, del Gobierno central '.	0
Es una forma de expresar disconformidad con la actuación del Gobierno o con el Estado.	0
Gaizka Mendieta, después de un mes apartado de los terrenos de juego por lesión, reapareció en el estadio Sánchez Pizjuan y contribuyó con un gol, el undécimo que marca en la presente Liga, al triunfo del Valencia sobre el colista Sevilla (1-2).	0
Necesitamos dar lo mejor de cada uno de nosotros y nosotras.	0
Entre mayo y septiembre pueden llegar olas de calor (llegan más en verano, pero a veces también en Mayo y Septiembre), por ejemplo, un día de Agosto con 32 º, y un día después 38 º.	1
Aquella victoria le sirvió, no obstante, para ganar confianza con miras a los Juegos Olímpicos, según dijo el propio atleta, que después sólo ha llegado a saltar 2,30 metros.	1
Desde su llegada a Afganistán en 2006, la cooperación española se ha centrado, fundamentalmente, en el desarrollo de la provincia de Badghis.	1
Fernando el Católico lo ratificó un mes después.	0
Por eso, su memoria y la memoria de todas las víctimas no ha hecho más que fortalecer durante este tiempo nuestra determinación inequívoca de erradicar el terrorismo y poner punto final a ETA, a sus crímenes y a su pretensión totalitaria.	1
También, como saben, hemos proporcionado a los gobiernos autonómicos, un Fondo No Reembolsable que asciende a 16.000 millones de euros.	0
Todo reconocimiento se quedará corto.	0
Bueno, la Orden Ministerial que contempla la Fase II establece unas medidas para la apertura de playas que tienen que cumplirse cumplir se, naturalmente.	0
Nadie podrá reparar la vida de Miguel Ángel ni de tantas víctimas del terror; pero que nadie se engañe: al afrontar la recta final de tantas décadas de crímenes, tenemos dos cosas muy claras: por un lado, que la democracia le gana al terror y, por otro, que no vamos a permitir que nadie falsee la verdad histórica de la historia criminal de ETA.	1
Ahora lo llevaba mejor, y le bastaban uno, dos días en aquella casa sucia que comenzaba a oler a humedad, el rancio aroma del abandono.	1
Ninguna de las estructuras federales (departamentos y agencias) puede influir en esta elección, ya que no existe ninguna tradición de nominación en este tema.	0
Luego alzándose alzando se un poco más gritó: - - ¡Vete Ve te a la merde!	0
No hay piedad para los condenados es el segundo disco de la banda madrileña Santa, que ve la luz en el año 1985, bajo el sello discográfico Chapa Records.	0
La duración de cada juego es corta.	0
Incluso la comisión que se ha creado para ver qué sectores son los que tenemos que seguir la vigencia de esta situación de protección del trabajo durante más tiempo, incluso que dure esta situación de la desescalada, y me estoy refiriendo al impulso al sector del turismo o la protección del sector del comercio, todos ellos áreas extraordinariamente importantes.	1
Luego el vapor es enfriado en un Condensador donde circula por tubos agua fría de un caudal abierto de un río o por torre de refrigeración.	1
Hablo de fortalecer ese fondo de concordia que nos ha hecho dar tantos pasos de gigante en tiempos muy cercanos y de renovar esa ilusión que nos es imprescindible para llevar a la realidad todo el potencial que atesoramos.	1
En Okinawa, a finales de la Segunda Guerra Mundial, cuando el ejército se concentró en la isla para resistir a los americanos, murió un tercio de la población.	0
Tampoco ellos podrán jamás recuperar su antiguo ser, retroceder a ese estadio en que todavía no eran ministro o futbolista, y se saben condenados a formar parte del club vitalicio de los ex: ex bigotudos, ex ministros, ex futbolistas, obstinadas secuelas de su propio pasado, largos epílogos de sí mismos.	1
' El crecimiento de la economía canaria en los últimos tiempos trasluce resultados que permiten mantener un moderado optimismo en cuanto al comportamiento del empleo, pues el archipiélago ha conseguido romper en estos meses su tendencia tradicional, que era mantener el alza del paro de forma creciente durante el primer semestre del año ', dijo Morales.	1
En cuanto a los rumores que han circulado en las últimas semanas sobre la existencia de ' ruido de sables ' en los cuarteles, Chávez dijo que ' se habla de un golpe de Estado de manera irresponsable y lanzar rumores es faltar al respeto a la Fuerza Armada '.	1
Que sean más o menos coherentes es algo cuya incomprensión atribula al autor, pero son cuitas innecesarias.	0
Pujol urgió la necesidad de esta medida legal durante una cena organizada anoche por la patronal de la pequeña y mediana empresa, Pimec-Sefes, en la que también advirtió a los empresarios, sindicatos y administraciones a que cumplan con la normativa laboral en materia de prevención de la siniestralidad.	0
En el dormitorio ya no daba el sol, pero el calor era igualmente insoportable, un calor de último piso, de techo abrasado y casa vieja.	1
Se ve que la señora Aguirre, como toda la derecha amalgamada que nos tiene cercados, concibe la limpieza como una venganza, como la visita del rencor, como compensación de alguna deficiencia hormonal, como racismo de vecindario, como lucha de clases.	1
Cuarenta años después de ser proclamado candidato a la presidencia, el espíritu de John F. Kennedy planeó hoy sobre la convención demócrata de Los Angeles, donde su hija Caroline apostó por renovar la ' nueva frontera '.	1
En el ámbito más local entraron en funciones los subdelegados.	0
Y es que orinar es más importante que legislar.	0
En está ocasión se incorporaron elementos de cine fantástico, pues los protagonistas no deben enfrentarse enfrentar se a una bestia marina existente, sino al a el producto de un cruce de material genético de un pez prehistórico y un pulpo común.	1
' Propongo abrir la campaña con un debate político general entre los tres candidatos y cerrarla cerrar la con otro ', dijo Ríos, aunque advirtió que él está dispuesto a que en esos debates participen los cabezas de listas de otros partidos, como el PADE.	1
La principal oposición al acuerdo se origina en los sectores sindicales que temen que su aplicación signifique la pérdida de miles de fuentes de trabajo en el país.	1
Soy Noelia Hontoria, de Onda Madrid.	0
Los miembros del de el grupo nominal tienen un vientre amarillo claro y unos costados coloridos.	0
El aumento de la superficie de la vela hace la maniobra más difícil que la de un foque.	0
Qué puedo hacer para intentar conseguir los muebles que me faltan despues de mucho más de 1 AÑO!	0
La cinta narra la historia del de el astronauta Leo Davidson quien tiene un aterrizaje forzoso en un planeta habitado por simios inteligentes.	0
Acercó lentamente a su cara la palma de una mano y abrió la boca para dejar escapar una bocanada de aire caliente.	1
- - - No quiere ver otra vez Las Siete Residencias?	0
El Kremlin anunció hoy oficialmente el próximo viaje a España del presidente ruso, Vladímir Putin, invitado por el Rey Juan Carlos I.	0
El día martes 22 de noviembre de 2011 en el programa se trató el tema del de el futuro de Carolina de Moras en el programa Buenos Días a Todos.	0
El Rayo Vallecano derrotó por primera vez al Deportivo de La Coruña (2-0) en partido liguero de la máxima categoría del fútbol español y privó al equipo gallego de asegurarse asegurar se virtualmente el título a falta de cinco jornadas para la conclusión del campeonato.	1
Los participantes asistieron a la firma de un Memorándum de cooperación entre el Departamento de Transporte de EEUU y el BID para promover mejoras sostenibles en el transporte del continente.	0
Comparezco hoy ante esta Cámara para informar y debatir con Sus Señorías la presencia de las tropas españolas en Afganistán.	0
Si el efecto de la droga desaparece al a el anochecer, se suele suministrar una dosis nocturna pequeña para resolver síntomas recurrentes tales como conductas alteradas o incapacidad para dormir.	0
Cinco puntos es la ventaja que tiene el Deportivo sobre Real Madrid y Barcelona, mientras que el Zaragoza, cuarto clasificado, está a seis del conjunto gallego.	0
Sin saber lo que mas tarde les traería esta acción la recitan y bailan en tres tumbas diferentes, provocando la furia de tres fantasmas.	0
También lo lógico hubiera sido que las fuerzas que se consideran progresistas no hubieran entrado en una dinámica de negociación imposible con la esperanza de que la responsabilidad de otros partidos salvara la prórroga del estado de alarma -como así ha sido finalmente-.	1
Rafael acudió al instante con una galanura que hubiera bastado para derretir corazones más curtidos que el de ella, y bajo su fuerte mano (ay) la llave de paso cedió con docilidad de mantequilla.	1
Aunque las sospechas de corrupción en esta pelea fueron inversas a las del de el argumento de la película.	0
Desde ese mismo día y hasta 48 horas después se podía descargar de forma totalmente gratuita por el usuario que quisiera.	0
Nació, vivió y maduró con la majeza que suelen las verdaderas princesas y arrancó su libertad personal y una rara heterodoxia de un entorno rentista y estúpido.	1
Londres debe servir para trabajar juntos de una manera más eficaz.	0
Por los restos de esperma encontrados en la cavidad anal.	0
Yo lo conozco, pero es peligroso revelarlo revelar lo.	0
En los municipios de la zona oeste, tradicional feudo popular, el PP logro sus más amplias mayorías.	1
Cumple con todos los requisitos, a juicio de los técnicos, para progresar a Fase I y no ha influido ninguna otra razón que las estrictamente técnicas y los criterios de prudencia que han guiado y seguirán guiando todas las decisiones que tomemos en este proceso de desescalada.	1
El grupo Navidul obtuvo en 1999 un beneficio neto de 2.054 millones de pesetas (12 millones de euros), lo que supone un crecimiento del 30,4 por ciento respecto al ejercicio anterior, mientras que la cifra de negocios aumentó un ocho por ciento, hasta los 44.350 millones de pesetas (266,54 millones de euros).	0
Sois vosotros los que abanderáis ese compromiso: víctimas, familiares, cargos públicos y todos los que, convocatoria tras convocatoria, muestran la fidelidad a unos valores constitucionales, abiertos e integradores que representan una garantía de libertad y progreso para todos los vascos.	1
Toda España por tanto está ya como mínimo en fase 1.	0
Hoy, como ayer, no podemos explicarnos explicar nos el odio y la cobardía que acabaron con la vida de un muchacho como Miguel Ángel, como tampoco hemos podido explicarnos explicar nos las ambigüedades, las tibiezas y las componendas de quienes han buscado pretextos al terror, porque nosotros estamos, y hemos estado siempre, donde había que estar: con las víctimas y sus familias, con la libertad y la justicia, con la Ley y con los derechos individuales.	1
Incluso logró alcanzar un acuerdo con los socialdemócratas que permitía sus actividades, muy restringidas, a cambio de grandes concesiones.	1
Y, en consecuencia, este nuevo Estado de Alarma tiene unas características específicas, adecuadas a esta segunda ola de la pandemia, que lo diferencian claramente del que tuvimos en el mes de marzo y en el mes de abril pasados.	1
Sus primeros estudios musicales tuvieron lugar en A Coruña, donde ingresó en la banda del de el Regimiento Zamora (dirigida por José Braña).	0
La temperatura más alta jamás registrada en Bangalore es 38.9 ° C (registrada en marzo de 1931) y la más baja es de 7,8 ° C (registrada en enero de 1884).	0
Y la Susi me dice: Una guardería a todo plan, naturalmente de niñas.	0
Bueno, pues en Euskadi podemos jactarnos jactar nos de que solamente una de cada cuatro medidas que se adoptan en el ámbito de la justicia juvenil se cumplen en medio cerrado, las tres cuartas partes se cumplen en medio abierto y eso constituye un dato francamente positivo porque permite a los jóvenes avanzar en la reeducación, porque continúan viviendo en el ámbito familiar.	1
En este contexto, el volumen de las exportaciones que Uruguay vende a Argentina se verá disminuido, señaló.	0
Antes de abrazar a su padre, Karenna Gore Schiff aseguró esta noche que ' no os pido que apoyéis a Al Gore porque sea mi padre, ni siquiera porque haya sido un gran padre para sus hijos.	0
Estudió de muy joven construcciones navales en el arsenal francés de Tolón.	0
En la empresa también trabaja Juan Pablo quien es el nuevo socio, quien lucha por convertir a Alma en una modelo, Alma se da cuanta de que el trabaja alli y decide no firmar el contrato, la malvada de Abigail llega a la agencia y le informa a su primo que Alma estaba hay, el cual la busca y la regresa a su casa.	0
El sábado, cuando los líderes reformistas estén en la recta final de su reunión en el Castillo de Charlottenburg, las prostitutas se apoderarán de algunas de las principales calles de ese mismo barrio.	1
Entre las medidas adoptadas por su gobierno también destacó la reforma del polémico Código Orgánico Procesar Penal (COPP) en cuanto a la suficiencia de disponer de pruebas de un delito para detener a su autor, uno de los puntos más criticados por muchos estamentos de la sociedad por el incremento que ha habido de la delincuencia desde que entró en vigor esa ley, hace once meses.	0
- Cómo lo saben?	0
El mapa actual que queda después de este progreso de fases es el siguiente.	0
Los organizadores usan burros para reducir el riesgo de ser capturados ellos mismos, y a la vez, obtener el mayor beneficio económico.	0
Una mujer hindú le entregó un ticket y le mostró el alineamiento de los pequeños armarios donde guardar la ropa.	0
Tras el éxito de ' Right Thurr ', ' Holidae In ', con Snoop Dogg y Ludacris, también fue un single exitoso en las listas, al a el igual que el siguiente, ' One Call Away ' con la colaboración de J - Weav.	0
Ahí jugarán un papel también muy importante los municipios, están haciendo también una labor que quiero subrayar y destacar en toda esta etapa de transición a la Nueva Normalidad, pero la clave siempre es la misma: la responsabilidad individual, que los ciudadanos se comporten con responsabilidad individual, como han venido haciendo, por cierto, estas últimas semanas de una forma ejemplar, para que podamos todos adaptarnos adaptar nos a esta nueva situación, que va a permanecer hasta que no tengamos o una terapia o una vacuna para derrotar definitivamente al virus.	1
Digo a todas las Comunidades Autónomas por el magnífico trabajo que han venido realizando todas estas semanas.	0
Queríamos saber si el Gobierno va a escuchar sus opciones y se plantea una elección presencial del MIR y el EIR.	1
Después de una semana muy agitada - y hasta traumática - para el oficialismo porteño, Mauricio Macri se presentará hoy a las 14 en el Club 17 de agosto, en Villa Pueyrredón.	1
Una de estas llamadas, dirigida al entrenador del equipo de fútbol Universitatea de Craiova, Sorin Sichitiu, se comprobó que fue hecha desde un teléfono de la filial local del Banco Popular Rumano, cuyo director ha sido ya destituido hasta el fin de las investigaciones.	0
Los abogados de Microsoft aseguran que la división de la firma disminuiría gravemente su capacidad para competir en el mercado de los programas informáticos.	0
El jefe de prensa del CD Toledo, Jesús Espada, indicó que ' nos sorprende que se dé por hecho el fichaje de Pinillos por la UD Levante, salvo que haya firmado un segundo contrato, por cuanto tiene un año más con nosotros y, por tanto, tendría que negociar la posible rescisión del año que le resta '.	0
En los últimos pontificados (Juan Pablo II y Benedicto XVI) por caer esta solemnidad dentro del de el descanso estival del de el Sumo Pontífice en la residencia de verano, el papa no concurre personalmente a esta celebración, a la cual envía un cardenal legado.	1
- Que cómo va a llamarse llamar se el chiquillo?	0
Le informamos, que con arreglo a la Ley Orgánica de Protección de Datos Personales, de 13 de diciembre, LO 15 / 1999, cuando el Usuario facilite sus datos de carácter personal está autorizando expresamente al a el titular de esta Web al a el tratamiento e incorporación de los mismos en un fichero de su propiedad, debidamente comunicado a la Agencia de Protección de Datos.	0
Era una flor de ayer.	1
La hija del presidente asesinado reivindicó que el programa demócrata es el que mejor defiende los derechos civiles, la diversidad de EEUU y la necesidad de una ' sociedad abierta ', y dijo que, ' ahora que tantos estamos tan bien, es el momento de pedir más de nosotros '.	1
Un bigotudo que se quita el bigote será siempre un ex bigotudo.	0
Para que sea posible la ampliación, sostiene, hay que resolver también los mecanismos de toma de decisión en la UE y definir el reparto de competencias a largo plazo, que debe ser entre Europa, las naciones y las regiones.	1
Allí abrió el tubo de pasta con ansiedad, impregnó el cepillo con una cantidad excesiva de aquella blanda pomada rosácea y se entregó a la limpieza de sus dientes con una decisión insólita.	1
Todas ellas han hecho peticiones de progreso de fase, excepto la Comunidad Autónoma valenciana.	0
De súbito don Antonio intentó huir, entonces se entabló un forcejeo entre los dos.	0
El Gobierno chino ha decidido reforzar las medidas de seguridad en las minas de carbón del país, en las que han muerto 3.400 trabajadores en diversos accidentes en lo que va de año, informa hoy miércoles el ' Diario del Pueblo '.	0
El Deportivo de La Coruña tenía la oportunidad de sentenciar prácticamente la Liga a su favor en el estadio del Rayo Vallecano, pero cayó derrotado (2-0) y mantiene vivo los sueños de éxito de Real Madrid, Barcelona y Zaragoza.	1
Y sin embargo una dama de cartón y purpurina en el sombrero de copa guiñaba el ojo para proponer la fiesta de fin de año, Happy New Year 1984, cincuenta dólares todo incluido.	0
Pero antes de eso, habrá otras coincidencias: cuando Clinton, esté llegando esta tarde al Palacio de Bellevue, donde será recibido con honores militares por el presidente alemán, Johannes Rau, a pocos metros de distancia, en la Avenida 17 de Junio, los corredores de la Vuelta Ciclista a Alemania darán los últimos golpes de pedal de su entrada triunfal a la capital.	1
Aquí entran otras razones: por pasar el rato, diría el filósofo de secano; para tranquilzar la conciencia, según el moralista; por patriotismo, acaso apostille algún espíritu trasnochado.	1
Agregó que durante este tiempo de silencio que ha mantenido ' Venezuela sigue estando gobernada, porque entramos en la fase social y económica del proyecto, que primará sobre la política '.	1
En la asamblea también se criticó la elevada cifra de exportaciones brasileñas de contrabando que llegan a Uruguay por las grandes diferencias de precios.	1
Es verdad que en este momento hay un entorno de ruido interesado que parte fundamentalmente como le decía del principal partido de la oposición que está más pendiente de lo que hace la ultraderecha, que se deja arrastrar muchas veces por esa dinámica, que emprende la ultraderecha, y puede ser que dentro de ese ruido a veces no tengamos la capacidad suficiente de plantear cuáles son nuestras prioridades o por qué hacemos las cosas de una manera o de otra manera.	1
Además, actualmente, está en marcha la construcción del Centro de Capacitación Agrícola y Desarrollo Rural de Badghis y Kabul.	0
Esta barrera esencialmente divide el lago en dos partes: una de agua salobre perenne y la otra, de agua dulce alimentada por los ríos que drenan en el lago.	1
Respecto a Fase II podrán ver las limitaciones de aforo que establecimos para este tipo de reuniones y, lógicamente, cuando vayamos progresando y estemos ya con normalidad pues también procederemos a normalizar este tipo de congresos.	1
- Ah, no mis queridos - les dije -.	0
El martes pasado, al hablar ante el Comité de Descolonización de las Naciones Unidas, el canciller argentino, Adalberto Rodríguez Giavarini, reclamó al Reino Unido que ' no desoiga ' el llamamiento de los organismos internacionales para que se abra una negociación formal sobre soberanía.	1
A éstas se las rifaban los chicos porque eran altas, rubias como la cerveza y no tenían tantos prejuicios como las de Cáceres, Ávila o La Coruña.	0
Cervantes, Shakespeare, Goethe, Tolstoi y tal vez Balzac a pesar de sus manías aristocráticas porque las pagó en vida crudelísimamente.	0
¿Y la última pregunta que me hacía? P.- Infolibre.	0
Son animales de hábitos nocturnos o crepusculares.	0
El número de parados registrado en Canarias en mayo subió en 1.298 personas en relación con el mes anterior, con lo que la cifra de desempleados en las islas se sitúa en 89.764, es decir el 12,7 por ciento de la población activa, según datos del Ministerio de Trabajo.	0
Entonces, se ve que en un descuido, la víctima logró escurrirse escurrir se de debajo de la asesina fumadora, y se puso en pie intentando una huida desesperada.	1
Ambientadas en interiores, están más trabajadas y dan más importancia a los efectos de luz, aunque parte de dicho efecto puede deberse deber se a retoques introducidos en reediciones póstumas.	0
No sé si también contempla que la enfermería tome un papel relevante la atención primaria.	1
Y termino ya.	0
Comprendo lo difícil que resulta vencer la preocupación de muchísimas personas mayores y sobreponerse sobreponer se también al cansancio de una sociedad que no sabemos exactamente cuándo llegará ese remedio definitivo.	1
Las pizzas son buenas pero muy muy caras.	0
Germán de Granda, trabajemos.	0
Según Romero, la política medioambiental del Gobierno andaluz presidido por Manuel Chaves ha sido ' un desastre que calificamos no con cero sino con puntos negativos ', y afirmó que la última legislatura han sido ' años perdidos para sacar a Andalucía de su dependencia en consumo energético '.	1
El sorteo ha deparado que los números uno de cada equipo, Rafter y Kuerten, abran el fuego en la primera jornada, mientras que Hewitt se medirá a Meligeni.	1
Este criterio sirve para todas las comunidades autónomas también para la Comunidad Autónoma de Madrid.	0
Respecto a la movilidad entre distintas unidades territoriales, bien sean en provincias, bien sean islas, bien sean zonas de salud, de momento no está permitida la movilidad entre provincias.	0
El escritor romántico habla del de el castro y describe sus paisajes, apuntando que los monjes lo usan como cantera para sus construcciones.	0
Por su parte, el director ejecutivo de Algroup, Sergio Marchionne, dijo que ' la nueva compañía estará en mejor posición para servir las necesidades de sus clientes '.	0
En el área dedicada a la movilidad del de el futuro también estará presente -- a pesar de que prácticamente con la visión de ' realidad aumentada ' -- el elemento Lamborghini Sexto, el coche concepto construido enteramente de carbono, el resultado de la investigación de Automobili Lamborghini en el uso de materiales compuestos.	0
Alberto Fernández, que ha presidido la primera reunión del grupo del PP en el Parlament tras las elecciones, ha relativizado el hecho de que CiU haya expresado sus preferencias por llegar a acuerdos con ERC en Cataluña y ha recordado que la coalición también optó en primer lugar por pactar con Esquerra después de los comicios autonómicos y que, al final, tuvo que recurrir a los votos del PP.	1
Fue una expresión auténtica y natural de unidad nacional, que demostró lo que ha pasado una y otra vez a lo largo de nuestra historia: que los españoles sabemos afrontar todos juntos las situaciones más difíciles, que sabemos movilizarnos movilizar nos por las causas justas y que somos capaces de dejar atrás las diferencias cuando está en juego lo que más queremos.	1
Las afirmaciones de Musa, a quien cita hoy, lunes, la prensa local, coinciden con la presencia estos días en Egipto de una delegación de especialistas de las Naciones Unidas para tratar con las autoridades de este país sobre las posibilidades de eliminar esos artefactos en el territorio egipcio.	0
En primer lugar, las autoridades delegadas serán, desde el principio, los presidentes y presidentas de los gobiernos autonómicos, y el órgano de cooperación y cogobernanza será el Consejo Interterritorial de Sanidad, donde están representados tanto el Ministerio de Sanidad como también los consejeros y consejeras de Sanidad de todos y cada uno de los gobiernos autonómicos también de las ciudades autónomas.	0
El ingreso per cápita para el condado era de $ 32,484 y el 4.60% de la población estaba bajo el umbral de pobreza nacional.	0
Recoge nuestros detritus, nos veta la Edad Media, y nos hace sentir limpios, educados, pertenecientes al mundo hermoso al que, al parecer, no pertenecemos.	0
' Aquellos que no cumplan esta normativa serán juzgados e incluso podrían sufrir un castigo penal ', según la regulación aprobada por el primer ministro Zhu Rongji, que entrará en vigor el primero de diciembre.	0
Durante el procedimiento de evaluación de impacto ambiental, en escrito del de el 6 de abril de 2010, la Dirección General de Calidad y Evaluación Ambiental solicitó a la CHE que evaluase una serie de alternativas, que no solo no fueron evaluadas por el promotor, sino que además, son viables y con un menor coste económico y ambiental, como demuestran los informes presentados por las ONG y los científicos.	0
Los isleños se niegan de forma tajante a un cambio en su situación y prefieren mantenerse mantener se como súbditos de la corona británica.	0
Después, por hacer algo, sacó todas las sartenes del armario y durante unos minutos se entretuvo en frotarlas frotar las con estropajo y denodado celo; Antonio no le permitía hacerlo hacer lo, decía que las sartenes no se lavan, sino que se restriegan con papel de periódico para que queden engrasadas, - no ves, tonta, que si les das con el estropajo luego se te pega todo?	0
- - Se llevaron el sol adonde les interesaba y repartieron el viento y la lluvia a su capricho.	1
Saltarse Saltar se la Ley es, lisa y llanamente, liquidar la democracia.	1
Nosotros siempre hemos sido transparente en relación con las medidas que queremos abordar para el futuro, como he dicho anteriormente, la derogación de la reforma laboral en términos de acción de Gobierno se llama Nuevo Estatuto de los Trabajadores y ese nuevo Estatuto de los Trabajadores impulsa hoy mucha de su parte e incluso por la propia Comisión Europea que nos anima a seguir trabajando en materia de competencias digitales de nuestro capital humano, a seguir aportando para que el teletrabajo se convierta también en una realidad, a que se permita la conciliación entre la vida laboral y la vida familiar.	1
Pero ' este loable esfuerzo tendría mayor sentido si se acompañase de la búsqueda de una solución definitiva ' al problema, con un compromiso claro de los gobiernos respectivos en favor de su prohibición, afirmó HI.	1
Roma quiere aguarnos aguar nos otra vez la fiesta.	0
En cuanto a la hipotética semifinal que podría enfrentarles enfrentar les al FC Barcelona - si ambos equipos vencen, los catalanes al Ciudad Real - Cadenas reconoce que resultaría ' muy duro, porque si se logra vencer al equipo catalán se saldrá muy tocado de este cruce para afrontar la final en una plantilla tan corta como la del Ademar '.	1
Se está haciendo un gran trabajo en todas las CC.AA., también en particular en la de Murcia, y vamos a ver.	0
Tras opinar que la disputa del Mundial de fútbol 2002, coorganizado por Japón y Corea del Sur, será un factor favorable, indicó que las inversiones ' no rebasarán, por ejemplo, el nivel de Atlanta '.	0
Y, dada la gravedad de la situación de la pandemia en Europa y en España, dada la eficacia contrastada de la herramienta constitucional de Estado de Alarma para su lucha contra la pandemia, dada la petición también mayoritaria de las CC.AA para su entrada en vigor, solicito formalmente a todos los grupos parlamentarios que esta excepcional medida cuente con el abrumador respaldo parlamentario en esta semana que viene.	1
En segundo lugar, la información que traslado a la Comunidad Autónoma de Madrid y la valoración conjunta que han hecho sus técnicos en salud pública junto con los nuestros el Centro de Coordinación de Alertas y Emergencias Sanitarias de la Dirección General de Salud Pública del Ministerio es que se cumplen los requisitos para pasar, para progresar asegura.	1
Pero no se pierda el ambiente de la ciudad y los ensayos de calypsos para el Carnaval.	0
El carácter obligatorio del CARE y las sanciones que comporta su incumplimiento son algunos de los puntos más contestados por los sindicatos.	0
El primer ministro israelí, Ehud Barak, llegó hoy jueves a Lisboa, donde se entrevistará con el presidente estadounidense, Bill Clinton, reunión que estaba prevista para esta noche en Berlín, segunda etapa del viaje del gobernante estadounidense.	0
Ya es mucho.	0
También intervino ante la convención el actor Tommy Lee Jones, quien deleitó a la audiencia con sus recuerdos de Universidad junto a Gore, con el que vivió cuatro años, del que ha sido amigo durante 35 años y de quien dijo que ' es lo más cercano que tengo a un hermano '.	0
Asimismo, fue introducido también en la Península de Kamchatka (Rusia).	0
Asimismo el Gobierno rumano anunció hoy medidas legislativas para fortalecer el control sobre los fondos mutuos de inversiones con el objetivo de impedir el fraude, el engaño y la falsa publicidad.	1
Romero, que presidió una reunión de alcaldes de su formación con vistas a crear un consorcio ambiental, dijo que Boliden ' ha recibido 2.400 millones del Gobierno y recibirá mil más de la Junta, y criticó el papel desempeñado por el consejero andaluz de Trabajo, Guillermo Gutiérrez.	1
La organización de la energía luminosa es específica en situaciones prácticas de factores geométricos con respecto a la luz.	0
Llegados a ese extremo, el regalo va impepinablemente acompañado de una pizpireta letanía de - no es nada, por Dios -, - no tiene importancia -, - no es más que un detalle -.	1
Mi vecino es un psiquiatra un poco loco.	0
Las CCAA podrán modular esta franja horaria y podrán decidir que la hora de comienzo de esta limitación sea a las 10 de la noche o a las 00:00 de la noche y la de finalización entre las 5:00 de la mañana y las 7:00 de la mañana.	1
Tuvo que deletrearle deletrear le el nombre y el apellido.	0
Como hacía buen tiempo decidió salir.	0
En el interior hay un altar de adobe y piedra y cuatro imágenes con coronas de plata, además de cuadros cuzqueños en muros, más las imágenes y objetos de un antiguo esplendo como la curiosa águila tallada en madera policromada usada como candelabro.	0
Según un estudio que presentó hoy el secretario general de la patronal vasca, José Guillermo Zubía, las profesiones relacionadas con las altas tecnologías, los oficios tradicionales y los empleos de poca cualificación son los que más escasez de trabajadores tienen, en especial, los de la industria y la construcción.	1
Y esto no es una broma, esto es algo muy serio, estamos hablando realmente de proteger la salud de los ciudadanos, insisto, con el único instrumento constitucional, dicho por la Abogacía del Estado, que tenemos a nuestro alcance para intentar justamente restringir la capacidad de movimiento, que es una cuestión fundamental para poder protegernos contra este virus.	0
La patronal francesa presentó hoy, tras una maratoniana negociación de trece horas, un nuevo texto sobre la reforma del seguro de desempleo que ha despertado el interés de cuatro de las cinco grandes centrales sindicales.	1
El COVID-19 se extiende por todo el mundo a gran velocidad todos los días, en todos los medios de comunicación ustedes están viendo los datos.	1
Que era aún más guapo visto de frente que en sus fugitivos escorzos de escalera.	1
Podríamos añadir Ramón y Cajal que escribió Tónicos de la voluntad, Charlas de Café, Cuentos de Vacaciones con los que se pueden sugerir esos tónicos de café con gotas que llaman ahora carajillos y que tanto cuentan en las tertulias literarias	0
Además de acabar con los contratos ' basura ', el portavoz del PP señaló que dicha reforma introdujo el sistema de ayudas a la contratación indefinida, así como la remodelación del contrato estable a tiempo parcial que han mejorado las relaciones laborales.	1
Era algo que me hacía mucha ilusión, porque son clásicos, sobre todo los derbis entre el Espanyol y el Barcelona.	0
Insuficiente fue el crecimiento del PSOE en la Comunidad de Madrid, que obtuvo 12 escaños, uno más que en las generales de hace cuatro años, pese a perder casi 30.000 votos y quedarse quedar se con algo más 1.008.000 y que no sirvió para frenar la derrota global.	1
Reconociendo la necesidad de una organización académica de geografía, Davis resuelto con otros geógrafos formó la AAG en 1904.	0
Aunque la elección de Peres parece segura, en medios del Partido Laborista, que preside el primer ministro Ehud Barak y cuyo Comité Central confirma hoy su candidatura, se teme la decisión que adopten tanto Shas como los demás partidos ultrarreligiosos.	0
Sin embargo, el álbum fue lanzado en Rusia bajo el título ' Huinya ' (de ahí la ' H ' en la portada), que resulta un poco menos ofensivo en comparación con el cirílico.	1
Este es un trabajo de todos y cada uno de nosotros, y desde el Gobierno de España pondremos todo el empeño y el esfuerzo que sean necesarios para el buen desarrollo de esta cogobernanza.	1
Luego se uniría a Shiryu y Seiya para tratar de destruir con todas las armas de la armadura de Libra el Soporte Principal.	0
La selección de fútbol de Ecuador, que dirige el colombiano Hernán Gómez, viajarán mañana a Buenos Aires con ' optimismo moderado ' para enfrentar al combinado de Argentina por la quinta jornada de las eliminatorias al Mundial del 2002.	0
Al menos 23 millones de minas están enterradas en el Desierto Occidental de Egipto desde la segunda Guerra Mundial, mientras que hay más de otros tres millones de artefactos similares en el Sinaí y a lo largo del Canal de Suez desde las guerras árabe-israelíes de 1956, 1967 y 1973, señaló.	0
De modo que no tenía nada que hacer y la tarde amenazaba no acabar nunca.	1
Esta idea corresponde bastante a la etimología del de el nombre pero se concilia mal con lo que dice San Gregorio.	0
En la Conferencia de Londres se respaldó también el plan de la misión ISAF para la transición en el ámbito de la seguridad provincia por provincia, fijándose fijando se nuevos objetivos sobre el incremento de efectivos del ejército nacional afgano, que debería alcanzar la cifra de 134.000 efectivos, y también de la Policía hasta 171.000 miembros.	1
Eso ya ha desaparecido ', afirmó el vicepresidente segundo.	0
' Le felicitaré por el nuevo período que inicia, por este gran respaldo popular a su mandato y también le expresaré nuestro deseo de mejorar nuestras relaciones con España ', concluyó el presidente chileno.	1
Como en todo Estado Social y Democrático de Derecho que es nuestro país, España, el Real Decreto de Estado de Alarma cuenta con el dictamen favorable de dos importantes instituciones: del Consejo de Estado y también de la Abogacía General del Estado.	0
En algunas pesquerías, los cetáceos se pescan como captura accesoria, pero no se descartan ya que tienen cierto valor como alimento o cebo.	0
Arc - sous - Cicon es una comuna y población de Francia, en la región de Franco Condado, departamento de Doubs, en el distrito de Pontarlier, en el cantón de Montbenoît.	0
Había llegado a fines del siglo anterior huyendo del flagelo de fiebre amarilla que asoló a Panamá durante la construcción del ferrocarril de los dos océanos, junto con muchos otros que aquí se quedaron hasta morir, viviendo en chino, proliferando en chino, y tan parecidos los unos a los otros que nadie podía distinguirlos distinguir los.	1
Scorpio es la forma inglesa de Escorpio, el signo zodiacal de los nacidos entre el 23 de octubre y el 21 de noviembre.	0
' Tienen interés en una Rusia fuerte, pero también en una Rusia democrática ', señalaron las fuentes.	0
La Fiscalía General presentó su informe al respecto, en el que no obstante se decidía cerrar el expediente por falta de pruebas suficientes y por prescripción de los presuntos delitos, el pasado jueves 25, después de una investigación policial a la que es sometido un presidente por primera vez en la historia de Israel.	1
Aunque quizá ya no lograra reponerse reponer se.	0
Las negociaciones deberían reanudarse reanudar se hoy en Israel, después de un tiempo en que se han desarrollado en Estocolomo.	0
Quería compartir con ustedes tres cuestiones.	0
Esta puntualización fue considerada como un ' avance ' por los sindicatos Confederación Francesa del Trabajo (CFDT), Fuerza Obrera (FO), Confederación Francesa de Trabajadores Cristianos (CFTC) y Confederación Francesa de Directivos de Empresas (CFE-CGC).	1
Y han cumplido con el presupuesto, tiempo y forma.	0
Sin embargo, como no será retroactiva al a el 1 de enero, aquellos empleados que hayan tenidos deducciones en el primer semestre no serán beneficiados con los reintegros.	0
' Hay algo que debemos decidir en noviembre, el control de la mujer sobre su propio cuerpo y sobre su vida.	0
Frente a las propuestas que quieren uniformar a la sociedad vasca, la Constitución y el Estatuto son la salvaguarda de la autonomía individual y de la rica pluralidad de los vascos.	1
El más reciente caso de caridad burocratizada es el de los bosnios, niños y adultos.	0
Mirko Tavoni (Consorcio de Universidades Italianas ICoN);	0
Después del clarín crepuscular se supone que la gente se recoge y se acuesta a dormir.	0
Para que la ampliación sea posible pronto, es necesario en primer lugar, según Stpiber, renunciar a los fondos de cohesión que reciben ahora España, Portugal, Irlanda o Grecia, que son países económicamente más fuertes que los candidatos a la adhesión (Polonia, Hungría y República Checa).	1
Es la manera más baja de ser puta.	1
Al parecer, había un fuerte vínculo con su tripulación.	1
La decisión surge en respuesta a la intentona golpista que intenta consolidar el empresario fiyiano George Speight, quien hace dos semanas entró con seis hombres armados en el Parlamento y secuestró al Gobierno y varios diputados.	0
El gasto corriente ya vemos que se incrementa, incluso en ETB, que es una máquina de gastar dinero.	0
Las dudas más temibles, sin embargo, empezaron tan pronto como regresó del viaje de bodas.	0
Con el dinero recogido el artista pudo pagar los gastos de la exposición, pero después, abatido por la pobreza y la soledad destruyó la mayoría de sus obras de la época socialista.	1
El bigote es algo muy serio y no puede tomarse tomar se a la ligera, y los bigotudos saben de la trascendencia de su opción: el bigote es para toda la vida.	0
Reconoce que la deuda exterior es el principal obstáculo para el crecimiento y la estabilidad de la región, y agrega que ' mediante un compromiso serio de políticas económicas y financieras se pueden alcanzar desarrollos sociales '.	1
Los más suaves propinan un patadón a la papelera, a la par que sueltan un aullido o berrido.	1
Y estoy convencida de que sindicatos y representantes de empresarios trabajarán desde su diferencias, desde su discrepancias, intentando encontrar esos puntos de encuentro que nos permiten ser más fuertes y, sobre todo, más eficaces en los objetivos que perseguimos.	1
Los mercados escandinavos, el Reino Unido, el Benelux y los mercados asiáticos han experimentado un crecimiento particularmente fuerte en reservas, como se comunicará hoy a la Junta General Anual Ordinaria de Accionistas.	1
Se vivieron episodios trágicos durante la ocupación republicana en la ciudad de Andújar con multitud de crímenes y asesinatos.	0
Esa asociación, que deberá tener en consideración el papel de la OACI, promoverá y reforzará mejoras sostenibles en materia de seguridad de la aeronavegación, así como mejoras en las condiciones de fortalecimiento de los sistemas de aviación civil de la región.	1
' Los contratos deben entenderse entender se eficaces sin que pueda plantearse plantear se de plano y de manera unilateral por parte de la Administración una pretensión devolutoria de los pagos efectuados en cumplimiento de servicios efectivamente prestados.	0
Creo que es importante que la democracia sea diálogo y no se responda a los conflictos sociales con bala ', indicó.	1
Esa noche, las Sailor Senshi sorprenden a Eudial hipnotizando a los estudiantes junto a una gran hoguera.	0
Fue el último cortesano en ocupar dichos cargos, antes de que fuesen abolidos por el Emperador Meiji en 1872.	0
El caso japonés no sería simplemente la negación de esa libertad.	0
El centro comercial está muerto, no hay casi público y los locales continuan cerrando, muy poca actividad, poca oferta de tiendas.	1
Lo vemos en la letalidad -mucho menor--, la edad media -también mucho menor a la de la primera ola-o, también, la presión hospitalaria, por citar algunos datos.	1
Finalmente el Bayern termina la temporada 2008-09 como segundo clasificado tras el campeón, el VfL Wolfsburg.	0
A sus 52 años, el actual sistema regulador del seguro de desempleo en Francia tiene los días contados.	0
Lieberman no habló hoy durante la convención y dedicó el día a tranquilizar a los demócratas de raza negra, algunos de los cuales habían mostrado sus dudas acerca del historial del senador por Connecticut en cuanto a la defensa de los derechos civiles.	0
-- Fernando Gago: Pese a sus 24 años ya su buen rendimiento en los últimos partidos de liga, el ' Pintita ' no entra en los planes para la siguiente campaña.	1
El informe agrega que Japón mantiene su ritmo de crecimiento, cercano al 50 por ciento, y que Europa presenta un nuevo incremento del 15 por ciento.	1
No aguanté más.	0
Rara y triste evidencia de madurez.	0
Y le decía, Cristina, al principio que, efectivamente, el Gobierno ha tenido una responsabilidad en relación con esta cuestión porque ha dado la falsa impresión de que sólo le correspondía al Gobierno llegar a acuerdo para poder alcanzar ese Decreto de Alarma, único instrumento jurídico posible para restringir la movilidad del conjunto de los ciudadanos, y algunos directamente se han borrado de esta cuestión, como si no existieran, y me estoy refiriendo a Vox y al Partido Popular, en un ejercicio sorprendente de irresponsabilidad, en una situación en la que nos jugamos la salud de los ciudadanos y hay otras formaciones políticas que han creído, que han entendido que podían, digamos alguna manera, utilizar este momento para también incorporar a sus acuerdo algunas pretensiones o algunas cuestiones que nada tenían que ver con la salud de los ciudadanos.	1
Según el censo de 2010, había 231 personas residiendo en el municipio de Aplin.	0
Sin embargo, la Confederación General del Trabajo (CGT) consideró que el proyecto elaborado por el Movimiento de empresas francesas (Medef) supone ' un retroceso social importante ' ya que ' no da respuesta ', entre otras cuestiones, al problema de los parados que no cobran una indemnización (cuatro de cada diez).	1
Los días de diario siempre se podía bajar a última hora a comprar medio litro de leche, o una pizca de azafrán, o a dar una vuelta por alguno de los grandes almacenes.	0
Stein informó hoy al Consejo Permanente de que el proceso electoral en Perú fue ' irregular ' y subrayó que se enfrenta a ' una severa crisis de credibilidad '.	1
El primer presidente de la Bulgaria postcomunista, Pétar Mladénov, falleció anoche a los 64 años, informó hoy, jueves, la Radio Nacional búlgara.	0
El centrocampista venezolano Juan Carlos Socorro, que milita en la Unión Deportiva Las Palmas, recién ascendido a la Primera División, fue convocado por su selección para jugar el amistoso ante Panamá y contra Bolivia, correspondiente a las eliminatorias sudamericanas previas al Mundial'2002.	0
Estos roles incluyen una figura de autoridad, las tareas que cada uno debe cumplir y una férrea disciplina.	1
Se enjuagó largo tiempo con agua tibia y sólo luego, de nuevo los ojos fijos en el espejo, sonrió.	0
Y por estas mismas razones la hemos seguido apoyando desde entonces, ya desde la responsabilidad de dirigir el Ejecutivo.	0
No se inmutó.	0
La vicelehendakari reconoció que el enfrentamiento entre nacionalistas y populares está afectando a las relaciones institucionales entre los Gobiernos vasco y central, en las que únicamente ' se guardan las formas ', de lo que responsabilizó al PP.	0
Hablaremos, fundamentalmente, del Fondo de Recuperación económico, es decir la movilización de más de 140.000 millones de euros para nuestra economía durante los próximos 6 años.	1
Es un bar disfrazado de restaurante la comida esta demasiado salada.	1
Un cargador y / o regulador que no esté debidamente calibrado puede llevar a la sobrecarga.	0
La gastronomía menorquina trata sobre la comida y las bebidas típicas de la gastronomía de Menorca.	0
Gómez sostiene que la propuesta futbolística de su equipo no cambiará.	1
El Parlamento solicitó la recuperación del dinero público y yo le digo que, respetando este acuerdo, hemos solicitado, para este asunto particularmente, un informe de legalidad y le leo textualmente por qué lo solicitamos, para determinar si en la situación actual es viable legalmente cumplir el acuerdo aprobado por el Parlamento y demandar la devolución del dinero público.	0
Permaneció en manos bizantinas hasta que los turcos la conquistaron finalmente en 1282.	0
Los estróbilos son pequeños, pero más largos que los de cualquier otra especie de tsuga, colgantes, cilíndricos, 30-80 mm de largo y 8-10 mm de ancho cuando están cerrados, abriéndose abriéndo se luego hasta 12-35 mm, superficialmente algo parecido a un cono pequeño de pícea.	0
Indignos de la civilización que les cobija.	1
La Policía y la Fiscalía General investigan las circunstancias que provocaron la grave crisis que puso en peligro el sistema bancario-financiero de Rumanía la última semana, tras volver hoy, jueves, la calma a los mercados.	0
El equipo blanco, cuyo juego no gusta a casi nadie, puede presumir, sin embargo, de ser el que menos partidos ha perdido (5) y el que más puntos ha sumado a domicilio (25).	0
El presidente de la patronal CEOE, José María Cuevas, dijo que el descenso del paro es ' muy significativo e importante ', aunque agregó que le hubiera gustado que bajara más, que el empleo es uno de los grandes objetivos de las empresas y de los sindicatos y que ' estamos en el buen camino para cumplir el reto del pleno empleo '.	1
Así que, por caridad: - es que no hay disponible un soldador para la Susi?	0
En eso consiste la política y la democracia.	0
Esta ayuda, que será gestionada por la Oficina de Ayuda Humanitaria de la Unión Europea (ECHO), ' permitirá a la Cruz Roja y las Organizaciones no Gubernamentales (ONG) poner en marcha, durante los próximos seis meses, programas de asistencia destinados a más de 200.000 desplazados y refugiados ', precisó la Comisión en un comunicado.	0
Las reservas en oro se valoran en base a 300 dólares estadounidenses por cada onza troy de oro.	0
Las ratas conviven con nosotros como la sombra de un pecado antiguo, y las ciudades se las arreglan para mantenerlas mantener las recluidas en esos intestinos de su subconsciente que son las cloacas: nada nos repugnará tanto como encontrarnos encontrar nos las en mitad de la calle a plena luz del día.	1
Según la Oficina del de el Censo en 2000 los ingresos medios por hogar en la localidad eran de $ 31,261 y los ingresos medios por familia eran $ 42,684.	0
Bien.	0
El día de la carrera deben pasar por el barco hundido, donde está la almeja, pero ¿podrá Uniqua ganar?	0
También promoverá el crecimiento de los servicios internacionales de aeronavegación en el continente.	1
En el caso de las leguminosas, los compuestos antimicrobianos de la clase isoflavonoides son sintetizados a partir de L - fenilalanina vía una serie de enzimas como la L - fenilalanina - amonialiasa (PAL), 4 - coumarato: Coenzima A ligasa (4CL) y chalcona sintasa (CHS) que controlan pasos importantes en las sub - rutas de síntesis.	1
Una estrella PMS aparecerá más «hinchada» que una estrella de secuencia principal.	1
La primera medida del Gobierno ha sido obligar a los directores de las explotaciones a informar ' de forma rápida ' de los accidentes ocurridos y a no interferir en las investigaciones de la policía local.	0
La que querríamos no existe.	0
La angustia - - enfermedad del alma - - alcanza su clímax al comprobar la falsedad de algún principio vital en el que nos apoyábamos.	1
En 1942, huyó de su casa en Meudon escapando de la ocupación alemana y vivió en Zurich hasta el final de la guerra.	0
La patronal vasca, Confebask, llamó hoy la atención sobre la existencia en la Comunidad Autónoma Vasca de 18.000 puestos de trabajo sin cubrir debido a la falta de mano de obra adecuada, cuya incorporación al mercado laboral reduciría las previsiones sobre la tasa de paro para el año 2003 en dos puntos.	1
Cuando no los vemos sino que oímos en nuestro interior su sordo zumbido de bacterias inquietas, los médicos hablan de tinnitus y de acufenos.	0
De esta forma, Boca quedó como el segundo mejor equipo de América en 2012.	0
El nuevo presidente chileno, Ricardo Lagos, felicitó hoy a José María Aznar por el ' nítido ' resultado de las elecciones generales celebradas ayer, domingo, en España.	1
Y es por ello que hablamos, dialogamos con el conjunto de fuerzas políticas.	1
Corre el año 1967, y Ferrari y Ford disfrutan de una dura rivalidad en las carreras de Sport - prototipos.	1
' El presidente del Gobierno (González) recibía en su despacho y organizaba comidas con intermediarios para impulsar operaciones empresariales.	1
Logroño 15 de octubre de 2008.	0
He hablado de la reeducación y es importante enfatizar, usted también lo ha hecho, la importancia que tiene la reeducación, el objetivo resocializador en el ámbito de la justicia juvenil.	0
Moscú ha firmado un contrato con la filial noruega de la empresa norteamericana Halliburton para intentar el rescate, aunque altos mandos de la Armada creen que en todo caso sólo podrá recuperarse recuperar se entre el 20 y el 30 por ciento de los cuerpos.	1
Todos los pintores envidian a Picasso en su muerte porque ahora - - desde la sepultura - - parece más vivo que nunca.	1
Sólo desde un diálogo franco y constructivo podremos avanzar hacia la región segura y próspera que todos deseamos ver algún día.	1
Se estableció originalmente por los nativos Alutiiq que se llamaban a sí mismos Tangirnarmiut, ' el pueblo de Tangirnaq ' habitado y utilizado por Woody durante miles de años.	0
Cuando los Asuini Kumaras se fueron, apareció el dios Indra y advirtió a Dadhichi que no les enseñara nada a los Asuini, que eran solo curanderos;	0
Y en este punto le voy a pasar la palabra al ministro de Sanidad que nos pondrá al día de las cuestiones sanitarias y también de cómo se encuentra la situación en los diferentes territorios.	1
La Iglesia habla del problema del Mal en el mundo.	0
Pensamos en pequeño, en cositas, en solucionar lo inmediato y en resistirse resistir se a abordar lo mediato, lo que va más allá de lo próximo, para evitar las consecuencias de la improvisación y para advertir y asumir con propiedad las dimensiones del de el crecimiento y los requerimientos de los nuevos tiempos.	1
Asimismo, se han repartido ya cerca de 296 millones de unidades de material sanitario, de los cuales más de 221 millones han ido destinadas a las Comunidades Autónomas.	0
Muchas gracias señora presidenta.	0
Obuchi fue sustituido al frente del gobierno por Yoshiro Mori, quien era el secretario general del partido Liberal Demócrata durante su gobierno.	0
La llegada de Guus Hiddink no ha servido de mucho al equipo verdiblanco.	0
' Entonces poco importarán las conmemoraciones oficiales o el mutismo de quienes - teóricamente, al menos - deberían hablar.	1
Pero los domingos Antonia sabía que, tras regresar de misa con el pan, ya no iba a volver a hablar con nadie hasta el día siguiente.	0
La Organización Internacional del Trabajo (OIT) ha pedido a Myanmar que realice las modificaciones necesarias para acabar de forma eficaz con el trabajo forzoso.	0
Pero la opinión de Vargas Llosa fue considerada como una intromisión en los asuntos políticos internos de México por un sector radical del PRI, que incluso solicitó su expulsión del país, cuando el escritor ya había viajado a Costa Rica en su gira para presentar su más reciente libro, ' La fiesta del chivo '.	0
Las exportaciones totales pasaron de los 12,3 millones de dólares en 1999 a los 14,8 millones en el presente año, lo que supone una subida del 20,47 por ciento.	0
Por eso nos encontramos a veces solos y con otras formaciones políticas en las que muchas veces incorporan al debate o a la negociación elementos que nada tienen que ver con la salud, y que también dificultan y entorpecen esa responsabilidad, que tenía que ser ejercida por el conjunto de las fuerzas presentes en el arco parlamentario.	1
En esa época es anexionado al a el municipio de Gama (hoy Valdegama), y en los años 70 del de el siglo XX ambos a Aguilar de Campoo.	0
Gore luchará contra George W. Bush, proclamado candidato republicano hace dos semanas y que le aventaja en las encuestas por varios puntos.	1
En los últimos años hubo numerosas personas procesadas por este delito, algunas de ellas con prisión.	0
Todos los homenajeados recibieron el aplauso y el reconocimiento de las autoridades asistentes y de los trescientos invitados que presenciaron el acto.	0
Debido a esta división se crearon los municipios de San Miguel y Malvinas Argentinas.	0
Los sacrificios en consecuencia serán los indispensables.	1
El gato es ateo.	1
Pueden efectuar sus paseos con todos los convivientes que habiten en la misma unidad familiar.	0
Tal vez no habría sido tan entusiasta si hubiera sospechado siquiera qué lejos estaba Fermina Daza de aquellos cálculos ilusorios, cuando apenas empezaba a vislumbrar el horizonte de un mundo en el que todo estaba previsto, menos la adversidad.	1
La Declaración de Guadalajara destaca el apoyo a los procesos de integración, regional y subregional, y la intensificación de la cooperación iberoamericana.	0
El viceprimer ministro afirmó que ' ninguna de las tres versiones es más verosímil que la otra ', aunque así descartó aparentemente hasta diez hipótesis más barajadas por la comisión, entre ellas el disparo de un torpedo por error de un buque ruso y un sabotaje.	1
' Si algo quiero en esta vida es a los niños y ayudarlos ayudar los ha sido siempre muy fácil de hacer para mí, por lo que me cuesta mucho entender que pueda haber personas que no sientan ese compromiso ', declaró a Efe Agassi.	0
La presencia de la Comunidad Internacional en Afganistán se desarrolla en un claro marco multilateral: se lleva a cabo a petición y al amparo de Naciones Unidas, forma parte de una iniciativa de la Alianza Atlántica y cuenta con el pleno apoyo político y la implicación de la Unión Europea.	1
Cuando llegan a tal número de sistemas de sonido disponibles suelen ser llamados teknivals.	0
- Habrá peces en la laguna Estigia?	0
De algún modo, el bigote resume la esencia del bigotudo y a veces ni se molesta en resumirla resumir la y la ofrece en su totalidad, como le ha ocurrido a Azkargorta, que en Bolivia es conocido por Bigotón: sus aciertos y sus errores, sus éxitos y fracasos saldrán siempre de ahí, de su mágico bigotón.	1
Qué dos años aquellos, la etapa rafaelista, cuando ella aguardaba cada día el ruido de las llaves del vecino.	0
La señora Aguirre, que tiene para la limpieza una mentalidad de bruja menopáusica, ha decidido multar a los sindicatos con 5.000 pesetas por cada octavilla tirada en las calles semivacías y semiapacibles del Madrid en huelga.	0
La Representante Comercial de EEUU, Charlene Barshefsky, advirtió de que una demora podría poner en peligro el acuerdo que abrirá a este país los mercados chinos con más de 1.300 millones de consumidores.	1
Fuentes de la unión comarcal de CCOO explicaron a EFE que el fallecido estaba empleado en una subcontrata que efectuaba obras en el inmueble, que consta de cuatro plantas.	0
No, no, eso no, por favor -, imploraba la víctima, pero sus súplicas no conmovieron a la homicida, quien, sin mostrar piedad alguna, empezó a abrir los frascos y a vaciar el contenido de los mismos sobre el suelo.	0
En 1949 se graduó en Derecho y se doctoró en Ciencias Políticas en la Universidad Central de Venezuela, en Caracas.	0
Debían ser perfumes, porque, según nos dijo doña MPG, el olor llegaba hasta la puerta.	1
También asistieron algunos observadores del sector del transporte, autoridades gubernamentales y organismos internacionales, como la Organización de Aviación Civil Internacional (OACI).	0
La Fiscalía General de este país emitió hoy ordenes de detención contra la directiva de Sov Invest, sociedad que administró el Fondo Nacional de Inversiones, tras comprobarse comprobar se un agujero de más de 500.000 dólares de un total de 170 millones de dólares que este fondo privado había atraído de la población.	1
Este segundo controlador realiza las transferencias de 16 bits.	0
Todo lo contrario.	0
Cher viste un extravagante vestido de flamenco rojo y canta en una habitación del de el mismo color sosteniendo un perro Chihuahua.	0
El enfrentamiento entre la mayoría del de el politburó y la minoría encabezada por Zinoviev se agudizó en el otoño, con el intercambio de acusaciones mutuas, incluyendo la del de el asesinato por Stalin de Mijaíl Frunze, comisario de Defensa que había muerto durante una operación de cirugía aconsejada por el politburó y que había supuesto el nombramiento al a el frente de la comisaría al a el candidato de Stalin, Kliment Voroshílov.	1
Las ruedas de palas eran accionadas por cuatro máquinas de vapor que desarrollaban una potencia de 1.000 CV, y la hélice era accionada gracias a otra máquina (de 4 cilindros con 2,13 m), que era alimentada por seis calderas y desarrollaba 1600 CV.	1
Siempre nos han tratado como si estuvieramos en casa, el restaurante es magnifico, no os perdais el estofado de carrilleras, ni la degustacion de postres, claro acompañado de un vino Mayor de Migueloa.	0
Una activa industria militar se ha desarrollado para producir misiles balísticos de largo alcance como el Nodong - 1.	0
' El 12 de julio de 2000, varios barcos pesqueros con registro argentino, que se encontraban en la zona económica exclusiva argentina, fueron sobrevolados por aeronaves británicas con asiento en las islas Malvinas ', según el comunicado difundido por la Dirección de Prensa de la Cancillería.	0
No distingue entre la supuesta seriedad de los científicos y la supuesta frivolidad de las cupleteras.	0
Los Reyes de España, Juan Carlos y Sofía, experimentaron hoy un abrupto cambio de clima al dejar la calurosa región amazónica brasileña y llegar a la fría zona andina, en la segunda etapa de su gira por Suramérica.	0
El Barcelona echó por tierra la mayoría de sus opciones de ganar el título de Liga por tercera vez consecutiva al caer derrotado en Oviedo por 3-0, un resultado al que parece abonado el equipo de Louis van Gaal.	1
Las otras dos eliminatorias enfrentarán a Zimbabue con Rumanía y a Uzbekistán con Holanda en Taskent.	0
Además el número de chis por li algunas veces varió de los 1500 iniciales.	0
Se estableció durante la Segunda Guerra Mundial por un grupo de hombres de estado que querían contar con un instituto que pudiese formar americanos para las responsabilidades internacionales de la postguerra.	0
El liberalismo tuvo cierta influencia idealista, pero la bragueta inundó el mundo.	1
Hace dar vueltas a su cristal y la luz se descompone o se polariza o se desparrama y entonces nada es como la costumbre tediosa a la que estamos acostumbrados.	1
No los murciélagos todavía, que son ciegos.	0
Se le quemaron las tostadas, ya no tenía los brazos paralelos, sus huesos estaban cansados, todo su cuerpo caminaba inexorablemente hacia la vejez en pos de su memoria, de su conciencia prematuramente envejecida y satisfecha de su rendición.	1
El documento final mostró la preocupación que despierta el proteccionismo comercial, y expresó su deseo de promover iniciativas concretas para la movilización de recursos financieros hacia la región latinoamericana.	1
La tira pintada pasa bajo el cristal, pero ya no es un rey lo que vemos, sino los ridículos tintes que sabemos propios del monigote, disociados ahora de la grandeza real; la reina no es la dama hierática, sino que, a la luz de una raya roja que se entrevera con otra verde, pierde su peplo blanco y aparece en la distorsión chabacana de las comadres.	0
Criterios que tienen su sustento en las recomendaciones de la Organización Mundial de la Salud y el Centro Europeo para la Prevención y el Control de las Enfermedades y del propio CCAES, en el Ministerio de Sanidad, medidas que guardan absoluta coherencia con el desarrollo del Plan de Respuesta Temprana que aprobamos en el pasado mes de julio con las CCAA, que es técnicamente el Plan Nacional de Lucha contra la Pandemia.	1
Hasta principios del mes de mayo, en concreto, el 9 de mayo.	0
Pero después, celosa de sus privilegios bien ganados, temerosa de la vergüenza y el escarnio, se mostraba dispuesta a soportar hasta la humillación, con la esperanza de que Dios se apiadara por fin de doña Blanca, quien no se cansaba de suplicarle suplicar le en sus oraciones que le mandara la muerte.	1
Entusiasmado por la irrupción de las nuevas cadenas de televisión y absorto ante el despliegue de la oferta visual, había decidido cambiar su hábitat tradicional y trasladarse trasladar se, en cuerpo y alma, al cuarto de estar.	1
Secretario de Estado de Comunicación.-	0
Dicen, por ejemplo, que algunas tardes a los mancos les duele el brazo que no tienen: es curiosa esa nostalgia que el organismo expresa por el miembro perdido.	1
Y en la casa de un hombre solo se necesita la mano de una esposa.	0
Por último, el fin de semana de celebración de fiestas en honor a San Bartolomé, el pueblo se llena de satisfacción al a el acoger en el pueblo el baile, una verbena que ameniza la velada de todos los habitantes, turistas, y visitantes y amigos de la aldea.	1
Mediante la operación, que deberá estar cerrada antes del 5 de enero de 2001, se transferirán acciones clase A y clase B de propiedad de los vendedores representativas del 48,60 por ciento del capital emitido y en circulación de GCO y del 57,57 de los votos del concesionario.	1
En contraste a las inspiraciones de su padre, el joven Mario fue influenciado por arquitectos Mexicanos Modernos como Luis Barragán, Max Cetto, y Mario Pani.	0
- Por qué?	0
Louis Hayward (19 de marzo de 1909 -- 21 de febrero de 1985) fue un actor cinematográfico británico.	0
Este disco cuenta con 4 covers, ' Fantasma ' de Melero, ' Todavía una cancion de amor ' de Joaquin Sabina, ' Ave de paso ' de Sandro y ' Straight to hell ' de The Clash.	0
Además de la cooperación social y cultural, los 21 países se comprometieron a unir sus esfuerzos para desactivar las minas contra personal y combatir la corrupción, el narcotráfico y el terrorismo.	1
La Conferencia de Londres, en definitiva, marcó el reconocimiento crítico por parte de la Comunidad Internacional sobre la necesidad de tomar nota de las lecciones aprendidas.	1
Tantas viudas de su vida, desde la viuda de Nazaret habían hecho posible que él vislumbrara cómo eran las casadas felices después de la muerte de sus maridos.	0
Entonces se disiparon todas las dudas, y pudo hacer sin remordimientos lo que la razón le indicó como lo más decente: pasó una esponja sin lágrimas por encima del recuerdo de Florentino Ariza, lo borró por completo, y en el espacio que él ocupaba en su memoria dejó que floreciera una pradera de amapolas.	1
La consola PlayStation 2, que ha vendido cerca de un 1,8 millones de unidades desde su lanzamiento el 4 de marzo, llegará a los mercados de Norteamérica y Europa el próximo mes de octubre, según Sony.	1
Ariano Irpino es el municipio territorialmente más grande de la Campania.	0
Los presos de La Tablada fueron juzgados bajo una ley especial que no contempla la posibilidad de apelación o segunda instancia judicial, lo cual va contra los convenios internacionales suscritos por Argentina.	0
No es una casualidad, entonces, esta estrecha alianza política y militar entre el imperialismo norteamericano, el sionismo genocida israelí y la sanguinaria oligarquía santandereana, porque ella esta construida, no solo para garantizar el dominio sionista sobre Palestina y la continuidad del de el control de la oligarquía santanderiana de Colombia, sino para mantener dos fortificaciones proimperialistas en zonas de la mayor importancia para la sobrevivencia del de el imperio, al a el estar ubicadas en dos áreas fundamentales para el suministro de energía hacia la trastornada economía de los Estados Unidos y sus aliados europeos, en momentos en que se manifiesta un nuevo ciclo de crisis sistémicas del de el capital financiero internacional y, los Estados Unidos se ve afectado por el mayor desastre ecológico de la historia de la industria petrolera mundial.	1
Sauron se unió a la Hermandad de mutantes diabólicos del de el Sapo, conformada por Blob, Pyro y Phantazia, a pesar de no ser en realidad un mutante.	0
Los lugareños dicen que los «demonios» que se han aventurado a ofender al a el Señor Śivá de esta manera han muerto todos en el intento.	1
Según el jefe de la diplomacia española, en estos cuatro años la política exterior se centró ' al mismo tiempo que en salvaguardar los intereses vitales ' nacionales, en desempeñar ' un papel de animador del proceso de construcción europea '.	1
Chávez acudió en la noche del jueves, justo una semana después de aparecer por última vez ante los venezolanos para lanzar un mensaje institucional en cadena nacional de radiotelevisión, a un ' Programa Especial ' de la cadena privada Venevisión, en el que fue entrevistado durante dos horas por el periodista Fausto Malavé, que acogió numerosas preguntas llegadas por Internet para el mandatario.	1
Amigas y amigos, Quiero decir algo con la tranquilidad que me da la convicción, alto y claro: el Gobierno de España no negociará nunca con los terroristas.	1
También dijo que considera que España ha tenido ' una presencia muy importante en el escenario internacional.	1
El presidente estadounidense dijo el miércoles en Lisboa que la retirada israelí abre ' una nueva situación ' que aumenta el coste de no lograr un acuerdo rápidamente, aunque también hace crecer los beneficios de lograr	1
La duración del de el efecto es de aproximadamente 7 horas cuando ha sido administrado por la vía parenteral y hasta 12 horas si se administró por la vía oral.	0
Ricardo Lagos dijo que en las próximas horas llamaría personalmente a José María Aznar, para expresarle expresar le sus felicitaciones por el gran triunfo electoral del Partido Popular, que gobernará España con mayoría absoluta durante los próximos cuatro años.	1
Sesenta largos años después: - Ya desde pequeño, empezaron a mirarle mirar le como a un sabio, pero todo el saber le venía de que, cuando tenía cinco años, había muerto su madre.	0
Se inicia la construcción del de el antiguo templo de Nuestra Señora de Guadalupe.	0
Los reyes llegaron hoy, sábado, desde Manaos (Brasil), a la ciudad de La Paz, sede del gobierno de Bolivia, y fueron recibidos por el presidente de este país, Hugo Banzer, en el inicio de una visita de cuatro días que incluirá a las ciudades de Potosí y Sucre.	0
Nuestra pretensión es llegar, como ustedes, saben a grandes acuerdos de Estado.	1
Desde el punto de vista epidemiológico, los expertos dicen que las razones para su aprobación están plenamente justificadas.	0
Durante la cena, la patronal Pimec-Sefes, que representa a más de 50.000 empresas, entregó sus premios anuales a las pymes que han desarrollado proyectos más destacados, así como también distinguió, en el apartado periodístico, al suplemento de Economía del diario La Vanguardia.	0
Es un estrecho que comunica el Mediterráneo con el mar Negro.	0
Portavoz.- Hola.	0
Os lo recomiendo y mas sabiendo lo que hay por ahi fuera.	0
También hay hormonas tróficas y no tróficas, según el blanco sobre el cual actúan.	0
Carlson dejó la serie en 2003.	0
En estos últimos años, la Ford ha bautizado a sus modelos con palabras: Escort, Cortina, Sierra, Granada, Scorpio, Orion... a los que hace poco se ha añadido el Mondeo.	1
El primer ministro israelí partió, en medio de fuertes medidas de seguridad, hacia el Palacio de Sao Bento para reunirse reunir se con su homólogo portugués, Antonio Guterres, que preside este semestre el Consejo Europeo.	0
Con calor del afrontamiento cayeron ambos al suelo, y el homicida se las arregló para sentarse sentar se sobre él dejándole dejando le atrapado.	0
Todos tenemos derecho a nuestra intimidad y todos tenemos derecho también a que se nos respete en nuestra forma de ejercer el trabajo, con la discrepancia política que, en cada momento, cada uno quiera ejercer.	0
Con ese ánimo, con esa voluntad vamos a seguir trabajando sin descanso como hasta la fecha y solicitando una vez más al conjunto de las fuerzas políticas que estén a la altura del momento del país en el que nos encontramos.	1
' Pero esta no es una respuesta totalmente negativa, por ello también planteamos otras alternativas compensatorias, como la ampliación del Pacto de San José, con lo que podemos subsidiar el 20 por ciento ', indicó el mandatario.	0
Y por tanto, esto es lo que nos une a este Gobierno, que es un Gobierno fuerte, es un Gobierno cohesionado, es un Gobierno unido, pese a quien le pese, porque algunos intentan permanentemente desgastar la imagen del Gobierno o intentar aparentar una situación que no se corresponde con la realidad.	1
Sin embargo, los abogados de la empresa indicaron una vez más que proyectan insistir en las apelaciones para impedir que esos remedios ' extremos y sin justificación ' se lleven a efecto.	0
Son las dos y cuarto, una hora menos en Canarias.	0
Sin duda el taxista se había mordido los labios y contemplaba en el espejo retrovisor el rostro desconcertado y nostálgico de su pasajero.	0
Junto con el sueco y el danés, el noruego forma un continuum de variantes regionales y locales mayor o menormente inteligibles mutuamente.	0
La longitud del de el antiguo dique que separaba el lago del de el mar, de un kilómetro y medio de longitud, puede ser recorrido por submarinistas.	0
Es de planta octagonal y es la más grande de las capillas del de el Carmen.	0
La firma Phillips, que desde hace un año intenta hacerse hacer se con una cuota importante del mercado mundial de subastas, prevé una fusión con De Pury & Luxembourg, informa hoy el diario ' The New York Times '.	1
Y lo grafica muy bien, diciendo que Manco Inca Yupanqui, sabía muy bien que los españoles en día domingo, no comían carne roja y habiendo ido a pescar con unos indios la ' comida de los españoles del de el día de guardar ', recibió a un chasqui que le avisaba noticias del de el Cusco.	0
El acuerdo fue ratificado poco después por el rey de Castilla en las Cortes de Valladolid.	0
' Fue muy oportuna, una Cumbre realmente histórica, nos ayudó a hacer las relaciones bilaterales con representantes de naciones con las que Venezuela tiene intereses ', destacó el mandatario.	0
El jefe del Gobierno bávaro, Edmund Stoiber, se pronunció hoy por una suspensión de los fondos de cohesión para países como España, a fin de poder financiar la ampliación de la UE al Este, y reiteró que convendría consultar al pueblo sobre dicha ampliación.	0
Su recuerdo quedó sepultado en el fondo de mi conciencia, y hoy, al redactar estas páginas, John Erskine me ha acompañado.	1
Los activos en divisas en poder del Banco Central y el Ministerio de Finanzas se calculan en dólares estadounidenses y su valor depende del cambio oficial rublo-dólar que establece el Banco Central.	0
- Tiene un yate?	0
¿El Ministerio accederá a la petición de la Liga de permitir entrenamientos colectivos de más de diez jugadores?	0
Queridos amigos, Compartimos un mismo objetivo y por eso es necesario avanzar en la misma dirección.	1
Antonia se chupó el dedo índice y procuró pegar las hojas exteriores en su sitio.	0
Después de la reunión, la mayoría de los presentes manifestaron su apoyo a Lieberman, que aseguró que su compromiso a favor de los derechos civiles ' comienza con mi religión... porque creo que cada ser humano es creado a imagen y semejanza de Dios ', y aseguró que siempre ha apoyado la acción afirmativa.	0
Expresó el más enérgico rechazo a la aplicación unilateral y extraterritorial de las leyes o medidas nacionales que infrinjan el Derecho Internacional e intenten imponerse imponer se en terceros países.	1
Que el pobre era viudo y carecía del apoyo de unos hijos.	0
¿Para qué investigar?	0
Muchas gracias, Miguel Ángel.	0
Salvo el paréntesis de 1940-1945 en que pinta del de el natural paisajes portuarios con la frescura de los primeros años (El puerto de La Guaira, 1941), su obra es cada vez más introvertida y simbólica, al a el igual que su vida, cada vez más solitaria y ajena a la realidad;	1
Porque de tanto escuchar al señor Pujol decir que si se corrige la reforma laboral deja de apoyar al Gobierno, y que si el Constitucional desautoriza la Ley de Inmersión Lingüística del Catalán también retira el apoyo, el personal espera que en cualquier momento el señor Pujol salga con que, o hay pasta para el Liceo, o de apoyo al Gobierno ni mijita.	1
Recibe una supuesta bomba para cumplir su propósito, pero cuando intenta detonarla detonar la no pasa nada.	0
Quiero decir que, como saben, el Consejo de Ministros acaba de aprobar un proyecto de ley de reforma del Código Civil para que los padres puedan registrar a sus hijos con cualquier nombre, incluso inventado, aunque aún persisten algunas limitaciones, qué lata.	0
El político socialcristiano cree, sin embargo, que hay que poner límites a la ampliación, y defiende que no se incluya a Turquía, porque Europa acabaría lindando con Irak e Irán, y que se puede asimilar Ucrania pero no Rusia.	0
Vamos a estudiar esta petición que usted me comenta de poder realizar entrenamientos colectivos de más de 10 personas, de más de diez jugadores, y cuando lo tengamos analizada y tengamos una decisión al respecto podremos saber comunicar.	0
La Isla James es una isla del de el archipiélago de las Islas San Juan, situadas en el Estrecho de Georgia.	0
BBC Radio 1 Live in Concert es un álbum en vivo, con grabaciones realizadas en la BBC Radio 1, lanzado en 1996 por el grupo de rock progresivo Jethro Tull.	1
La primera de ellas es la unidad.	0
Los consideramos adultos cuando se dejan intrigar también por los misterios del mediodía, del alba y del crepúsculo.	0
En eso se parece al Duque de Alba, aquel guerrero que antes de dar nombre al coñac, en la marcha hacia Bruselas fue cortando cabezas y cuando llegó a Flandes colgó a los primeros abertzales del imperio del Sol.	0
Había conocido al a el propietario de este palacio durante un viaje a Abu Simbel en Egipto.	0
La compañía Monómeros Colombo-Venezolanos fue multada con 1.365 millones de pesos (651 millones de dólares) por verter aguas residuales en la principal arteria fluvial de Colombia, el río Magdalena, anunciaron hoy las autoridades gubernamentales de la ciudad norteña de Barranquilla.	0
Puede haber distintas sensibilidades en relación con distintas materias pero este es un gobierno en el que vamos todos a una y en el que lo fundamental, lo importante, es que seamos capaces entre todos de superar ahora esta crisis sanitaria, hacer la reconstrucción económica y continuar con nuestro acuerdo programático que tenía y que tiene dosis de esperanza y sobre todo de bienestar para el conjunto de la ciudadanía.	1
Como castillo de la Marca galesa, fue construido en la frontera de Gales e Inglaterra muy cerca del de el histórico fuerte de Old Oswestry.	0
Viéndose afectadas algunas fábricas levemente y en otras sin embargo más fuerte fue la sacudida.	1
El que la publicidad sea el principal ingreso económico de los medios, los vincula a la economía general y a los puntos de vista e intereses de los grandes grupos económicos, entre los que también están los mismos grupos de comunicación.	1
' El equipo llegará bien; motivado que es lo más importante; con mucha confianza y creyendo en sus propias posibilidades pero sabemos que cada partido será más difícil que el anterior, porque se incrementan las exigencias ', aseguró Agustín Delgado.	0
Nace en Madrid, el 15 de noviembre de 1979.	0
Los políticos nos hacen reír por su frivolidad de secuaces de un partido, pero de pronto se vengan de nuestra risa a tiro limpio.	1
El presidente de Venezuela, Hugo Chávez, rompió una semana de silencio absoluto para anunciar que su gobierno trabaja a fondo, a pesar del parón político que ha supuesto el aplazamiento electoral del pasado domingo.	1
No es de extrañar que la población de ratas crezca siempre al ritmo de nuestra prosperidad y nuestra opulencia.	0
M menos tiene una velocidad de sesenta kilómetros por hora.	0
Lo peor que puede ser un hombre en España no es pobre, ni imbécil, ni ridículo, ni feo, sino desmazalado.	0
Tras indicar que la inversión media en investigación en la Unión Europea se sitúa en el 1,8 por ciento del PIB, frente al 2,8 por ciento en Japón y EEUU, Couceiro dijo que España está en ' el buen camino ' y se está creando un entorno propicio para la innovación empresarial.	1
El equipo que más provecho ha sacado del trigésimo tercer capítulo liguero es el Real Madrid.	0
Por tanto, si hay imposibilidad para adoptar esas medidas que figuran en esta orden, las playas no pueden usarse usar se, y evidentemente el Ministerio de Sanidad no va a financiar esto, esto corresponde, en todo caso, a las Comunidades Autónomas o a los propios municipios.	0
También para ella pasaban los años.	1
El año siguiente, el 8 de febrero de 1921, se casó con Helen Mary Gascoyne - Cecil, hija de Lord Edward Gascoyne - Cecil y Violet Maxse y nieta de Lord Robert Gascoyne - Cecil - ex - primer ministro del de el Reino Unido -, en los siguientes años tuvieron tres hijos: George Edward, Winifred Mary y Elizabeth.	0
Abarca dos registros estandarizados, el hindi y el urdu, idiomas oficiales de la India y Pakistán, respectivamente.	0
Es utilizado para culto interno, siendo vestido según la ocasión.	0
Destacó que el millón y medio de desempleados actuales es ' la menor cifra de paro registrado en cualquier mes desde julio de 1981 ' y atribuyó ese descenso a la reforma laboral de 1997 y a la política económica del Ejecutivo, ' que ha transformado el crecimiento económico en creación de empleo '.	1
Quiero con esto decir que Medardo Fraile ha escrito un relato extraño y divertido.	0
El león tiene fama de noble y lo usan como blasón y como símbolo totémico algunas naciones, pero la verdad es que vive de su hembra quien caza ciervos y cervatos para él igual que el rufián del prostíbulo cuya coima - hace cabritos -, para darle dar le de comer.	0
Fruto de esta colaboración son, por ejemplo, los indicadores y criterios de respuesta comunes que acabo de mencionarles.	1
Por ejemplo, a Mario Conde una carta de respaldo de J. P. Morgan, o al ministro Asunción un bonito Garzón; son los - detalles chistosos -.	0
Por el norte se construyó el palacio diocesano y la catedral.	0
El número de minas antipersonas que posee Vietnam, país que sigue fabricándolas fabricando las aunque ha prohibido su exportación, se desconoce, concluye la organización.	0
Hay otras formas de conseguir más ingresos señor consejero y señor lehendakari además de subir impuestos, que generalmente no se traducen en mayores subidas de recaudación.	0
Meditó apenas una fracción de segundo.	0
Además en las elecciones generales celebradas hoy el PP consolidó su entrada en las localidades del denominado ' cinturón rojo ' del sur de Madrid, en el que comparte victorias y derrotas con el PSOE, que sin embargo sigue siendo el partido más votado en el cómputo global de esta zona.	1
Y también corresponde a las CC.AA. escoger el perfil de sanitarios, de profesionales que tienen que hacer las labores de vigilancia activa, mejor, de vigilancia de casos (es una expresión que preferimos a la más común o popular, de ' rastreadores ').	1
El mismo año resulta ganador del de el Premio Félix Urabayen por su novela La senda de los elefantes, que ya había sido postulada anteriormente, con otro nombre, a otro concurso literario.	0
Quiere ver que la bondad prevalece ', aseguró la joven, que ha colaborado activamente en la campaña de Gore, al que ha aconsejado en ocasiones.	0
Sin embargo, cuando mi grupo se ha interesado en saber cómo iba a cumplir el Gobierno con este mandato parlamentario, nos hemos encontrado con un muro acolchado.	1
El almirante Vladímir Kuroyédov, comandante de la Armada rusa, dijo antes de la reunión que aunque la hipótesis de la colisión era la más probable, la comisión analizaba ' tres versiones ' más.	0
Después de varios intentos, Beecham finalmente solicitó una patente de protección de EE.UU. para el fármaco en 1981, y las patentes de EE.UU. 4.525.352, 4.529.720, y 4.560.552 fueron concedidas en 1985.	0
Si usted ve, probablemente el órgano que se menciona a lo largo de todo el acuerdo programático que suscribieron el PSOE y Unidas Podemos para configurar este Gobierno, el órgano que más veces se repite es justamente la Mesa para el Diálogo Social, y eso no es una casualidad, es porque entendemos, creemos profundamente, que en el diálogo entre empresarios y sindicatos se encuentran las claves de las medidas más ajustadas para intentar seguir construyendo una España avanzada, una España que proteja a los trabajadores, que haga competitivas a las empresas y que nos permita seguir por esa senda de crecimiento que teníamos hace apenas unos cuantos meses.	1
Socialmente el consumo de carne humana es considerado aceptable en ocasiones excepcionales, como por ejemplo en casos de naufragio.	0
Y cuando eso ocurre no hay problemas para mantener y financiar el Estado de bienestar social, en ningún sitio del mundo, en ningún sitio del mundo.	0
- Qué significa Mondeo?	0
Fue entonces también cuando los franceses en el lendemain de Napoleón inventaron con su sentido práctico la bragueta.	0
Yo creo que no.	0
EL PUEBLO NO ESTA DURMIENDO.	1
Este túnel, al a el que se le dio el nombre de forulum después Furlo Fur lo (es decir, el ' agujero ') es uno de los pocos túneles de calzada romana que han llegado hasta nosotros.	0
Pero detrás de estos dos buques insignia de la cosecha española de este año, podrían sorprender otros títulos con menos repercusión mediática pero de excelente resultado, como ' La mosquitera ', de Agustí Vila, que ganó el festival de Karlovy Vary y que tiene un amplio reparto en el que destaca una Emma Suárez que recupera el pulso de sus mejores trabajos.	1
Ante esta situación el Gobierno nunca va a mirar para otro lado.	1
Muchachas de todas las edades y nacionalidades, aunque, si he de ser sincera, las que más éxito tenían eran las norteamericanas.	0
Tellius se encuentra dividida en varias naciones que son gobernadas por beorcs o laguz.	0
El jefe de Estado y candidato a la reelección resultó reelegido para un tercer período de gobierno con el 51,2 por ciento de los votos totales en la segunda vuelta de los comicios presidenciales a la que se presentó el pasado domingo en solitario sin rival ni observadores.	0
Qué creativa soy, por Dios.	0
Habitan en los bosques en lugares de calor húmedo y oscuridad, la mayoría son endémicos del de el Caribe, con unas pocas especies repartidas por América Latina, sólo tres se encuentran en Brasil.	0
Una de las primeras jugadas del de el partido estuvo en los pies de Aguero a los 18 minutos pero finalmente su disparo no paso a mayores.	1
Suspiró de nuevo intentando deshacer el agobio que tenía atravesado en el pecho de la misma manera que se atraviesa la espina de un pescado.	1
Y sin embargo, cuando lo veían salir de la casa instigado por ellas mismas a tragarse tragar se el mundo, entonces eran ellas las que se quedaban con el terror de que el hombre no volviera nunca.	1
Es preciso reconocer los errores cometidos en los últimos años, desde el acuerdo de situar a la población afgana en el centro de las decisiones hasta la mejora de su seguridad y la creación de las bases que les aseguren unas mejores condiciones de vida.	1
Yo creo que somos capaces de hacerlo hacer lo; unidos podemos parar al virus mientras llega el momento de extirparlo de manera definitiva gracias a la vacuna.	1
En este sentido me gustaría volver a recordar que el Gobierno no va a eludir en ningún momento la responsabilidad que tiene en este intento de proteger la salud de los españoles.	0
Estas cuatro personas permanecen detenidas en estos momentos y no pararemos hasta que todos los responsables estén en manos de la Justicia y paguen por estos terribles asesinatos.	1
A pesar de esta visión quejica, en Estados Unidos los juicios contra manifestantes que han quemado banderas americanas se han resuelto a menudo con una sentencia ejemplar: la libertad de expresión garantiza el derecho a quemar la propia bandera.	1
Lo de ayer, es una alegría para mí y para toda la afición ', confesó el guardameta.	0
Si viajo a Barcelona alquilare otra vez con SOLMAR.	0
Vaya por delante que puede encontrarse encontrar se coherencia metodológica, de perspectiva o de talante humano.	0
Los reyes de la Baja Navarra tras la conquista del de el resto de Navarra fueron los siguientes:	0
En unas declaraciones a los periodistas antes de visitar la feria de arte Arco, Rato afirmó que, en contra de lo que sucedía durante la Presidencia de Felipe González, el Gobierno analiza todas las decisiones empresariales ' bajo el prisma de la ley y, especialmente, bajo el prisma de la defensa de la competencia '.	1
En relación con la autocrítica o con los elementos que tienen que ver con la comunicación.	0
Así y todo discrepo y lo traiciono muchas veces cada día.	0
Las grandes plantaciones comerciales tienen el potencial para causar efectos ambientales negativos de mucho alcance y magnitud.	0
La vida perdurable.	0
Los sueños son a veces explicados en pueblos como viajes realizados por el durmiente, o por animales u objetos de su entorno.	1
De aquella breve pero intensa experiencia Antonia extrajo conclusiones importantes, a saber: Que a Rafael le gustaba fumar puros.	1
Muy cuidadosa de su apariencia personal.	0
De esa y otras vacunas, como las de Sanofi-GSK, Johnson & Johnson o la compañía Moderna, en avanzado estado de pruebas, depende el horizonte para la superación definitiva de esta emergencia tan inédita como excepcional.	1
Hace años, antes de que subieran allí arriba, en diciembre no llovía.	0
El incumplimiento de esos compromisos sería penalizado con reducciones en el subsidio de desempleo, uno de los puntos esenciales que deberán concretarse concretar se el lunes.	0
Pero si lo llamo con el siseo español - bsss, - acude mejor.	0
En 1758, un gran ejército británico de más de 16.000 hombres atacó el Fuerte Carillon (Que pronto pasó a llamarse llamar se Fort Ticonderoga).	0
P.- Buenas tardes, ministros, mi nombre es Albert Calatraba de TV3.	0
O dicho de otra manera: si el Partido Popular dice no confiar en este Gobierno, como lo dice todos los días, ¿por qué está eligiendo un instrumento que es un instrumento en el que no se pronuncia el Congreso de los Diputados? ¿Por qué deja solo en manos del Gobierno la restricción de un derecho fundamental, según ellos posible en el marco constitucional?	1
El farmacéutico o boticario es el profesional de la salud experto en medicinas y fármacos, y en la utilización de los medicamentos con fines terapéuticos en el ser humano.	0
Las calles se llenaron hasta la bandera con un clamor unánime: sí a la libertad y no al terrorismo.	1
Una delegación de las Naciones Unidas inició hoy, sábado, una misión especial para examinar como erradicar del territorio egipcio los varios millones de minas que permanecen enterradas desde el final de la Segunda Guerra Mundial, publica el diario oficialista ' Al Ahram '.	1
Si hoy más de ochenta mil soldados de 47 países siguen allí, es por las mismas razones por las que fueron.	0
A partir del lunes las Comunidades Autónomas podrán hacer sus propuestas y seguiremos exactamente con el mismo procedimiento de cogobernanza: habrá un análisis técnico de las mismas que culminará en una reunión bilateral y en una decisión que daremos a conocer el viernes próximo.	0
Hay veces que el cuerpo nos engaña por el puro placer de engañarnos engañar nos.	0
Se dice que por primera vez se observaron en la ciudad de Magnesia del de el Meandro en Asia Menor, de ahí el término magnetismo.	0
La operación se produciría catorce meses después de que Phillips fuera comprada por el grupo francés de productos de lujo Louis Vuitton Moet-Hennessy (LVMH).	0
- Está bien - les dije con valeroso aplomo -.	0
Entre las muchas lindezas con las que se descolgó el edil, la más comentada fue la prohibición de besos, caricias y arrumacos entre las parejas que circulaban por la vía pública.	1
También escribió algunas fábulas, publicadas por la Diputación de Jaén en 1993 bajo el título de La buena simiente.	0
Pero finalmente ha decidido que la mayoría de japoneses consideran esa bandera como la nacional y eso hace que quemarla quemar la sea condenable.	0
Y le doy lectura a las conclusiones de este informe de legalidad, que dice así: ' A fecha de hoy es de todo punto prematuro considerar que los contratos de patrocinio controvertidos sean nulos de pleno derecho, cuando ni siquiera se ha planteado imputación en el seno de las diligencias previas que se siguen ante la jurisdicción penal, ni se ha detectado tampoco motivo de anulabilidad ni lesividad.	1
El incumplimiento de esos compromisos sería penalizado con reducciones en el subsidio de desempleo.	0
Estaba furibunda mientras Florentino Ariza la acompañaba a su casa.	0
Pregunta ahora la Redacción Médica.	0
Allí se han ido los dos, la persona y la imagen.	0
Un informante dijo más tarde que la mafia toleró el Maxi Proceso porque asumían que los condenados serían liberados silenciosamente una vez que la opinión pública hubiera perdido el interés por el proceso.	1
El gerente creo recordar que se llama Luis, es un experto peluquero, solo hay que ver como deja a los animales, además venden animales con la garantía de ser criadores de varias razas.	0
' La propuesta será la misma porque la zona no cambia y Ecuador en todos los partidos se presentó igual, lo único que puede cambiar será la actitud pero mi equipo cada día responde mejor ', indicó hoy a la prensa local.	1
Anna Marie es hija de Priscilla y Owen, dos jóvenes que vivían en una comunidad hippie.	0
El libro presentado hoy recoge de forma resumida un informe del Comité de Desarrollo Económico de EEUU, en el que se destaca la importancia de la investigación básica universitaria americana y propone mejorar la enseñanza para asegurar la provisión futura de científicos sobresalientes.	1
Para nada esto es un debate jurídico.	0
Lo único que los diferencia es su aptitud para percibir la luz.	0
Procede del de el cruce del de el buchón gorguero, con el buchón quebrado murciano y el buchón colitejo, un antiguo buchón marchenero más rústico que el actual.	0
Este documento, que ha tomado como referencia la Comunidad de Madrid, hace hincapié en que los retornos económicos de las inversiones en investigación básica son ' muy elevados ', y que ' el conocimiento básico tiende a ser explotado en innovaciones que producen sustanciales beneficios durante un largo periodo '.	0
Se trata del Partido Campesino Croata (HSS), el Partido Popular Croata (HNS), el Partido Liberal (LS) y la regionalista Asamblea Democrática Istriana (IDS), además de la Acción Socialdemócrata Croata (ASH).	0
Tanto la madre como la hija quieren - trabajar - por unos dólares.	0
El número de contratos registrados durante el pasado mes de mayo fue de 1.223.112, lo que supone un incremento de 93.980 sobre el mismo mes del año anterior y, de ese total, los indefinidos alcanzaron la cifra de 107.256, el 8,77 por ciento de todos los suscritos por medio del INEM.	1
De acuerdo con el Tratado de Niza, en vigor, a España le corresponderán 50 de los 736 eurodiputados.	0
Las hojas son alternas, elípticas, enteras, de 1-2 dm de longitud.	0
Quería saber si usted personalmente sabía de esas negociaciones y sabía del pacto y qué opinión le merecen reacciones de compañeros suyos de partido, como el señor García-Page o Lambán, criticando el acercamiento a Bildu.	1
Así en Majadahonda y Pozuelo los populares triplicaron los votos del PSOE.	0
Solo ahí hay que entender los acuerdos que se han alcanzado con las distintas formaciones políticas y no tiene más repercusión que esa, no tiene más alcance que ese.	1
Explicó que la puesta en marcha de las licencias de telefonía local vía radio va a suponer la competencia entre los seis operadores que han ganado los concursos.	0
Yo quiero decir, en primer lugar, que la acción de gobierno de la derogación de la reforma laboral se llama Estatuto de los Trabajadores.	0
Ahora que sabemos que no existe el éter en el espacio insondable debíamos cambiar el nombre a la eternidad.	1
Hay un barco que va desde Vancouver hasta Jamaica pasando por el canal de Panamá.	0
Ese tobogán de la comparación podría darnos dar nos muy bien la idea de feria que todo el relato tiene, chafarrinones, gentes distorsionadas, estridencias de algarabías.	0
La RGI, digo el de los vascos.	0
La unidad también de fuerzas políticas.	1
Respecto al reinicio de la actividad docente de clases en la comunidad autonoma del País Vasco el próximo lunes en el marco del Decreto de Alarma que aprobado hoy el Consejo de Ministros, con la luz verde del Congreso los Diputados, especifica, se reconoce que es una competencia autonómica y por tanto las comunidades autónomas, a partir de la Fase 2, deben de disponer como mejor estimen oportuno el reinicio, si es que procede,de esas actividades y naturalmente lo seguiremos con atención y también, si se nos pide ayuda y estaremos dispuestos a proporcionarla proporcionar la.	1
Con 1,91 metros de estatura, jugaba en la posición de base.	0
El coordinador de IU-LV-CA informó de que más del 90 por ciento del consumo corresponde a energías no renovables e importadas, lo que supone, según sus cifras, un gasto anual de medio billón de pesetas, y lamentó que España no explote más la energía solar, ' cuando países con menos luz diaria como Alemania u otros como Grecia tienen esta industria mucho más avanzada '.	1
De ahí ese constante fluir de noticias con un barniz científico y no demostradas.	1
¿Cada mochuelo a su olivo?	0
La plataforma semisumergible ' Regalia ' de Halliburton, que navega desde el pasado día 9 en dirección al lugar del naufragio, tiene previsto iniciar sus trabajos el 19 o el 20 de octubre.	0
Ni siquiera necesitaba despertador.	0
Solo se podrá circular en esa franja horaria por las causas justificadas establecidas en la norma, por ejemplo, adquirir medicamentos, cumplir las obligaciones laborales o profesionales, regresar al domicilio o cuidar a mayores o menores de edad.	1
En el curso de una breve vida, la sonrisa apenas consciente que afloró entonces a sus labios, tomó la taza de café con leche en una mano cansada y la sostuvo con cuidado mientras recorría el pasillo.	1
Es malestar, nazismo, ansia muda de revolución, crispación, venganza contra los padres y contra el sistema.	1
Suspiró y se abrió un poco de piernas, porque con los primeros calores llegaban también, como siempre, las escoceduras: los muslos le rebosaban por encima del encierro de las medias y formaban dos lorzas blancas que se empeñaban en entrechocar y estorbarse estorbar se mutuamente.	1
' Si ellos cambian de posición, nosotros no tenemos una posición bloqueada ', ha dicho.	0
Estamos en 368 casos por 100.000 habitantes.	0
La idea era conseguirlos conseguir los, pero no hay muchas formas.	0
El mes más frío es diciembre con una temperatura mínima media de 15,4 ° C y el mes más caliente es abril con una temperatura alta media de 32.8 ° C.	0
La subida en dos décimas de la tasa de paro en EEUU en mayo hasta el 4,1 por ciento reforzó la tendencia al alza de los últimos días de la moneda única, que llegó a tocar la barrera de los 0,95 dólares, aunque no pudo mantenerla mantener la.	1
La Asociación Rumiñahui comienza su andar en el año 1997 en Madrid, España.	1
' Por qué tienen miedo si dicen que tienen el apoyo de la gente.	0
La fachada principal, situada en la plaza del de el Arzobispo, es obra del de el siglo XVIII.	0
La Cruz Roja, por ejemplo, no se llama Red Cross en todas partes.	0
Gran parte de sus inversiones las pudo realizar gracias a las compras del de el señor Joseph Drysdale y los señores Duggan y Nelson.	0
Sin embargo, el que inclinará el fiel de la balanza respecto a Peres o Katsav - del partido de derechas Likud - será, como ocurre últimamente, la formación política ultrarreligiosa sefardí Shas, con 17 de los 120 diputados del Parlamento, y cuyos votantes están divididos respecto a los dos candidatos.	0
Además, una asistencia suya propició que Zinedine Zidane anotara uno de los mejores goles de la historia de la UEFA Champions League.	1
Por eso me alegro de que hoy la Fundación reconozca a toda la sociedad española su actitud, sus mensajes y su compromiso de entonces, que mantiene vivo ahora.	1
Por otro lado, y al a el haber muerto uno de los dos cónsules anuales, estando el otro fuera de Roma con su ejército, el dictador fue elegido en lugar de nominado.	0
T. S. Eliot lo explicaba así: - Creerse Creer se lo todo requiere una aplicación constante, y una especie de genio, y creerse creer se lo todo... a medida que pase el tiempo probablemente será cada vez más difícil -.	1
- - El mundo está lleno de barcos.	0
Respecto a la elección de plazas de los médicos internos residentes, que optan tras haber superado las pruebas correspondientes a su primer año de Formación Sanitaria Especializada, lógicamente no se ha podido hacer la elección presencial, como venía siendo casi ya una costumbre y un rito en el Ministerio de Sanidad, por las restricciones que hay a la movilidad en nuestro país.	1
Cumplido su sueño de ganar al Barcelona, Toni tiene por delante nuevos alicientes en esta temporada, como contribuir a permanecer en Primera, jugar la final de la Copa del Rey ante el Espanyol e ir a la Eurocopa, aunque sea como tercer portero.	0
Es justamente lo que nos está permitiendo salvar vidas y proteger la salud de los ciudadanos mientras encontramos un tratamiento eficaz, una vacuna, un remedio seguro para luchar definitivamente contra este virus.	1
En octubre de 1987 se le amplia el recorrido hasta Castellar - Oliveral en algunas expediciones, hasta que se crea la línea 14 en febrero de 1990.	0
El génova lo diseño y utilizó por primera vez en regata el navegante sueco Sven Salén (1890-1969) en su R - yacht de 6 m ' May - Be ', en una regata en Génova (Copa Tirreno).	0
Un decenio de cumbres iberoamericanas, que termina esta semana en Panamá, ha servido para lograr compromisos gubernamentales, llevar a cabo acciones sociales y promover intereses financieros.	0
El Komercni Banka tenía una plantilla de 13.487 empleados a fines de 1999, 470 fueron despedidos durante el primer trimestre del presente año y otros 170 funcionarios fueron trasladados a una filial.	0
El doctor Bhagat Ram, médico privado del depuesto primer ministro fiyiano, Mehnedra Chaudhry, dijo que varios de los rehenes llevaban días con molestias y les ha dado algo para que descansasen, según Radio Fiyi.	0
Dicen de nosotros que somos el grupo representativo del de el indie en Barcelona, y luego tocamos ante más de 25000 personas en un Low Cost o en un Sos Murcia.	0
Señor Pastor, estamos comprometidos y vamos a cumplir los acuerdos del Parlamento.	0
Los industriales y exportadores han coincidido hoy en que difícilmente se pueda afrontar otra crisis si Argentina entra en recesión.	1
En 1985 fue postulado por el PRI como candidado a gobernador, resultó electo y gobernó entre 1985 y 1991.	0
Primer indicador: es el número de casos detectados por cada 100.000 habitantes en los últimos 14 días.	0
Lo dijo al pasar, viendo un grabado de Fermina Daza disfrazada de pantera negra en un baile de máscaras, y no tuvo que mencionar a nadie para que Florentino Ariza supiera de quién hablaba.	0
- Ninguna posibilidad - respondió -.	0
Este artículo incorpora material del de el Diccionario enciclopédico popular ilustrado Salvat de 1906-1914, que se encuentra en el dominio público.	0
Es la primer Power Ballad de la banda.	0
Isomura apuntó que Pekín no tenía por qué ser la favorita, porque tanto Osaka como las demás tienen proyectos importantes y son grandes ciudades.	0
Se alimenta, formando bandadas con otras golondrinas, atrapando moscas y otros insectos al a el vuelo.	0
Presidente.- Como todos ustedes saben, el 12 de diciembre del pasado año se anunció que se iba a convocar un referéndum de autodeterminación y ese mismo día el Gobierno y yo mismo dijimos que eso no era posible porque vulneraba la Ley y la Constitución.	0
Popayán es una de las primeras diocesis erigidas en el nuevo mundo;	0
El tenista estadounidense Andre Agassi se alejó de la competición activa, pero sigue más involucrado que nunca en su campaña de recaudación de fondos para su organización benéfica de ayuda a los niños con la que también quiere ser un auténtico campeón.	1
Claro que en su época no había genios, como aquel baturro sordo, que pintó a la otra Cayetana, aquella gran española que andaba con más realeza y mejor porte que la propia reina sodomizada por Godoy.	0
En los casi nueve años que dura la misión se han alcanzado logros en materias relacionadas con la afirmación de los principios del Estado de Derecho, con la libertad de movimientos y con el acceso a servicios básicos; pero es preciso, a renglón seguido, reconocer que estos avances no son suficientes y que se han producido, además, hasta ahora, a un ritmo muy lento.	1
Pues mire en principio el criterio es permanecer 14 días en cada una de las fases para poder valorar justamente posibles consecuencias de las medidas que se adoptan en cada fase en la evolución epidémica.	0
Un moscón verde y a todas luces moribundo revoloteó torpemente en la penumbra.	0
Es una tarea que nos compete a todos.	0
Robert M. Latimer, (California, Estados Unidos, 14 de septiembre de 1934 -- 2 de enero de 1998) fue un químico nuclear estadounidense, codescubridor del de el elemento químico lawrencio (junto a Albert Ghiorso, Torbjørn Sikkeland y Almon E. Larsh).	0
Allí conoce a Fernanda, una linda joven alegre y bondadosa, y ambos se enamoran.	0
Estos cuatro niveles de riesgo o alerta para cada unidad territorial son, como saben ustedes, bajo, medio, alto o extremo.	1
Las redes internacionales mesoamericanas explican la evolución de las piezas producidas por los portadores de la cultura de Tlatilco, cuya cerámica da cuenta de las relaciones de la cuenca de México, primero con el Occidente de Mesoamérica y después con los olmecas.	0
La que tienen porque han sido legítimamente votados por los ciudadanos.	0
El 16 de agosto 1996, pasa a ocupar la Secretaria de Estado de las Fuerzas Armadas (Ministerio FFAA), luego de permanecer 6 años interrumpidos en la Jefatura de la Fuerza Aérea.	0
Y de ahí, su alma de chispera.	1
- - Ay - - suspiró, embelesada ante el esplendor de sus reliquias, sin saber cuál escoger primero.	0
En su misiva, Zarrías destaca que un acuerdo de 1997 indica que cuando una comunidad autónoma desee que el Reino de España demande a otro Estado miembro por incumplimiento de las obligaciones de los tratados, lo pondrá en conocimiento del presidente de la Comisión de Seguimiento motivando su petición.	0
Pero le echaba en falta.	0
En este contexto, vio ' difíciles ' las negociaciones para la renovación del Concierto Económico, que se deben abordar antes de que acabe el próximo año, y dijo que ' todos los gestos y pasos ' del PP evidencian una ' nula voluntad de transferir las materias pendientes recogidas en el Estatuto ' de Gernika.	1
El más importante de éstos, la muerte, sólo lo aceptamos en los demás.	0
Pues bien, aquel recuerdo sigue fresco en nuestra memoria.	1
En las localidades del denominado ' cinturón rojo ', el PSOE logró hoy la victoria en Fuenlabrada, Leganés y Getafe, aunque en este municipio por muy escaso margen de votos, mientras el PP ganó en Alcorcón, Móstoles y Pinto.	1
Las fuertes y constantes lluvias de las últimas horas en Medellín, afectaron 20 viviendas en el barrio Santo Domingo, del de el Nororiente de Medellín.	1
Ambos países critican, además, la postura de Egipto, que no ha firmado el protocolo de Otawa que prohíbe el uso de las minas antipersonales, y cuyo Gobierno utiliza para asegurar su frontera con Libia y Sudán.	0
Hemos hecho un esfuerzo extraordinario que supera los 138.000 millones de euros, con especial hincapié en todas las iniciativas que buscan evitar la destrucción de empleo y acompañar a nuestro tejido productivo de la mano del diálogo social.	1
Ayer, miércoles, sin embargo, Sotomayor afirmó que venía a los Juegos con el propósito de ganar una medalla, sea cual sea el color.	0
La exclusión fue confirmada por el Tribunal de Apelación de la Federación Española, pero ahora ha sido revocada.	0
- El alcohol provoca cirrosis?	0
La policía no se atrevía a entrar en las villas: eran lugares sin ley, territorios prohibidos.	0
Nada está aun firmado, pero el proyecto prevé también una profunda modificación del actual baremo de descuentos que reduce automáticamente - del 8 al 17 por ciento, según los casos - el monto del subsidio cada seis meses.	1
Gopets es una empresa de Korea así que gran parte de los jugadores hablarán alguna lengua asiática y el inglés.	0
En 1923 Vaernet se graduó en medicina junto con Fritz Clausen, más tarde un jefe del de el partido nacionalsocialista danés.	0
Y su pequeña hija Mariquiña lo miraba pensando: ¿Es posible que Dios sea tan friolero?	0
Las CCAA basarán su actuación por lo tanto, en estos indicadores y estos criterios que acordaron conjuntamente con el Ministerio de Sanidad, en el marco del Consejo interterritorial que acabo de enumerar.	1
Hace dos semanas miles de profesores en huelga bloquearon la céntrica Avenida Paulista y se enfrentaron con piedras y palos a un destacamento de la Policía Militar que intentó desalojar el lugar, dejando un saldo de 21 heridos.	0
El que golpea una papelera al pasar - 2.000 destruyeron en Madrid sólo el año pasado - es un insatisfecho, que siente la tentación del punching.	0
Ella le obedecía, aunque no sabía de dónde había sacado su hermano eso de que así no se pegaban, porque jamás le había visto friendo nada.	1
' Tampoco puede olvidarse olvidar se que el submarino se haya enclavado en lo que constituye territorio histórico de Andalucía, que una vez que vuelva a la soberanía española se integrará en la comunidad autónoma como territorio histórico conforme a lo dispuesto en el Estatuto de Autonomía ', agrega el consejero en su carta.	1
Por tanto quedémonos en casa todo lo que sea posible.	0
En ese escenario resulta esencial que la Unión Europea tenga una posición coordinada y firme.	1
El amarillismo es imparcial.	0
Ramacciotti afirmó que en la reunión extraordinaria celebrada hoy en Washington quedó ' totalmente desestimado ' que las elecciones celebradas en Perú el domingo puedan ser consideradas ' inválidas o nulas '.	0
Así se ha hecho, un análisis técnico profundo y riguroso de estas peticiones y hemos celebrado 19 reuniones bilaterales entre este miércoles y ayer jueves con todas y cada una de las Comunidades Autónomas y las ciudades autónomas de Ceuta y Melilla para valorar estos informes técnicos y compartir la decisión en el marco de este esfuerzo de cogobernanza, de este camino de cogobernanza que está guiando todo este proceso de desescalada.	1
Con el tema ' Iberoamérica y la situación internacional en una economía globalizada ', la Declaración de La Habana comprometió a los países firmantes a fortalecer el funcionamiento de sus instituciones democráticas, el pluralismo político, el Estado de Derecho y el respeto de los derechos humanos y las libertades fundamentales, incluido el derecho al desarrollo.	1
El secretario general de Confebask propuso incidir en la sensibilización de la población y modificar la orientación profesional de los jóvenes como vías de solución a la escasez de trabajadores.	1
La ley es importante, pero hay otras armas aún más eficaces contra el virus.	1
Están disponibles en SourceOECD, así como en muchos portales especializados.	1
En San Luis, Misuri, hizo una demostración sobre radiocomunicación en 1893.	0
No olvidemos, Señorías, que, tras la aprobación del Tratado de Lisboa, Afganistán se ha convertido en un punto de referencia en el marco del desarrollo de política europea de seguridad.	1
Supongo que no tengo que recordarles recordar les las escenas que hemos visto en el barrio madrileño de Salamanca y en muchas, muchas, otras partes del país ni tampoco del hecho de que va a haber más manifestaciones mañana; quisiera saber cuanto les preocupan estas manifestaciones y ¿crees que es una evidencia de un cierto malestar o indignación con respecto a su manejo de la pandemia, o es más bien un intento de parte de algunos grupos más que de partidos para aprovecharse aprovechar se un poco de la situación?	0
Davenport era una experta jinete, y llevaba cabo muchas de sus propias escenas peligrosas.	0
Los responsables del de el sitio web negaron a posteriori que dichos mensajes constituyeran amenazas contra los dibujantes, aunque ampliamente se percibió como tal.	1
Con ello protegerán no solo su salud sino la salud de todos y de todas.	0
El marco legal y constitucional está listo.	1
Cuando escribo esto la Madre Coraje peruana acaba de ser reventada por los senderistas.	1
' Los demócratas hemos sido compasivos durante décadas... No lean nuestros labios, miren nuestros actos ', señaló en referencia a la conocida frase de George Bush padre ' Lean mis labios, no más impuestos ', que finalmente no fue aplicada en la práctica.	1
Según el comunicado, los socios de CGO ' han celebrado un contrato de compraventa de acciones con ACESA ', ' a través del cual, quedará fijado el precio unitario final por acción '.	1
' Se llevó a cabo una reforma al marco legal del mercado de valores para proporcionar una mayor seguridad jurídica y transparencia a las operaciones, aunque también otros aspectos exógenos influyeron en el éxito ', señaló Croissier.	1
Recurrieron en busca de vecinos que puedan prestar al a el 1% mensual y a la venta de las chacras restantes.	0
La unidad en todo el continente europeo que está viéndose viendo se asolado por esta nueva ola del COVID-19.	1
Los loros que imitan nuestra habla y los macacos nuestras maneras nos ofenden porque hacen de nosotros parientes pobres.	0
Australia, actual campeona del torneo, intentará aprovechar su teórica ventaja en la hierba, en la que los luchadores jugadores brasileños, salvo el ' todoterreno ' Gustavo Kuerten, no se adaptan bien.	0
Por ello, antes de continuar, permítame, señor Presidente, que desde esta tribuna exprese mi reconocimiento a todos los hombres y mujeres, civiles y militares, que han prestado y prestan sus servicios y desarrollan sus labores en Afganistán, así como a todos aquellos que trabajan en nombre de España en otras partes del mundo, y que, en particular, aprovechemos esta ocasión para rendir juntos, de nuevo, homenaje a los 93 españoles que tristemente han perdido la vida en el marco de su participación en el contingente español en ese país, reiterando a sus familias nuestro sincero pesar por el profundo dolor que sienten por esas trágicas pérdidas.	1
Porque, si lo pensamos bien, nunca, nunca, una sola persona ha movilizado a tantos millones de españoles.	1
Es muy viejo y le falta algun que otro arreglo y mantenimiento.	0
' Si él, en el brillo del mejor Renacimiento, así lo creía, ¿por qué hoy no hemos de olvidarnos olvidar nos de las menudas miserias y ahincarnos ahincar nos en el estudio? '	1
A tal fin, aprobamos la Estrategia Reforzada de la Unión para Afganistán el pasado mes de octubre.	0
Una masa vegetal que, al a el secarse secar se con las elevadas temperaturas propias de los meses estivales, podría facilitar la propagación de las llamas en caso de incendio forestal.	0
Durante la presentación del libro ' La prosperidad por medio de la investigación. La investigación básica en EEUU ', editado por la Comunidad de Madrid, el secretario general de la Confederación Empresarial de Madrid-CEOE (CEIM), Alejandro Couceiro, abogó por la formación de los investigadores en temas de innovación tecnológica.	0
Y la segunda trampa que han puesto, en paralelo a ese discurso que dicen jurídico, por tanto parecería que estuvieran de acuerdo con seguir con el confinamiento o al menos con la salida ordenada, pero escucharon ustedes al señor Casado hablar de que teníamos a los ciudadanos encerrados o secuestrados, no sé exactamente qué expresión utilizó, que en este país no había libertades o que no estábamos, en este momento, fomentando las libertades.	1
La coordinadora de Participación y Acción Sectorial del PP, Ana Mato, pidió al Gobierno y a los agentes sociales que ' sigan profundizando en las medidas aprobadas en la pasada legislatura y que ahonden en las reformas que están creando empleo ', así como para reducir la temporalidad y luchar contra la siniestralidad laboral.	1
Music Box (conocida en España como La caja de música y en Argentina como Mucho más que un crimen) es una película estadounidense de 1989, del de el género drama, dirigida por Costa - Gavras, con un guion escrito por Joe Eszterhas.	0
Secretario de Estado de Comunicación Es el turno de la Televisión del Principado de Asturias.	0
La semana pasada el Departamento de Justicia y los gobiernos de 17 de los 19 estados que demandaron a Microsoft en 1998 presentaron al juez una versión ajustada de sus propuestas de solución judicial, entre las que figura la división de la firma en dos compañías.	0
Dicen que cuando preguntaron a Henry Ford en qué colores fabricaría el automóvil Ford modelo T - el primero, el revolucionario -, Ford contestó que en cualquier color mientras fuese negro.	0
Lo que esta claro que, si sigue así, el míster no será bien recibido en ningún estadio.	1
Poder hacer una prueba diagnóstica en un margen de 24 horas, proceder al aislamiento en caso de que el diagnóstico sea positivo.	0
Precisó que el mayor número de indocumentados deportados en la zona sureste se realiza a través de los puntos fronterizos de Chiapas, en las ciudades de Talismán, Hidalgo y Cuauhtémoc.	0
En el episodio, la madre de Phineas y Ferb finalmente descubre lo que sus hijos hacen mientras ella no está... pero todo termina siendo un sueño de Perry de Candace.	0
La refrescante imagen jovial y espontánea de Stjepan Mesic, que contrasta con la seria y formal del difunto jefe del Estado Franjo Tudjman, puede dar la victoria a este jurista de 65 años en las elecciones presidenciales del 24 de enero en Croacia.	1
El Inter de Milan, Juventus y la Roma son tres de los clubes interesados en el fichaje de Osvaldo, delantero del de el Espanyol que podría acabar jugando en Italia que es la última interesada en uno de los mejores delanteros de la Liga BBVA debido a que anotó más de 14 goles en su última temporada, la 2011 / 2012.	1
Cristiano Ronaldo no podrá jugar contra el Deportivo, por lo que se perderá uno de los partidos más importantes de la Liga BBVA en la próxima jornada (Jornada 20).	0
Club Franciscain abandonó el torneo por su participación en la Copa de Francia.	0
La gente se lo deja crecer para suplir una carencia pero, en definitiva esa carencia es siempre imaginaria.	0
De los seis candidatos que buscan la presidencia de México, solamente el oficialista Francisco Labastida, y el conservador Vicente Fox, de la Alianza por el Cambio, tienen mayores posibilidades de ganar las elecciones, según la mayoría de los sondeos de opinión difundidos en los últimos dos meses.	0
HTC también es propietaria de Dopod como una empresa filial.	0
¿Está comprometida la legislatura una vez que parece que están perdiendo el apoyo de los partidos que hicieron posible la investidura del señor Sánchez?	0
En los últimos 14 días nuestro país registra una incidencia acumulada de casi 362 por cada 100.000 habitantes.	0
' Hoy el Gobierno defiende los intereses generales, defiende los intereses de los consumidores y garantiza que la ley se aplica a todos y, desde luego, los intermediarios y las Filesas han desaparecido de la vida económica y política española.	0
Según proyecciones de Chilevid, comparando el comportamiento de los últimos cuatro años en el año 2000 se debería alcanzar los 600 millones de dólares de exportación.	0
Según aquella comisión, en ese país el empleo de la mano de obra forzosa es una ' práctica sistemática que ignora por completo la dignidad humana, la seguridad y la salud de la población '.	0
En todo ese contexto es evidente que es necesaria la cooperación de todos los países de la región, en especial, del vecino Pakistán, que también padece el terrorismo extremista de los talibán y de Al Qaeda.	1
Claro que el disparate es contemplar aquella realidad con la fría lógica del adormecido burgués cuando lo que hay que hacer es detener los rayos disparados desde el perfil de las aristas y no mirar las figuras que la hoja de papel tenía impresas.	1
Hasta ahora, Rayo y Deportivo se habían enfrentado ocho veces en Primera División, con un saldo de tres victorias del conjunto coruñés y cinco empates.	0
La canción se ganó la infamia de ser la canción húngara del de el suicidio, ya que, según una leyenda urbana, esta canción inspiró una serie de suicidios reales de personas que la escuchaban (aunque hay que aclarar no hay ningún dato que avale la citada leyenda ni referencia alguna en prensa o cualquier otra publicación de la época).	1
' Mi objetivo es trabajar día a día.	0
Digo muchas cosas en las páginas siguientes y en primera persona.	0
Yo creo que todo el mundo y todos los españoles conocen las diferencias abismales que, en concreto mi formación política, también Unidas Podemos, pero en concreto mi formación política el PSOE tiene con Bildu.	1
Comenzaré mi exposición con una breve reseña de los fundamentos, de las razones, de nuestra presencia en Afganistán; tras esto, les explicaré las labores que España está realizando ahora allí y, por último, trazaré los escenarios que se plantean en el futuro de cara a dar por culminada nuestra misión en ese país.	1
Tan ensimismados estábamos mirándonos mirando nos el ombligo de esta piel de toro que no nos dimos cuenta de que el resto del mundo tenía los ojos puestos en el país vecino.	1
Según Morales, la traslación al registro del INEM del incremento de población activa detectado para Canarias en la Encuesta de Población Activa del primer trimestre del año y la finalización de la zafra agrícola es lo que ha producido un importante incremento del desempleo.	0
La empresa Transportes Aéreos Centroamericanos (TACA) fue multada hoy con 1.000 lempiras (669 dólares), porque ' ha volado por un espacio de diez días con un permiso provisional para operar ', dijo el funcionario a radios locales.	1
- - Antes de llegar aquí pasé por Curaçao y tenían un sol espléndido.	0
Tan creativa que intentaré solucionarle solucionar le al Mendicutti el problema del nombre de ese hijo que acaba de tener, digamos, por poderes.	0
Para sus vecinos, fue un concejal comprometido con Ermua y un ciudadano ejemplar.	0
Gracias a su victoria en Zaragoza (0-1), con un gol de penalti de Raúl, asciende al segundo puesto y adelanta a su eterno rival, el FC Barcelona, que sucumbió en terreno del Oviedo (3-0).	1
Según el cine europeo de los 60, Cortina d'Ampezzo era el no va más del après-ski y el vacile, el lugar idóneo para que Capucine luciese la nariz.	1
' El rey y el país con granos ' es un puro esperpento, pero no porque el héroe se haya enfrentado a un espejo deformante, sino porque el escritor va haciendo guiar un berilo clarísimo sobre una página de la historia y lo que resulta es una infinita sarta de coherentes absurdos, como si un diablillo enredador hiciera mofa de todos los principios solemnes y nos regalara con el puro disparate.	1
Desayunaba con un par de entrevistas intrascendentes y se enteraba en la RAI (y en italiano) del episodio de Santa Bárbara que dos horas más tarde emite TVE, lo que le daba la oportunidad de fardar con sus compañeros de trabajo sobre las peripecias inéditas que veían en el bar tomándose tomando se el segundo desayuno.	0
Gracias al trabajo desarrollado durante estos años, se ha mejorado la gestión del agua y de los recursos naturales, se han construido infraestructuras y se ha puesto en marcha un Programa de Protección de Cultivos contra las Plagas.	0
En 1978, el Código de Aguas designó al a el Gobierno de Uruguay como responsable del de el diseño y la implementación de una política nacional de recursos hídricos.	0
Toda nuestra solidaridad.	0
En este sentido, instó a empresarios, sindicatos y administraciones a ' cumplir la ley ' de prevención de riesgos en el trabajo ya que, a su juicio, ' no vamos bien en lo que respecta a la siniestralidad '.	0
Después llegaron los ministerios de Asuntos Exteriores, las Naciones Unidas y, finalmente, las ONGs, que no son las últimas criaturas espaciales inventadas por Spielberg, sino las Organizaciones No Gubernamentales.	0
El Partido Popular alcanzó la mayoría absoluta en Madrid y obtuvo 19 diputados, dos más que en 1996, con el 52,52 por ciento de los sufragios y 1.610.000 votos (al 99,83% escrutado), lo que supone el mejor resultado del partido en Madrid desde la instauración de la democracia.	0
- - Todo empezó desde que subieron allí arriba.	0
Esto permitirá al banco sanear su portafolio, que es condición básica para continuar en su privatización.	1
Pues bien, los territorios que progresan de fase son los que les voy a anunciar a continuación: Progresan a Fase 1 todas las provincias de Castilla y León, las nueve provincias de Castilla y León: Ávila, Segovia, Soria, Burgos, Palencia, León, Zamora, Salamanca y Valladolid.	0
Está por ver.	0
El delantero inglés no tiene sitio en el Manchester United y puede venirle muy bien al a el Schalke 04.	0
Pero puede que también a esta altura del camino para algunos este tramo se haga cuesta arriba y seguro que otros están viviéndolo viviendo lo ya con un cierto agobio en relación con todos los días que llevamos vividos.	1
A partir de hoy, festividad de la Ascensión, Día del Padre en Alemania y Día Internacional del niño, la capital comienza a llenarse llenar se de turistas que aprovechan el ' puente ' para acudir a alguno de los múltiples acontecimientos que ofrecerá la ciudad.	0
Hasta el momento un total de 6 equipos diferentes han logrado alzarse alzar se con el triunfo en esta competición desde que fuera organizada en el año 2006, uno distinto en cada edición, siendo el FK Berane el que más ascensos a Primera División posee en su historial.	1
Entre las trece posibilidades avanzadas en estos meses por el Gobierno y la Armada se incluían un accidente fortuito, una negligencia y un posible sabotaje que en su día se atribuyeron los separatistas chechenes.	1
Algunos de los jóvenes se convirtieron en patriarcas venerables con tanta premura, que nadie se explicaba cómo habían tenido tiempo de envejecer.	0
Volveremos a tender la mano a todos, ofreciendo nuestra lealtad institucional y nuestro diálogo para llegar a acuerdos con los diferentes grupos políticos, con las instituciones y con los agentes sociales.	1
Pero ninguna de estas palabras o expresiones es Mondeo exactamente.	0
Lo dije, y así lo estamos haciendo, estamos mejorando la gestión y actuando con transparencia, y la prueba está en manos de este Parlamento, al que hemos remitido toda la documentación correspondiente a los nueve primeros meses del año.	1
En los campos es pitado, odiado y también le quieren mucho, sobre todo en el Santiago Bernabéu, campo donde juega partido sí partido no.	0
Este pasado viernes me referí al importante acuerdo del Consejo Interterritorial del Sistema Nacional de Salud.	0
Al igual que nuestro país, toda Europa ya está tomando medidas para limitar la movilidad y, también, los contactos personales que son las razones de mayor contagio, como hemos aprendido durante estos últimos meses.	0
Germán de Granda tiene una parte de razón, pero no toda.	0
La delegación de la ONU tiene previsto visitar la región en los próximos días para evaluar, sobre el terreno, las posibilidades y medios necesarios para limpiar la zona.	1
El duro golpe recibido con el descubrimiento que su madre y hermana mayor sufrían de cáncer de mama, afectó a su rendimiento deportivo, incluida la ausencia de los Juegos Olímpicos de Sydney, donde esperaba defender la medalla de oro conseguida en Atlanta'96, pero en absoluto le han quitado la ilusión de seguir en la competición activa.	1
Según un acuerdo preliminar entre el Gobierno y el grupo insurgente, dicha área debe crearse crear se en el territorio de las poblaciones de San Pablo y Cantagallo, en el departamento de Bolívar, y Yondó, en el de Antioquia.	0
Mi guía iba evitando, precisamente, los lugares más poblados: avanzábamos por las callejas solitarias, huyendo de la gente, porque te podían rajar en mitad de una muchedumbre sin que nadie hiciera nada.	0
Como la vacuna requiere dos dosis, estaríamos hablando de más 15 millones coma 5, de 15,5 millones de inmunizaciones.	0
La que nos enseñaban en la escuela era blanca con un círculo rojo en el centro.	0
Toni, quien volvió a ser titular en la portería del Atlético de Madrid, expresó a Efe su satisfacción por la goleada (3-0) lograda ayer frente al conjunto azulgrana en el partido de ida de la semifinal de la Copa del Rey jugado en el estadio Vicente Calderón, donde se guardó un minuto de silencio en memoria del reciente fallecimiento de su padre.	1
En su campaña por toda Croacia, que realiza de forma improvisada recorriendo el país en un automóvil prestado, Mesic promete ' el establecimiento del Estado de Derecho, la opción europea y la entrada de capital extranjero para activar nuestros recursos '.	1
Las que huyeron por las restantes bocas del de el Paraná fueron rápidamente capturadas.	0
Seguimos allí para evitar que el terrorismo extremista vuelva a adueñarse adueñar se de Afganistán y seguiremos allí para evitar que ese terror sacuda de nuevo a nuestros pueblos, porque el terrorismo es hoy un fenómeno global que se extiende más allá de cualquier región.	1
¡Tan lindos, tan pequeños, tan queridos!	0
Señor consejero, le agradecería que comparta con nosotros los resultados del sistema de justicia juvenil en Euskadi.	0
El álbum alcanzó una pequeña popularidad, lanzando solo dos singles: ' Hurt You So Bad ' y ' Drowning '.	1
El apoyo del Partido Socialista fue inequívoco porque se trataba de una intervención legal, consensuada y justa.	0
Entre tanto lo que tenemos de nuestro lado o lo que tenemos a nuestro lado o mejor dicho, es al Partido Popular, principal partido de la oposición, que está en la España del ' no ', que ha dimitido claramente de sus obligaciones como partido con vocación de gobierno y que en este momento sólo le interesa hacer ruido.	1
La ' guerra ' de palabras ha entretenido a muchos mexicanos, mientras que otros exigen que en vez de insultarse insultar se, profundicen en sus programas de gobierno en caso de ganar la presidencia.	1
La FAI inicialmente no reconoció el logro porque no fue en la Tierra, pero más tarde reconoció que Gagarin fue el primer humano en volar al a el espacio.	0
Vamos a tener que desplegar un enorme ejercicio de resistencia, de disciplina social, de moral de victoria, pero, a mí no me cabe duda, de que al igual que lo logramos en la primera ola, lo vamos a lograr en esta segunda ola.	1
Lucharon primero en la Batalla del de el Jarama en febrero de 1937, sufriendo una gran cantidad de bajas.	0
De pronto se acentuó la claridad ambiental y un rayo de sol le bañó el rostro con un calor rubio.	1
El relato más completo lo proporciona Plutarco, según el cual los persas habían echado anclas en la desembocadura del de el Eurimedonte esperando la llegada de 80 naves fenicias procedentes de Chipre.	0
El Gobierno de De La Rúa, que asumió el pasado 10 de diciembre, heredó el conflicto del gabinete anterior, presidido por Carlos Menem, que hizo caso omiso a las recomendaciones de la Comisión Interamericana de Derechos Humanos.	1
Plinio el Viejo en su ' Historia Natural ' los menciona junto con Moisés como magos de la antigüedad, la cita de Plinio también es mencionada por Apuleyo.	0
Confesó que ha atendido asuntos internacionales, como ' una conversación con el secretario general de la Organización de Estados Americanos (OEA), César Gaviria evaluando la pretensión de EEUU de sancionar a Perú por el triunfo de Alberto Fujimori, que nosotros combatimos ', y también con el conflicto planteado con Guayana, que produjo una protesta de la Cancillería de Caracas por la instalación de una base espacial en un territorio reclamado por Venezuela.	1
Pero como a Antonia le repugnaba un poco dejar las sartenes aceitosas, de vez en cuando se permitía una brizna de rebeldía fraternal y las frotaba y refrotaba bien con detergente hasta hacer saltar las ronchas de frituras.	1
El diario deportivo indica que hace un guiño al a el club blanco y esto no es nada factible por el momento.	0
Cantando en español, Joan Báez grabó dos versiones de ' Gracias a la vida ' de la chilena Violeta Parra, una como solista en 1974 en su disco ' Gracias a la vida · y otra con la cantante folklórica argentina Mercedes Sosa, con la que realizó muchas giras por Europa y a la que la unía una gran amistad.	1
Además, subrayó la necesidad de fomentar la formación ocupacional y, si esta tendencia sigue, recurrir a la política de inmigración ' en un buen número de casos ' para evitar el ' estrangulamiento del crecimiento de ciertas empresas y la generación de nuevos puestos de trabajo '.	1
Porque el inglés - - el latín de nuestros días -, según los amantes de la tortilla recalentada - debe ser un idioma que no rompe los ecosistemas lingüísticos.	1
En los pequeños pueblos el voto mayoritario también tuvo color popular como en La Hiruela el más pequeño de la región, con 28 electores, de los cuales más del 63 por ciento dio su confianza al PP o en La Acebeda donde casi el 90 por ciento de sus 56 electores votó al Partido Popular.	1
Se trataba, más bien, de un profeta apocalíptico.	0
En segundo lugar, decirle decir le que nuestro programa de Gobierno es público.	0
La elección de ambos será sometida a la junta de accionistas que la eléctrica ha convocado para el próximo 26 de marzo.	0
Desde que subieron allí arriba, el invierno es verano y el verano es invierno.	0
' Si queremos que haya un futuro lleno de esperanza, entonces los niños son la base '.	1
El consejero de Agricultura y Medio Ambiente de Castilla-La Mancha, Alejandro Alonso, acusó hoy al ex presidente del Fondo Español de Garantía Agraria, Nicolás López de Coca, de pretender reactivar el asunto del lino.	0
Y por último, para el ministro Illa, una cuestión que me trasladan los compañeros de deportes.	1
Me acompañaba un muchacho que había logrado la proeza de escaparse escapar se del barrio; su familia seguía viviendo allí, pero él había conseguido un trabajo y una cama en la ciudad.	0
La lista al Senado la componen el sindicalista y responsable federal de Movimiento Obrero del PCE, Francisco Javier Alcazar, el miembro de Ecologistas en Acción Juan Antonio Conesa, y la abogada Francisca Pinos Montoya, estos dos últimos independientes.	0
Nos hemos guiado siempre por una máxima: que cada paso que demos sea un paso seguro y esta máxima es la que nos ha llevado a esta situación y la que vamos a seguir aplicando hasta el final del proceso de desescalada.	1
Ramacciotti afirmó que hoy ' hemos apreciado que no se va a aceptar injerencias de carácter externo '.	0
- El tabaco mata?	0
Aparte de que sea la tela colgante con que se cubre una puerta o ventana, Cortina se refiere sobre todo a Cortina d'Ampezzo (Los anglófonos tienden a cortar las segundas partes de los topónimos compuestos: Rio por Rio de Janeiro, Cortina por Cortina d'Ampezzo...).	1
Portavoz.- Muchas gracias Cristina.	0
Todos ellos se han dedicado a legislar, reglamentar y coordinar, y el resultado es que ahora resulta dificilísimo hacer caridad.	0
Para entendernos entender nos, diríamos esperpentos.	0
Los jóvenes escritores de ahora andan ramoneando por el bosque de los ramones: Valle Inclán, Pérez de Ayala, Gómez de la Serna y tal vez yo mismo.	0
La quiebra del Fondo Nacional de Inversores, mayor fondo mutuo privado, que desencadenó el pánico la semana pasada a 300.000 personas, fue seguida por intentos desestabilizadores en el Banco Comercial Rumano (BCR), el mayor del Estado, y en el CEC, entidad en la que seis millones de rumanos colocaron sus ahorros.	1
El precio medio por litro también experimentó un alza, desde 2,1 dólares a 2,2 dólares.	0
Esta opinión fue corroborada por el presidente de Pimec-Sefes, Josep González, quien subrayó que esta falta de mano de obra, tanto cualificada como no, comenzó en las comarcas de Lérida pero ya ha llegado a todas las provincias catalanas.	1
El director del Departamento del Medio Ambiente de esta ciudad, Manuel Herrera, dijo a los periodistas que las obligaciones en favor de la ecología por parte de la empresa fueron confirmadas en 1995.	0
Naturalmente, este objetivo de imposición de la paz tiene sentido cuando la paz no existe, es decir, en un escenario caracterizado por la violencia y el conflicto.	1
Fuentes políticas israelíes indicaron que Barak se quejará ante Clinton de la actitud que mantiene en las negociaciones el líder palestino, Yasser Arafat, a quien Israel culpa del bloqueo, en parte por aumentar sus exigencias tras la retirada israelí del Líbano.	0
En relación justamente con que no condene esos ataques a una de las personas que, de forma libre, se presenta a las elecciones en el País Vasco, que representa, ni más ni menos, que toda la cultura del socialismo y todo lo que ha sufrido el socialismo en el País Vasco para luchar contra el terrorismo que derrotó esta democracia y por tanto creo que pone muy bien en relación que una cuestión es preservar la salud de los ciudadanos y otra cuestión distinta es tener sintonía con formaciones políticas que no condenan este tipo de situaciones.Decirle.Decir le también que para el conjunto de las personas que hacen ataques a la viviendas de los ministros, de cualquier servidor público, sea del color político que sea, nuestra condena.	1
Los croatas parecen preferir a Mesic, a pesar de que Budisa ha sido propuesto por la coalición del centro-izquierda de ' los Seis ' partidos que ganaron los comicios parlamentarios del pasado día 3 y es líder del Partido Socioliberal Croata (HSLS).	0
De ahí que la limitación de la circulación de las personas sea clave para poder luchar contra esta enfermedad.	1
El presidente de la Comisión del Mercado de las Telecomunicaciones mostró su preocupación por la falta de competencia en todo el mundo en la telefonía local, como consecuencia de que la liberalización de las telecomunicaciones se ha hecho por principios jurídicos y no técnicos y que hay que ' hay que abrir este mercado como sea '.	1
En el 62 ° Festival Internacional de Cine de Berlín su primer documental Escuela Normal ganó la mención especial del de el Premio Caligari, que da un jurado independiente a la mejor película de la exigente sección Fórum.	0
A los 18 años accede a la casa de alta costura Santa Eulàlia de Barcelona, donde trabaja durante cuatro años y donde empieza su carrera como maniquí profesional desfilando para los más reconocidos modistos de alta costura y confección en España.	1
- - Son tan raros, los hombres.	0
' Avanzamos en cuanto a las relaciones bilaterales con Guyana.	1
Los soldados españoles están dando protección a la población civil, evitando nuevas víctimas, al tiempo que intensifican el entrenamiento y formación del Ejército y la policía afganos, para que sean capaces de hacer frente a la insurgencia.	0
Lo he dicho otras veces y hoy lo repito: sois un referente para la inmensa mayoría de la sociedad española, sois la cima moral de nuestra democracia, mantuvisteis la cabeza bien alta en momentos en que mucha gente hubiera bajado los brazos y respondisteis a cada zarpazo con una determinación más firme.	1
Sin embargo, cuando Andrea descubre que el Ciudadano V es en secreto el Barón Helmut Zemo, él la mata para evitar que le diga a alguien la verdad.	0
En 1976 hay un programa conmemorativo de sus bodas de plata.	0
A diferencia de otras organizaciones internacionales más sensibleras que, por respeto - dicen -, traducen su nombre allá donde van.	0
Pero como he visto a estudiantes, chicos y chicas, destrozar papeleras y hacer fuego, creo que tiene que haber algo más.	0
Pido a todos los partidos políticos que apoyen el Estado de Alarma.	0
Acuerdos que tienen que tener como objetivo la seguridad sanitaria y la reconstrucción social y económica del país.	1
La anchura de las playas varía entre los 5 y los 15 m.	0
Cristóbal Colón descubrió estas islas en su segundo viaje a América, llamando a la mayor San Cristóbal en honor al a el legendario mártir y Nieves a la segunda por el ampo de su cumbre (causado en realidad por las nubes).	0
Pero tras cuatro horas de reunión en la sede de la empresa Rubin, que diseñó el submarino, la principal conclusión de la comisión fue que no hay conclusiones definitivas.	0
Stet International Netherlands (SIN), que pertenece al grupo italiano Telecom Italia, es una empresa que presta servicios de telecomunicaciones.	0
Mesic argumenta que, de ser elegido él, Croacia evitará repetir el error de hace diez años, puesto que impedirá que la misma agrupación política controle simultáneamente el Parlamento, el Gobierno y la Presidencia, como ocurrió con la HDZ de Tudjman y como intenta el SDP-HSLS.	0
Que ella podría hacerle hacer le muy feliz y rodearle rodear le del cariño que nadie le había dado.	1
Mladénov fue ministro de Asuntos Exteriores del Gobierno comunista de Bulgaria desde 1971, y en 1989 encabezó el grupo de miembros del Partido Comunista que acabó derrocando a su líder, Todor Yívkov.	1
El Bósforo comunica mi infancia con mi muerte.	1
El supervillano de las historietas DC, Monocle, es un óptico que crea un monóculo que puede emitir rayos destructivos, de ahí el motivo de su nombre.	0
Este trabajo fue compuesto por Ban Biao, Ban Gu, and Ban Zhao.	0
En la misma fecha publica también una versión revisada de su Constitución de 1906 de la O.T.O., incluyendo una ' Sinopsis de los Grados ' y un resumen del de el Mensaje del de el Maestro Thérion en el apéndice.	0
El Colegio de Médicos de Madrid ha dicho incluso que no es conveniente.	0
Tratando de documentar sus recuerdos, volvió a hojear los álbumes de los Juegos Florales mientras Sara Noriega preparaba algo de comer.	1
En La Coruña, José Carrillo, secretario general de UGT de la provincia y miembro del comité de empresa de Santa Bárbara, expresó su temor ante la posibilidad de que la venta encubra una operación especulativa '.	0
Clinton será el primero en llegar, puesto que además de participar en la cumbre, celebrará varias reuniones bilaterales, entre ellas con el canciller, Gerhard Schroeder y su antecesor, Helmut Kohl.	0
Hasta allí llegaban jóvenes de todas las facultades y escuelas universitarias, era donde se congregaba el mayor número de mujeres por metro cuadrado de toda la Complutense.	0
Con los yanquis de la Trinidad las muchachas se han quedado turulatas.	0
Aparece sobre todo en los estribillos de canciones de tradición oral.	0
En 2003, la marca desapareció para formar parte de Helados Nestlé, aunque muchos de sus productos originales continúan en la oferta del de el nuevo grupo.	0
Tal vez la región mas montañosa del de el estado, cuyas montañas son ricas en minerales, tiene cerros como el del de el Águila en el municipio de Tlahuiltepa, los del de el Santo Roa y del de el Agua Fría en la vecindad del de el municipio de Molango, o esa magnifica chimenea volcánica que nombran la Aguja de Calnali.	0
Un segundo debate se celebró el pasado 26 de mayo pero únicamente con la participación de Labastida, Fox y Cárdenas.	0
Estamos estudiando las observaciones que nos hacen llegar distintos estudiantes, también de las Comunidades Autónomas, pero parece difícil optar por otro procedimiento que no sea el de la elección telemática.	1
Hemos apelado a su responsabilidad.	0
Después dijeron que no, que no sólo no era pariente de la tal señora sino que había vivido 5.000 años atrás.	0
De los preamplificadores las señales se enrrutan a los procesadores, donde se realizaran las correcciones de gamma, detalle, masking, pedestal, flare, ganancias, clipeos y limitadores.	0
Desde el día uno de diciembre, los supervisores regionales tendrán derecho a ordenar la clausura de las instalaciones que no cumplan las normas, e incluso el ' cierre inmediato ' si las circunstancias son de ' gran inseguridad ' para los trabajadores.	0
Este doblaje es usado y distribuido en todos los países de habla hispana.	0
Mori sucedió a Obuchi tras haber sufrido éste una embolia cerebral a comienzos del pasado mes abril que le causó la muerte el 14 de mayo.	0
Los neonatos tienen que tener la oportunidad de convertirse convertir se, gracias a sus nombres, en mémoris ambulantes de los avatares de la Historia.	0
' Las poblaciones locales o aledañas al a el recurso natural, no reciben los recursos económicos adecuados o muy pocos.	0
Los trabajos publicados en Darwiniana pertenecen a alguna de las siguientes categorías: Arqueobotánica y Etnobotánica, Estructura y Desarrollo, Biología Reproductiva, Ecología y Fitogeografía, Genética, Sistemática y Taxonomía de Plantas Avasculares y Sistemática y Taxonomía de Plantas Vasculares.	0
Como también es imposible pensar en que Mendoza le pueda ganar a Inglaterra, como había pasado ese año '.	0
Portavoz.- Sí, decirle decir le que yo creo que la convocatoria de estas mismas manifestaciones son el principal ejemplo de que este es un país de derecho, es un país de libertades y que el Estado de Alarma lo único que restringe es la libertad de movimiento y la libertad de reunión.	0
Por parte de los militares, los negociadores de Binimarama pondrán sobre la mesa el tema de los rehenes y cuándo tendrá lugar su liberación.	0
Se le ocurrió leer la ' Guerra de Troya ', de George Grote, y de allí se fue al ' Dictionaire historique et critique ', de Pierre Bayle (1697); se dio cuenta que, ante tanta erudición, hacía falta mucho valor para escribir sobre Elena de Troya, pues los investigadores no aceptarían fácilmente un trabajo trivial.	0
Quejas de todo tipo se han presentado a las autoridades en relación con las multas por exceso de velocidad.	0
Desde el inicio de esta crisis hemos sido muy claros en relación con que la movilidad era y es la principal arma, el principal vector de transmisión del virus.	1
Si vemos que hay cosas que vayan contra la legislación, tendremos que recurrir, como en muchas ocasiones recurren otros Gobiernos o recurren los ciudadanos.	1
Porque los viejos van atravesando fronteras de decadencia, lindes de deterioro irreversibles; y atrás va quedando la vida, como tierra quemada.	1
Me cobraron 108 € del de el deposito de gasolina, me han devuelto 60 después de un viaje de 160km, sale, que el coche consume unos 25litros/100km.	1
Yo creo que el señor González es, simplemente, rehén de su tiempo ', dijo.	1
Hasta el hotel era umbrío, construido en la confianza del sol inagotable, agravadas sus tinieblas por el trabajo al ralentí del personal en huelga, sospechosos los huevos, el bacon, las ensaladas de frutas, los copos de avena, la melaza, la mantequilla de ser una foto rancia de tiempos normales, aquellos tiempos de camareros felices, ahora arqueología de desayuno buffet libre para clientes recelosos de un servicio con reivindicaciones sociales.	1
En el Consejo de Europa se viene diciendo también que conviene reducir al máximo la utilización de medios cerrados para dar respuestas a los jóvenes infractores.	1
La realidad es que esta aritmética parlamentaria en la que vivimos y que necesita altura política necesita consenso de todo, no encuentra, a veces, en ese entorno, ese ámbito para poder ejercer cada uno su responsabilidad.	1
En 1990, agregó, las tasas de interés se situaban en el 15,15 por ciento, con un nivel de inflación real del 5,8 por ciento, lo que empujaba a los inversores a canalizar el ahorro hacia instrumentos bancarios y de renta pública.	1
El de hoy es un día de emociones, y también de agradecimientos.	0
¿No hay otra playa en esta isla?	0
Pues se equivoca.	0
Nuestra propuesta, a partir del martes, que tendrá que ser debatida y en su caso aprobada por las Cortes Generales, será extender el Estado de Alarma durante 6 meses.	1
En 1947 el ingeniero Luis Bejarano Murga fundó la empresa Lube - Nsu en Luchana (Baracaldo).	0
El pasado 6 de noviembre, el gobierno de Estados Unidos felicitó al de Costa Rica, por el arresto cinco días antes de la presunta traficante de personas Gloria Niño Canales, quien afronta cargos de corrupción y falsificación de documentos, agrega.	0
A su muerte, ocurrida en el año 1289, el Obispo de Lérida Jaime Sarroca recibió sepultura en la Capilla del de el Santo Sepulcro del de el Monasterio de Poblet, en el que había fallecido.	0
El presidente argentino anunció el pasado lunes un nuevo paquete de medidas destinadas a bajar el gasto público, que implica una reducción de entre el 12 y el 15 por ciento de los salarios de los empleados públicos.	1
El canto décimotercero del de el Paraíso de la La Divina Comedia de Dante Alighieri se desarrolla en el cielo del de el Sol, donde se encuentran los espíritus sabios.	0
En el asilo, Fatone se continúa golpeandose golpeando se en el rostro.	0
Mi pregunta es muy concreta: ¿van a hacer la reforma de los aspectos más lesivos este año, que es lo que se entendería por urgente, o esto queda aplazado como consecuencia de la crisis económica o las consecuencias de la pandemia?	0
En Cataluña progresan a fase 2 las zonas sanitarias del Camp de Tarragona, Alt Pirineu i Aran y Terres de l'Ebre.	0
Fije las prioridades, y se lo llevamos diciendo desde hace un año, en la creación de empleo.	0
El señor Garamendi antepone siempre los intereses de España a cualquier otra cuestión defendiendo legítimamente los intereses empresariales y, por tanto, estoy convencida de que sabe que en el marco del diálogo social se encuentran muchas de las claves que nos van que nos van a permitir encontrar ese marco de relaciones laborales, ese marco de entendimiento con las administraciones públicas para proteger a sectores tan importantes como el sector del turismo, el sector del comercio, el sector de la hostelería,todos ellos imprescindibles para que contribuyan a la riqueza de nuestro país para que se generen puestos de trabajo y, por tanto, tengo una confianza absoluta en ese sentido que tiene el señor Garamendi de responsabilidad y, sobre todo, de patriotismo entendiendo que, en este primer momento, se haya visto sorprendido por esta cuestión y por la noticia.	1
Este libro ha sido sujeto de controversia, ya que de acuerdo a un artículo en la revista New York Times, Flew está disminuido mentalmente y que Varghese fue el autor principal.	0
Los buenos resultados del modelo de justicia juvenil implantado en Euskadi hacen del nuestro un ejemplo a seguir a nivel internacional.	0
La respuesta es que la Comisión Ética, encargada de valorar el cumplimiento o no del código de conducta, no entra en la cuestión porque hay un procedimiento penal en curso y esa denuncia penal, admitida a trámite, es también la excusa para no precisar si el Gobierno va a recuperar o no la cantidad que regaló impropiamente a ese grupo de comunicación.	1
El viaje hasta Buenos Aires está previsto para mañana, domingo, a las 08.00 hora local (13.00 gmt) y el jueves venidero regresarán a Quito, para seguir concentrados hasta el próximo 25 de julio cuando enfrenten en la capital ecuatoriana a Colombia.	0
Malas caras y como si te hicieran un favor por atenderte atender te.	0
Guterres, quien también habló el miércoles por teléfono con Arafat para conocer la versión de las dos partes, manifestó a Barak que la UE quiere cooperar para relanzar el proceso de paz sobre bases fuertes, no sólo entre Israel y los palestinos, sino también con Siria.	1
De acuerdo con los registros de sismógrafos noruegos, hubo dos explosiones consecutivas a bordo del ' Kursk ' que lo echaron a pique tras causar graves destrozos en su proa.	0
La renovación está en estos momentos parada y si no renueva cuanto antes puede que se acepte alguna oferta como adelantó la Cadena Ser hace unos días.	1
' La ayuda que nos han enviado la comunidad internacional y los países involucrados en la guerra de Al Alamin, en el Desierto Occidental, (Gran Bretaña, Alemania e Italia) es muy limitada ', dijo Musa.	0
También ella hubiera querido verlo ver lo otra vez para confrontarlo confrontar lo con sus dudas, hablar con él a solas, conocerlo conocer lo a fondo para estar segura de que su decisión impulsiva no iba a precipitarla precipitar la a otra más grave, que era capitular en la guerra personal contra su padre.	1
El ' proyecto de protocolo de acuerdo ', de nueve puntos, establece un nexo de unión entre la ' indemnización ' de desempleo y una ' ayuda ' condicionada para volver a encontrar un trabajo, muy contestada por los sindicatos, pero su aplicación sería progresiva.	0
Cuando los ejecutivos viajan y necesitan una prostituta de lujo la buscan en los anuncios de algún escort service.	0
El 25 de abril pasado, los seis candidatos a la presidencia participaron en un debate televisivo a nivel nacional que, según las encuestas de opinión, fue ganado por Fox.	0
Un soldador que me meta fuego.	1
Aunque rodeado de amenazas chiítas, Al - Qadir tuvo el apoyo de los turcos sunnitas gaznavíes en el este y más tarde, de los selyúcidas en el norte.	1
Para buena parte de nosotros, un magnífico compañero y un amigo entrañable para muchos de los que habéis venido hoy aquí.	0
Aunque, habiendo miles de idiomas sobre la Tierra, es imposible que Mondeo en uno u otro no signifique algo.	0
Tenía tres preguntas, las tres para la ministra portavoz.	0
El consumo de café en Alemania aumentó cerca del 2 por ciento en 1999, según las estadísticas anuales de la empresa Kraft Foods de Bremen.	0
Entre el 5 y el 6 de junio se encontrarán en Bremen cerca de 200 expertos de Europa y Sudamérica en el XII Congreso Europeo sobre café en el que se tratarán diversos temas entre los que están los peligros de la tecnología genética y la búsqueda de nuevos caminos para la comercialización del grano.	1
Por eso le pregunto cómo y cuándo va a hacer usted cumplir los mandatos de esta Cámara del pasado 7 de julio.	0
Y si la sentencia del juez no es suficiente para convertir la de los rayos en oficial?, - cómo es posible que se condene a alguien por quemar un trozo de tela sin más atributos?.	0
A todas ellas les ha quedado el sabor dulzón de aquellos años y grabada la huella de su paso por Madrid, Sevilla, Santiago de Compostela o Pamplona.	1
Se propaga por semilla, germinando entre 22-35 días.	0
Ella al a el enterarse enterar se de que él podía estar vivo, gracias a Daniel, insiste en ir también.	0
La extracción de oro ascendió a un 16.7% y la minería metálica no ferrosa disminuyo un 3.4% en el mes de enero del de el 2012.	0
Hasta principios del de el siglo XX, la isla contaba con una aldea de colonos que labraban sus tierras: se sitúa al a el lado del de el pequeño embarcadero, en la parte sur de la isla, y hoy aún se ven los restos de las casas entre la exuberante vegetación.	0
Ya que Antonio Peñalver no da señales de vida por más recados que le mando desde aquí y se ve que no tiene la menor intención de ponerme poner me en ascuas, voy a rezarle rezar le a santa Carmen Sevilla para que me toque en el cuponazo un soldador.	0
Aún así, cada vez son más los agentes de divisas que creen que lo peor para la divisa europea ya ha pasado y que su apreciación puede continuar, aunque con algunos retrocesos provisionales.	1
AUNA es una nueva empresa ' holding ' creada por SIN, ET y UFINSA para el control común de estas cinco empresas de cable españolas.	0
- - Mi barco es como una fábrica.	1
El 25% de los requerimientos de los forrajes para los animales del de el zoológico crece en tiera propia de una superficie de 30 hectáreas (74,13 acres).	0
En la comedia musical infantil se destaca Hugo Midón, con obras como La vuelta manzana, stan & oliver, Huesito Caracú, etc. Interpretadas, en su mayoría por Ana Maria Cores, Roberto Catarineu, Carlos March, Andrea Tenuta, Gustavo Monje y Omar Calicchio.	0
- - ¿Ha ido usted a un concierto de calypsos?	0
En esos comicios venció la alianza SDP-HSLS, con el 41 por ciento de los votos, que ha anunciado la formación de un Gobierno de coalición postelectoral con otras cuatro fuerzas políticas, que cuentan con el 16 por ciento de los sufragios y que han presentado en estas presidenciales la candidatura de Mesic.	1
Tenemos que lograr un refuerzo de nuestro sistema sanitario, un apoyo a nuestras empresas y a nuestros autónomos, la protección del conjunto de los trabajadores, la ayuda a las familias y, sobre todo, a los colectivos que son más vulnerables.	1
La declaración propugnó trabajar por la igualdad social y consolidar las bases socioeconómicas para posibilitar una democracia integral, así como asumir las oportunidades que ofrecen la globalización del comercio.	0
Lo que desde el Gobierno queremos transmitir es que lo más duro ya lo hemos atravesado todos juntos como sociedad y que muy especialmente las familias que han vivido esta enfermedad en su seno o que han perdido alguno de sus seres queridos son las que se han encontrado, sin duda, de forma más afectada.	1
Aquella sonrisa ritual, una mueca encausada y gratuita, ridícula, no era más que un torpe recurso personal para propiciar otros improbables presagios favorables, una burda trampa tendida hacia sí mismo cada mañana, una estupidez más.	1
Huyó de la cama y atravesó el pasillo corriendo, desnudo aún, hasta el cuarto de baño.	1
Nuestros ministros de Relaciones Exteriores se reunieron y tuvimos la oportunidad de evaluar diversos temas, conversamos bastante sobre problemas que heredamos del pasado ', apuntó el Jefe de Estado, quien también señaló que en el segundo semestre de este año hará un viaje oficial a Guyana.	1
La verdad es que nadie aprende aunque no se puede negar que cuando llega el turno todos mueren esa muerte ejemplar que nunca crea adeptos ni adictos (excepto los suicidas) pero que todos, incluidos los suicidas, llevan a cabo con la mayor perfección.	0
Las conversaciones con la prima Hildebranda acabaron de confundirla confundir la.	0
Es nativa de Centroamérica en Venezuela, Trinidad y Tobago y Antillas Neerlandesas.	0
Preguntado sobre si el PP aceptaría un acuerdo de legislatura con CiU por escrito o sólo apoyos puntuales como en los cuatro pasados años, no ha descartado ninguno de los dos escenarios y ha vuelto a pedir tiempo ' para dejar que todo repose ', aunque también ha pedido que ' no se entre en debates de ciencia-ficción '.	1
- Acaso sin darse dar se cuenta, con la historia despiadada y divertida, se ha liberado de muchos días de sombra.	1
Fun Central es un concepto padrisimo porque no solo tienes una pista de hielo sino, boliche, restaurante, juegos y mucho más.	0
Paso frente a las casas donde vive algún gato y éste sale a saludarme saludar me.	0
La momia acabó en un frigorífico de la Universidad de Innsbruck.	0
Me obsesionaba la imagen del pobre Niño Dios rechazado.	0
Wilcock ha intervenido en numerosos programas de radio, incluyendo sus intervenciones semi - regulares en Coast to Coast AM, y aparece en el documental de Syfy 2012.	0
Londres tuvo su continuidad con la Conferencia de Kabul del 22 de julio, en la que el Gobierno afgano presentó sus programas de aplicación de los compromisos adquiridos, porque ahora le toca al Gobierno afgano demostrar que se toma absolutamente en serio estos importantes retos, que es capaz de avanzar en su consecución y que es capaz, en particular, de luchar contra la corrupción y el tráfico de estupefacientes, y a favor de la estabilidad y el fortalecimiento institucional.	1
Otro de los objetivos es evitar que se repitan los errores del pasado, que obligaron al Gobierno a comprar créditos dudosos por un valor de 60.000 millones de coronas (unos 1.500 millones de dólares).	0
El Mendicutti, como está mustio desde el domingo, ni me pestañea.	1
Se encuentra en las Islas Canarias (España).	0
Al principio tenía una frase ritual para afirmar su libertad de criterio: ' A la mierda abanico que es tiempo de brisa '.	0
Campo de Borja es un vino de España con denominación de origen (DO).	0
En un resumen sobre las actividades que realizó en la isla, el gobernante venezolano dijo que la Cumbre sirvió para que los representantes de los diversos países se conocieran personalmente y para que se plantearan un plan común de una década, que tiene como objetivo fundamental la mejora de las relaciones sur-sur.	0
Egipto necesita más de 250 millones de dólares para eliminar los campos de minas de distintos tipos que se encuentran en diferentes zonas de este país, dijo el ministro egipcio de Asuntos Exteriores, Amro Musa.	1
En el homenaje estuvieron presentes, además del presidente de la Fundación Andalucía Olímpica, Alejandro Rojas Marcos, el consejero de Turismo y Deporte de la Junta de Andalucía, José Hurtado, y el secretario general del Comité Parolímpico Español, Miguel Sagarra, entre otras autoridades.	0
Porque sabemos lo que hay que hacer: A menos movilidad, menos contactos y menos posibilidades tendrá el virus de contagiarnos contagiar nos.	0
Sony venderá el próximo año componentes y programas de su consola de videojuegos PlayStation 2 a otros fabricantes de electrónica en Japón y el resto del mundo, informó hoy la empresa.	0
Reafirmó el papel del Estado en la adopción de políticas para fomentar el desarrollo humano y la igualdad, y para dar prioridad a la educación, la salud y conservación del medio ambiente.	0
No había que ser muy perspicaz para entender el siniestro mensaje.	0
El vicepresidente segundo aseguró que durante la etapa socialista en el Palacio de la Moncloa se podía vender durante una comida todo el sector del gas español, sin que hubiera un informe del Servicio de Defensa de la Competencia.	0
Se ha especulado mucho sobre el motivo de la trágica muerte de la que fue salvadora del de el soul y, ahora que ya conocemos la verdadera causa de su muerte, sólo nos queda recordarla recordar la por lo que fue y otorgó a la música británica.	0
El show comenzó a emitirse emitir se el 8 de octubre de 2007.	0
No es ni la intención del Gobierno afgano ni de la Comunidad Internacional que la tenga.	0
Clinton y Schroeder hablaron de la naturaleza de las amenazas que Washington esgrime para justificar su proyecto, y ambas partes coincidieron en que hay que hacerlas hacer las frente, pero hay desacuerdo sobre cómo hacerlo hacer lo.	1
El mundo le ha dicho: señor Fujimori sea mucho más caballero y compita en una elección limpia ', dijo al aludir a la reacción de la comunidad internacional que ha cuestionado las elecciones celebradas el domingo.	1
Ambas especie tuvieron gran importancia para los paiute.	0
¿Por qué no hacer un cambio, y dar las respuestas a los concursantes y déjerlos déjer los enunciar la pregunta?	0
- Hacer ejercicio es bueno?	0
El ganador de seis títulos de Grand Slam, como sucedió en el pasado Abierto de Estados Unidos, mostró una gran madurez y definición de criterios personales al reiterar que en la vida existían metas y sueños que cumplir, pero sobre todo había que ser agradecido con las cosas recibidas.	1
Recibió la Orquídea de Oro de dieciocho quilates, y la besó de dicha en medio de las burlas atronadoras de los incrédulos.	1
Eso sí, los que regalan detalles chistosos se arriesgan a acabar con el detalle encajado entre las muelas del juicio, y además quedan como lo que son: unos patosos o unos tacaños.	1
El ' encanto ' de Mesic es más evidente aún si se tiene en cuenta que tanto él como Budisa han prometido que, si asumen el poder, recortarán los amplios poderes presidenciales de los que disfrutó Tudjman e intentarán mejorar la imagen internacional del país y atraer la ayuda financiera.	1
Abdel Aziz consideró la reunión del comité de coordinación un primer paso en el desarrollo de la cooperación entre los dos países, aunque advirtió de que no deben esperarse esperar se resultados inmediatos.	1
La serie de La Nueva Orden Jedi supuso una revolución.	1
El letrado John Warden considera que la propuesta del Gobierno convertiría a Microsoft en ' la nica compañía del mundo que no ganará, no podrá ganar, la próxima ronda de competencia ' en la industria de los programas informáticos.	0
Nosotros seguimos teniendo un diálogo fluido con todas las fuerzas políticas que hicieron posible la investidura del señor Sánchez.	1
El olor a podrido rebotó en su piel y ascendió obediente a través de su nariz, perfeccionando la calidad del asco repentino.	1
De ese Programa destaca la Estrategia de Desarrollo Rural que abarca varias líneas de intervención, que van desde el desarrollo agrícola a la mejora de infraestructuras, a la educación, a la sanidad, al fortalecimiento institucional, al acceso al agua potable y a la igualdad de género.	1
El tema es, ¿la política de este Gobierno va a seguir siendo incrementamos el gasto corriente y los...?	0
De hecho, luego conoceremos cuáles han sido los avances en los diferentes territorios y lo hará el ministro al final de mi intervención.	1
La empresa canadiense Alcan Aluminium anunció el jueves que ha llegado a un acuerdo de principio para su fusión con la suiza Algroup que establece el cambio de 17.1 acciones de Alcan por cada una de la empresa helvética.	1
Se creó la Secretaría de Cooperación Iberoamericana, con sede en Madrid, y se designó director al mexicano Jorge Alberto Lozoya.	0
Aitor Larrazábal, defensa del Athletic, disputó su partido número 300 en Primera, pero no guardará un buen recuerdo, ya que, además de la derrota de su equipo, fue expulsado por doble amonestación.	1
Para la época de la Revolución iraní de 1978-1979, las cinco compañías internacionales más importantes que habían firmado acuerdos con la NIOC solo representaron el 10,4% de la producción total de petróleo.	0
Toledo señaló que el Gobierno de Alberto Fujimori tuvo ' miedo ' de participar en elecciones limpias y por ello hizo ' un fraude '.	1
El funcionario indicó que el número de inmigrantes indocumentados detenidos y deportados a su país en este año creció un 8 por ciento en comparación con la cifra registrada en el mismo periodo del año pasado.	0
Posteriormente, en 1959, se divide el ministerio, creándose creándo se el Ministerio de Salud, y asumiendo las funciones reguladoras del de el bienestar de los habitantes del de el país, se crea el Ministerio del de el Trabajo y Previsión Social de Chile.	0
Es decir, podrán confinar el territorio completo de su comunidad o definir el confinamiento de un ámbito territorial inferior.	0
El coste de vidas debe ser el menor posible, pero también debemos proteger nuestra actividad económica y laboral y preservar en la medida de nuestras posibilidades el ritmo de nuestras vidas.	1
Por eso la situación sanitaria, económica, social de nuestro país no puede permitirse permitir se la dinámica política que hemos vivido en los últimos años de hacer vetos contrapuestos que hacen inviable cualquier tipo de acuerdo.	1
No obstante, ya se ha resignado a alterar sus prácticas comerciales y ha propuesto dar a los fabricantes de ordenadores mayor flexibilidad en la elección del sistema de operación y a los consumidores más opciones para el uso de programas que no funcionen con Windows.	0
El que la derriba, ha ido de la insatisfacción a la violencia.	0
Pero no se llegó a un acuerdo y como resultado los países de Europa Occidental, con la excepción de Francia, adoptaron el PAL mientras que los de Europa Oriental y Francia el SECAM.	0
Está formada por tres franjas horizontales de igual dimensión, la franja superior es de color verde que representa la vegetación y esperanza del de el municipio, en el extremo izquierdo de la franja aparece el escudo del de el municipio.	0
Ello le ha valido a Burlotti sumar 40 puntos, mientras que algunos de sus rivales han debido restar alguno.	0
Por su parte CINCO DIAS titula en portada ' Villalonga normaliza las relaciones con el núcleo estable de Telefónica ', ' La UE y EEUU quieren iniciar una nueva ronda comercial este año ', ' Las gasolineras amenazan con cierres parciales ', ' La Bolsa cae el 6,8% en mayo y pierde un 8,2% en el año ', ' Bruselas propone un mercado único de los fondos de inversión '.	0
Lo anuncian en la tele, en la prensa Ford Mondeo.	0
Adquirió la inquietud por escribir a raíz de un libro que contenía novelas de aventuras de Verne, Salgari y Swift, que le obsequió su padre.	0
Las dos querellas pidieron ayer en el histórico juicio a los represores de la Subzona 14 una condena de 25 años para los nueve procesados, acusados de los delitos de secuestros y torturas.	0
Debe ser aprovechado para un primer y fundamental ejercicio de diplomacia de una Unión Europea con más peso en el mundo, y allí estaremos presentes hasta que, tras la oportuna evaluación, acordemos juntos que no es necesario.	1
Al arribar a La Paz, dos horas después de partir del corazón del Amazonas, la temperatura en el altiplano boliviano era de 10,3 grados, con vientos moderados.	1
Con el modelo Granada - tierra soñada por mí - lo mismo, gracias a Mario Lanza.	0
El profesor Estafilocóquez, un científico que trabajaba para la T.I.A. y se volvió loco, se ha fugado del de el sanatorio y ha robado en la sala de los horrores del de el museo de cera.	0
Con motivo de su último Consejo de ministros comunitario, Matutes, que según ha anunciado no volverá a ser ministro tras las elecciones del 12 de marzo, hizo balance ante la prensa de la política exterior española en los cuatro años de gobierno de José María Aznar.	0
Miguel Ángel nos unió y esa unidad aumentó de modo extraordinario nuestra fuerza.	1
' Cuando hablo mucho me critican y si no hablo también.	0
El paro registrado en las oficinas del Instituto Nacional de Empleo (INEM) bajó en mayo pasado en 47.689 personas, una reducción del 3,02 por ciento, lo que situó el total de desempleados en 1.531.169, el 9,16 de la población activa.	0
Argentina protestó hoy formalmente ante el Gobierno británico por la ' violación del espacio aéreo ' de este país suramericano por parte de aviones que volaron sobre una flota de buques pesqueros que operaba en aguas del Atlántico Sur.	0
Todos estos requisitos a criterio de nuestros técnicos están cumplidos.	0
Tenemos un largo recorrido.	0
Otros creen que regalando cosas prácticas - - calcetines, esmalte de uñas, un carné de militante del PSOE, un colirio - - quedan bien, sin darse dar se cuenta de que todas las cosas prácticas son, por definición, de mal gusto.	1
Si a esos reveses se le añade la derrota por 3-1 en Londres ante el Chelsea, el Barcelona ha encajado doce goles en diez días y sólo ha marcado uno.	1
Los funerales de Obuchi que serán oficiados el día 8 de este mes en el pabellón de las artes marciales Nihon Budokan, no revisten carácter de Estado, sino que están patrocinados por el gobierno y el partido mayoritario Liberal Demócrata (PLD), que él presidió.	0
Según los primeros cálculos del grupo presidido por Ballvé, la unión de Campofrío y OMSA elevaría las ventas de ambas sociedades hasta los 204.020 millones de pesetas (1.226 millones de euros) para 2000.	1
Es así como el 16 de enero de 2012 inició la ejecución de actividades de demolición, replanteo, tala de árboles y movimiento de tierras en las mismas instalaciones donde se había proyectado la construcción de La Palma Centro Comercial.	0
Desde entonces, la Franja ha sido escenario de la denominada Crisis de Gaza en 2008, y del de el conflicto militar de 2008-2009.	0
Estas peticiones son analizadas por los técnicos del Centro de Coordinación de Alertas y Emergencias Sanitarias y por los profesionales de la Dirección General de Salud Pública.	0
En sus formas más graves, el buzo empieza a sentirse sentir se invulnerable y a descuidar las normas de seguridad básicas del de el buceo.	0
De hecho, la emisora catalana subrayó diversas informaciones que ya han ido apareciendo en las últimas semanas relativas al a el acuerdo que existe entre el jugador y Barcelona, el cual, según ha podido saber también EFE, es casi total, a la espera de que concreten los dos clubes la cantidad del de el traspaso.	1
Sobre esta última cuestión, Ríos criticó al PP por estar ' usando y abusando de la Constitución para dar cocotazos a los demás ' cuando la Carta Magna, según subrayó, ' es el marco de encuentro que hace posible la convivencia de todos los españoles '.	1
El texto de la patronal contempla también la creación de nuevos contratos de trabajo enfocados a la reinserción laboral de una duración que podrá oscilar de 18 meses a cinco años y ampliar de ocho a doce meses el periodo de referencia (en el cual se exige haber trabajado cuatro meses) para poder solicitar el subsidio.	1
La mosca zumbó con redoblado énfasis durante unos segundos y luego se estrelló contra los azulejos de la pared.	1
Sí, la última pregunta era sobre las dificultades para sacar adelante la próxima prórroga que va a ser necesaria para completar la desescalada, si el Gobierno se plantea renunciar a plantearla plantear la en su momento y tratar de hacer una reforma rápida, urgente, exprés, de otras normas, para poder mantener las medidas de confinamiento que sigan siendo necesarias.	1
Esto es lo que ha ido definiendo toda la conducta que hemos tenido en relación con esta situación y por tanto, pues probablemente el acuerdo con determinadas fuerzas políticas en este ruido interesado que está haciendo la derecha incluso en la situación de la crisis económica fruto de la pandemia sanitaria, hemos reafirmado nuestro compromiso con nuestro acuerdo programático.	1
Por eso, al excesivo entusiasmo que produjo lo que se llamó - español atlántico -, Germán de Granda pone no pocos puntos sobre las es para atemperar juicios y moderar afirmaciones, pero no caigamos en negaciones excesivas.	1
En ese sentido, el jefe sindical de UATRE Gerónimo ' Momo ' Venegas sostuvo ayer que el Peronismo Federal ' está unido ' y destacó que Solá ' se va a sumar a la general, al a el frente, como lo pueden hacer otros partidos políticos, acompañando '.	0
Trudón fue enterrado en la iglesia de su monasterio.	0
El desmentido, curiosamente, no ocupa el mismo espacio informativo que ocupó la noticia, dos días antes.	1
Klebánov declaró hace dos días que hoy se conocería la causa del naufragio, atribuida desde el principio a un ' factor externo ', en concreto una colisión con otro submarino extranjero.	0
Yushiro Yagi, presidente del Comité Olímpico Japonés (JOC), aclaró que pese a que su país ya ha sido escenario de Juegos Olímpicos confía en que ese aprendizaje les sirva para albergar otros con garantías y añadió que ' la candidatura de Osaka es muy sólida y dispone de todo lo necesario '.	1
El jueves 31 de Marzo la sala Rock Kitchen de Madrid acogerá diversas propuestas culturales presentadas conjuntamente por el festival murciano SOS 4.8 y la promotora Intromúsica.	1
Ante unas mil personas, entre ellas la ministra de Ciencia y Tecnología, Anna Birulés, el alcalde de Barcelona, Joan Clos, la Delegada del Gobierno, Julia García Valdecasas, y una nutrida representación del gobierno catalán, Pujol dio un toque de alerta sobre el aumento de los accidentes laborales.	1
' No me lo esperaba ', dijo el técnico del de el United Alex Ferguson.	0
Que la revolución de mayo del 68 nos cogió a la mayor parte de los jóvenes de ese tiempo con el paso - cambiao - y que las noticias que llegaban del exterior apenas si encontraban eco en los periódicos.	1
De llevarse llevar se a cabo, la fusión creará una sociedad con ingresos combinados de 12.400 millones de dólares mientras que los beneficios económicos inmediatos supondrán al menos un ahorro de 150 millones de dólares.	1
El empresario fiyiano George Speight, cabecilla de una intentona golpista, salió hoy del Parlamento, donde tiene retenidas a unas treinta personas, para reunirse reunir se con los militares y negociar una salida a la crisis que atraviesa Fiyi desde hace 14 días.	1
Mondejo es el relleno de la panza del cerdo o del carnero.	0
Las alas son moderadamente amplias y largas, y con las puntas redondeadas.	0
¿Se ha podido convencer al señor Garamendi de que vuelva a la mesa del Diálogo social?	1
La Rioja y las Ciudades Autónomas de Ceuta y Melilla.	0
Lehendakari, el pasado 7 de julio tuvo que reconocer en la Diputación Permanente que no estaba nada satisfecho del modo en que se había gestionado desde su Gobierno el ya famoso asunto de la compra indebida de informaciones a un determinado grupo de comunicación, aunque usted se empeñara en calificarlo calificar lo de patrocinio.	0
Suelo comprar sus productos y son exquisitos, tanto su carne como sus embutidos.	0
Pertenezco a un partido que tiene un sólo militante: Yo.	0
Algunos podrán seguir en su recuento particular de votos anteponiendo intereses electoralistas o partidistas pero por eso nosotros seguiremos buscando apoyos, alianzas.	0
' No podemos ocultar la realidad de que Argentina es la mejor, lo ha demostrado en todas las canchas a las que ha ido, ganando todos los partidos, pero no por eso quiere decir que sea invencible ', dijo por su lado, Alex Aguinaga a los periodistas deportivos.	1
El frío de la cordillera de Los Andes está acentuado esta semana por una masa de aire polar, que afecta al cono sur de América, e hizo bajar el marcador de mercurio de los termómetros hasta los 20 grados centígrados por debajo de cero en algunos lugares.	1
A lo que no estoy dispuesto, como ya anuncié en su día, es a que se puedan hacer cosas violando la voluntad de la mayoría de los ciudadanos.	0
Las labores de construcción han sido gestionadas por la empresa de construcción segoviana Maratón Segovia.	0
- Está bien, hazlo haz lo tú - le indiqué a mi mujer, e intenté salir del salón.	0
Cuando el mochuelo alcanza cierta edad se confunde fácilmente y no va a su olivo sino al ciprés.	0
- - Es una puta - - dijo.	0
Es el turno ahora de Onda Madrid.	0
Lo mejor no son los negocios, es el Centro Cultural Borges y los frisos de los grandes pintores argentinos en la cúpula de las Galerias.	1
Sin embargo, como ha ocurrido con los cambios de nombres de nuestros pueblos y ciudades, ha prevalecido en el ambiente popular el aborigen o antiguo nombre de ACOYAPA.	0
En 1956 obtuvo un doctorado en el MIT, donde presentó una tesis sobre el movimiento internacional de capitales.	0
No se carga en cuenta..	0
Ningún cargo político, ni ningún gobernante, sea ése quien sea, ni siquiera el propio Parlamento nacional, puede situarse situar se por encima de la Ley.	1
Resultados que, como hemos dicho, hacen del nuestro un referente a nivel internacional.	0
Todos nos encontramos dispuestos a buscar mecanismos compensatorios para cooperar con los hermanos del sur ', apuntó Chávez.	1
El ex ministro explicó a autoridades, empresarios e inversores la experiencia del mercado de valores de España y las enseñanzas válidas en otros países, concretamente en América Latina.	0
Abierto al a el público en agosto de 2005, es el metro más moderno de Rusia y el primero en aparecer en este país tras la caída de la Unión Soviética.	1
Illa: Muchas gracias, María.	0
¿La Iglesia sigue el mensaje de Jesucristo?	1
Y volvió el hindú su rostro viejo, sabio, sonrientemente triste.	0
Hacerlo Hacer lo, sería ir a pasar vergüenza, al contrario, vamos con el deseo de quitarle quitar le un poquito a Argentina, a sumar los puntos para que ellos tengan que salir nuevamente a buscar otros triunfos.	0
Se espera que los tres partidos de la coalición gubernamental compuesta por el Liberal Demócrata (PLD), el nuevo Komeito y el Nuevo Conservador, logren la mayoría en la poderosa Cámara Baja aunque podrían no renovar la cómoda mayoría absoluta que ahora poseen.	0
Pero altos responsables del Gobierno y la Armada se cerraron con tenacidad siempre a la teoría de la colisión con otro sumergible, pese a que los sensores de la empresa noruega ' Norsar ' registraron dos explosiones consecutivas en el lugar donde el ' Kursk ' participaba en las maniobras navales.	1
Y a los dos días la desmienten.	0
Fue ahorcado el 24 de octubre de 1946 y su cadáver fue inhumado en una tumba sin nombre.	0
SIN, ET y UFINSA adquieren mediante esta operación el control en común de Aragón de Cable, Cablelteca, Supercable Andalucía, Supercable Sevilla y Supercable Almería mediante un contrato de gestión y de transferencia de acciones a AUNA, una sociedad ' holding ' creada para este fin.	0
En la hierba de Wimbledon, Gran Bretaña, con Tim Henman, Greg Rusedski y los jóvenes Arvind Parmar y Barry Cowan, buscará seguir una temporada más en la elite del tenis mundial frente a Ecuador, encabezada por Nicolás Lapentti.	0
Sevilla dijo que ' el presidente del Ecuador, el doctor Gustavo Noboa Bejarano estará la próxima semana aquí en Lima para participar en la reunión de la Comunidad Andina '.	0
Desde mayo de 1998 era vocal asesora de la Dirección General de la Tesorería General de la Seguridad Social.	0
En cuanto a ARS D, que es la variante más numerosa de esta categoría de cerámica fina, las producciones más frecuentes en la superficie del de el yacimiento fueron: Hayes 91, 94, 99 y 104.	0
A Buendía se le suman algunos vecinos de Tarapacá, tras casi cinco horas de lucha las municiones de los peruanos empiezan a agotarse agotar se lo que estos solucionan fundiendo una imagen del de el niño Jesús hecha de plomo y que pertenecía a la capilla del de el pueblo.	0
La relación de propiedad y agencia es el contrato explícito o implícito que se establece entre dos partes, por el cual se comprometen a cooperar en la realización de una actividad (Jensen y Meckling, 1976).	0
En sus inicios el cuerpo se formó en base a ex - convictos, quienes por su experiencia y conocimiento de los grupos de delincuentes pudieron reducir dramáticamente la inseguridad en los caminos y zonas rurales, aunque luego se hicieron de procedimientos más rigurosos para la selección de su personal.	1
Ay, qué desagradable es todo esto.	0
' Puesto que Dios, el Destino y la Naturaleza han decidido la suerte de esos marinos, ¿no será una blasfemia llevar adelante la operación de rescate? ', manifestó.	0
La Comunidad de Madrid ha entregado una documentación que ha sido analizada por los técnicos del CAES y de la Dirección General de Salud Pública en reuniones que se han mantenido, también lo hicimos ayer en una reunión bilateral.	0
Germán de Granda se dedica a unas tareas difíciles, lo que sirve para retratar su conducta; lo hace con un rigor implacable, lo que facilita muchas agujas para marear y nos da unas informaciones bibliográficas que abren mil caminos.	1
El hambre, la sed y el frío son amenazas constantes para todos los seres vivos, pero sólo nosotros los hombres hacemos de su satisfacción alarde decorativo y vano.	0
Portavoz.- Sí muchas gracias y efectivamente, no, yo quiero aprovechar la pregunta para darle dar le todo mi cariño, toda la solidaridad del Gobierno a mi compañera, Idoia Mendia, y trasladarle trasladar le, también, en el contexto de la pregunta que me hacían anteriormente, cómo ven ustedes el acuerdo particular, puntual, al que se llegó con Bildu estuvo en relación, justamente, a ser capaces de sacar el decreto del Estado de Alarma y después nos diferencia prácticamente todo.	1
Lo cual es una ventaja, por que como vayas a la sesión de las 22:00 a cualquier cine de las afueras de Valencia no tienes forma de volver con el transporte publico	0
Ante una audiencia entregada y nostálgica, que la aclamó a veces con lágrimas en los ojos, la única superviviente del presidente asesinado aseguró que el llamamiento lanzado por su padre a favor de una ' nueva frontera ' para EEUU ' no tiene límite temporal ' y que ' nosotros somos ahora la nueva frontera '.	1
De hecho, ANNCOL considera, con sólidos fundamentos, al a el propio presidente Santos como terrorista.	1
Como el Mendicutti, superciclotímico, anda samzin deprimido desde que le regañaron por su columna del pasado sándei y, para ventilarse ventilar se, se ha echado al monte en busca de joulin estones (en cristiano, piedras con agujeros) para las macetas de su livinrum, yo aprovecho y me pido un soldador.	0
Según mis noticias, eso del tinnitus puede deberse deber se a un simple tapón de cera o a la inflamación de una membrana.	0
Cuando parece todo terminado Siegel zombificado que se arrastra por el suelo buscando devorar a Jennifer, ella está en un estado de shock al a el ver a su compañero convertido en un zombie y no atina a destruirlo destruir lo finalmente ella se salva por que su ordenador interno detecta el virus alertando A.R.M.O.R.	0
Para Matutes, ' todo ello son logros de los que podemos sentirnos sentir nos todos legítimamente orgullosos, empezando por todos los españoles en primer lugar, porque lo que ha hecho este Gobierno es armar y conducir un caballo lleno de vitalidad, de fuerza, de confianza en el futuro que se llama España y los españoles '.	1
Así pues, Roncero publica este viernes en el diario de Prisa -- Messina se ' mourinhiza ': bien hecho -- los pormenores de la visita del de el entrenador del de el Real Madrid de baloncesto, Ettore Messina, a su homólogo en la sección de fútbol, José Mourinho, quien le enseñó sus métodos para preparar al a el equipo en Valdebebas.	0
Todo antes que quedarse quedar se en la encerrona de Port Spain, recorrer otra vez la retícula tediosa de calles que le llevaban a la Savannah, la misma Savannah de todas las islas del Caribe, la nostalgia de Africa convertida en una plaza mayor-pradera, quizá ninguna tan enorme como la de Port Spain pero que se la metan en el culo la Savannah, y el Jardín Botánico y la arquitectura colonial de la Woodford Square, las casonas grandilocuentes de la Maraval Road.	1
Más aún, dice la Susi: si la señora Aguirre es tan limpia, que se multe a sí misma por enguarrar Madrid con sus cochambrosas ocurrencias de marmota resentida, estrecha y maniática.	1
Un soldador con una chispa loca.	1
Y a partir de ahí sólo le puedo decir que este Gobierno está plenamente comprometido en su totalidad, todos los ministros y ministras, vicepresidentes, en el cumplimiento de ese acuerdo programático.	0
Toledo manifestó ante la multitud que reunió en la Plaza de Armas de Cañete que esas elecciones son ' ilegítimas ' mientras que la gente coreaba ' queremos nuevas elecciones ', ' no al fraude ', y otras frases de rechazo al régimen de Fujimori.	0
Por qué tienen miedo de participar en una elección limpia...	1
La posición del Gobierno está muy clara: estamos dispuestos a hablar, siempre y cuando se hable dentro de la Ley.	1
Los gobernantes se comprometieron a poner en marcha ' nuevas formas de participación ' popular y subrayaron la necesidad de modernizar las estructuras de los partidos políticos, a los que se les pidió transparencia en sus medios de financiación.	1
Rommel comprometió algunos de sus armamentos mas importantes a fin de realizar contraataques locales, sólo para encontrar las armas de los tanques Panzer II y III no podían penetrar el blindaje de los tanques Matilda.	1
Ser identificado como el redactor de una sátira presentaba grandes riesgos: por un lado, las leyes sobre difamación tenían una interpretación muy amplia y era difícil para el autor evitar las actuaciones judiciales si se establecía quien era el autor de un texto que parecía criticar a un miembro de la nobleza;	1
Ministra portavoz.	0
Jugó de centrocampista en el Real Zaragoza y Hércules CF, en Primera División de España.	0
Había ido tan seguro de la victoria que llevaba puesta para recibir el premio la camisola de seda amarilla de los ritos de primavera.	0
Por ello, lehendakari, nuestra más sincera enhorabuena que hacemos también extensible a todos los gobiernos que han participado en la construcción de este sistema.	1
Y el segundo objetivo, reinserción y resocialización de menores infractores.	0
El taxista levantaba el dedo oscuro, un dedo de gitano, hacia el cielo.	0
Kai Brown (nació el 12 de febrero de 1986) es un jugador profesional de fútbol americano, juega la posición de linebacker para Sacramento Mountain Lions en la United Football League.	0
El desempleo de los jóvenes menores de 25 años se redujo en 12.463 personas y su tasa de paro se situó en el 10,41 por ciento; también disminuyó el desempleo entre los parados mayores de esa edad en 35.226 personas.	0
- - No, por nada, disculpe usted, pero es que se preocupa tanto cuando llueve y cuando no llueve, que me creí que sería cosa de la siembra, ya me entiende.	0
Para las elecciones, se espera la llegada de más de 450 observadores extranjeros procedentes de unos 21 países, lo mismo que de diversos organismos internacionales.	0
Las primeras bajas de los rebeldes irlandeses en el alzamiento fueron dos activistas del de el ICA en un frustrado intento de asedio del de el Castillo de Dublín.	0
Nosotros seguimos teniendo un acuerdo estable con el Partido Nacionalista Vasco, con el que trabajamos diariamente la mayoría de los proyectos que llevamos después al Congreso de los Diputados y ellos conocen de nuestra complicidad con ellos y conocen, también, de que nuestra cuestiones firmadas son para nosotros muy importante poder llevarlas llevar las hasta el último minuto. P.- Buenas tardes ministros, Grupo Nervión desde Bilbao.	0
Tras la tragedia, que provocó preocupación internacional por el retraso de las autoridades rusas en intentar el rescate de los tripulantes y por el secretismo inicial, Moscú proclamó que un submarino británico o norteamericano chocó con el ' Kursk '.	0
Entre los recuerdos que archivo en mi memoria hay uno que compartirá otra mucha gente.	1
Alrededor de 40 expertos de 13 naciones participan en la conferencia para tratar acerca de una mayor cooperación en la lucha contra los piratas.	0
Desgraciadamente no pudo ver cumplido su sueño.	0
El técnico Gómez, no adelantó cuál será la alineación que presentará ante Argentina, pero lo más probable será que utilice a los siguientes elementos: José Cevallos; Ulises de la Cruz, Iván Hurtado, Augusto Porozo, Luis Capurro; Jimmy Blandón, Edwin Tenorio, Alfonso Obregón, Alex Aguinaga; Agustín Delgado y Eduardo Hurtado (Carlos Juárez).	0
Toque de queda.	0
Se dijo con resignación mientras se daba impulso para saltar de la cama y quedar sentado, sorprendido por sus propias piernas desnudas, esperando órdenes, con la huesuda proa rotular apuntando la maleta abierta, semillena, manteniendo desde hacía días el mismo equilibrio sobre un pequeño butacón.	1
Esta vez, sorprende con un lujoso hotel de 213 habitaciones y suites en el paseo marítimo de Macao, marcando lo que será una nueva era en elegancia y sofisticación hotelera.	1
Si podemos superar antes la emergencia, plenamente, el Estado de Alarma dejará de aplicarse aplicar se de inmediato.	0
No hubierais podido.	0
Pues ya todos nos conocemos y sabemos de qué pie cojeamos ', precisó.	0
' Es una reunión de gran trascendencia puesto que ahí se hará la reafirmación de la necesidad de la unidad de la Comunidad Andina, de la unidad de nuestra subregión frente a los grandes desafíos que se nos presentan por la globalización ', manifestó a la prensa peruana.	1
- El aceite de oliva es fatal y la margarina, ideal?	0
En esta ocasión, que era la despedida de la banda neoyorquina, Campino trepó por el techo del de el escenario, hasta colgarse colgar se de boca abajo con sus piernas y continuar cantando una tema ante 50000 sorprendidos espectadores.	0
La Puerta de Alcalá es en la actualidad uno de los referentes monumentales más relevantes de la ciudad de Madrid, aunque la imagen presente debe imaginarse imaginar se como el colofón de un proceso evolutivo iniciado a finales del de el siglo XVI.	0
Aquel que persiga este fin nos encontrará trabajando para perseguir este bienestar general y, sobre todo, preservar la salud de los ciudadanos.	1
Se ha constituido una reserva estratégica que cuenta, entre otros, con más de 512 millones de mascarillas quirúrgicas, 57,6 millones de mascarillas FFP2 y cerca de 2 millones de test de antígenos.	0
Los barcos argentinos operaban en esa zona como forma de protesta ante la decisión del Gobierno argentino por las limitaciones impuestas a la captura de merluza.	0
El Sevilla cerrará el fichaje de un central en los próximos días y se trata de un futbolista que se llama Spahic y juega actualmente en el Montpellier francés donde disputa la Ligue 1 desde hace varios años junto a otros jugadores.	0
El libro es divertido, muy divertido, y su estilo un auténtico regalo.	1
De un tiempo a esta parte los sobres que envía la caja de ahorros (básicamente para avisar del saldo negativo) llevan una especie de marca con tres flechas planas y dobladas, cada una de las cuales muere en la siguiente.	1
El mayor fue quien anunció a Alejandro que Darío había sido arrestado por Besos.	0
Si le puedo decir que a veces durante esta crisis y justamente en estos últimos días los partidos del gobierno nos hemos sentido solos porque pareciera que la responsabilidad para preservar la salud de los ciudadanos radicara solamente en el gobierno, cuando el gobierno tiene los diputados que se expresaron en la votación que hicieron los ciudadanos cuando concurrimos a unas elecciones y es obvio que necesita y que tiene que tener el apoyo de otras formaciones políticas.	0
Un soldador que no deje de la Susi ni una pata de gallo y así podré pedirle pedir le a doña Carmen Alborch que me financie una reconstrucción completa, rápida y divina.	1
Poner pasión en el trabajo es nobilísima conducta: quienes nos dedicamos a estos menesteres no podemos trabajar sin entusiasmo.	1
Antonio ni siquiera había llamado para decirle decir le que no venía.	0
Originalmente Latreille en 1825 la describió como Polystes lecheguana, posteriormente el género pasó a denominarse denominar se Brachygastra por Perty en 1817, luego Nectarina por Shuck en 1840, y Nectarinia por Sauss en 1853 según el Catálogo de Insectos Hymenopteros de Frederick Smith publicado en 1856.	0
Hoy, la casa Motown ha cambiado el negro representativo de su música por el riguroso negro de luto, Nick Ashford ha fallecido a causa de un cáncer de garganta a los 70 años de edad.	0
En la puerta de la casa presidencial, Banzer dijo que recibió de Sánchez de Lozada un documento en el que el MNR resumió sus principales preocupaciones, de las que sólo reveló algunas, porque antes las comunicará a los demás socios de la coalición que respalda su administración.	1
- - Esto me pasa por estar tan gorda.	0
Por su parte, y ante las noticias de un posible acuerdo entre Speight y las Fuerzas Armadas fiyianas, que ahora controlan el poder, el ministro de exteriores de Nueva Zelanda, Phil Goff, ha declarado que su Gobierno ' no reconocerá un sistema ilegítimo en el que participen elementos terroristas '.	0
El presidente de la Generalitat, Jordi Pujol, cree necesario que el Gobierno agilice los permisos de residencia a los inmigrantes para poder responder a la falta de mano de obra en Cataluña que, según cálculos del Departamento de Trabajo, impide cubrir unos 23.000 empleos en diversos sectores.	1
Se encuentra a 4 km del de el pueblo de Fuenterrabía.	0
Respecto a las playas, hay unas medidas, hay unas indicaciones de cómo se puede disfrutar de las playas.	0
El parámetro de Hubble, H, es la velocidad de expansión del de el universo.	0
La canción también fue nominada para el Premio Grammy para el mejor funcionamiento del de el metal en 2002, aunque perdió ante ' Schism ' de Tool.	0
Supongamos, además, que usted es una persona poseída por el divino don de la caridad y quiere ayudar a sus semejantes, aunque los bosnios le parezcan menos semejantes que, pongamos por caso, los extremeños.	1
Son el hijo de Lady Jane, John y la nieta del de el profesor Saunders, Nikki.	0
O sea, que en este campo del intercambio de relaciones las chicas de entonces apenas si teníamos oportunidades, y si las teníamos era porque las otras les habían dado calabazas.	1
Sin embargo, me gustaría pedir al conjunto de la ciudadanía lo siguiente.	0
Barchevsky agregó que ' mientras más demoremos, en más peligro pondremos los logros que se han alcanzado hasta ahora '.	1
En ella expresa su admiración por la capacidad de nuestras tropas de trabajar conjuntamente con las fuerzas armadas afganas y las autoridades locales.	1
Los profesores se irritaron con el gobernador porque ingresó en la Secretaría de Educación por la entrada principal del edificio, en cuyo frente estaban acampados, y decidieron esperar su salida para agredirlo agredir lo porque consideraron el acto de Covas como una provocación, según algunos líderes de la protesta.	0
Nada debe contar, sin embargo.	0
Cabe mencionar que dicho establecimiento no contaba con licencia de funcionamiento municipal, ni certificado de Defensa Civil.	0
Era una incomodidad pero su hermano no quería comprarle comprar le un aparato nuevo.	0
La que hoy conocemos, heredera de la repoblación castellana, tuvo su origen a comienzos del de el siglo XVI, pero su historia hunde sus raíces en el rico legado de la cultura musulmana.	1
Pero tenemos que trabajar con eficacia y en todas las dimensiones del conflicto para que la misión concluya cuanto antes.	1
El establece que ' el estado de derecho es insuficiente para hacer realidad el principio formalmente consagrado de la igualdad, pues el legislador o tiene en cuenta, dentro de tal estado, las relaciones sociales de poder, convirtiendo así el derecho en una expresión de los mas fuertes.	0
El responsable de UGT pidió al Ejecutivo, en rueda de prensa en Jerez de la Frontera (Cádiz), nuevos instrumentos para reducir el paro, entre los que destacó distintas iniciativas ' legales y económicas ' para erradicar la precariedad laboral.	1
Supongamos que usted ha leído en la Prensa y visto en la televisión la tragedia de ese país que alguna vez fue Yugoslavia, y se encuentra conmovido por la suerte que espera en este invierno a los refugiados bosnios.	0
Mondeo no significa nada.	0
Entre los traficantes capturados destaca José León Castillo, uno de los más activos en el continente, acusado de introducir a Estados Unidos a miles de inmigrantes ilegales en los últimos cinco años, dice el informe, que no cita la nacionalidad hondureña del detenido.	0
Un partido que ha dimitido desde el primer día de esta responsabilidad, que aprobó los primeros estados de alarma con sus dificultades y con sus críticas, pero que a partir de ahí ha empezado a retirarse retirar se de que, efectivamente, la salud de los ciudadanos está por encima de cualquier cuestión.	1
El Rey Juan Carlos bajó del avión que lo trajo desde Brasil con un traje de color marrón y la reina Sofía vestía un abrigo verde claro.	0
En medio de todo esto, dos millares de prostitutas procedentes de 23 países celebran a partir de hoy un congreso de cinco días, centrado en llamar la atención sobre la discriminación jurídica de su profesión frente a otras.	0
Era una observación un tanto profana y preferí dejarla dejar la pasar sin comentario alguno.	0
El Departamento de Justicia dijo respecto a la última comparecencia de la compañía que ésta no tiene en cuenta el hecho de que se ha determinado ' que Microsoft ha cometido repetidamente graves violaciones legales y que es preciso aplicar remedios serios para restablecer la competencia e impedir violaciones similares en el futuro '.	0
Una incidencia entre 150 casos y superiores se considera de riesgo alto, y si la incidencia supera los 250 casos por cada 100.000 habitantes, que es, desgraciadamente, lo que está ocurriendo en buena parte del territorio español, se considera de riesgo extremo.	1
Esta Comunidad Autónoma ha decido cambiar de unidad territorial.	0
Creo en el derecho de la mujer de elegir y sé que mi padre siempre lo defenderá ', apuntó.	0
Con estas palabras, que cerraban el Acta de Fundación, quedaba decretado el nacimiento del de el Club Sportivo y Recreativo Tiro Federal.	1
Harrison confiesa a Katie que él la ama, pero ella le dice que es un chico genial, pero no siente lo mismo.	0
Rob dejó oficialmente Malevolent Creation y pasó a formar parte de forma permanente de Cannibal Corpse con Kill (2006).	0
Según Radio Fiyi, los golpistas han presentado hoy al régimen militar que encabeza el comandante Frank Binimarama una propuesta de nueve puntos en la que se exige el fin de la ley marcial, impuesta el lunes, y el retorno de un gobierno civil, en concreto uno decidido por Speihgt.	0
No agotaré todas las preguntas.	1
En dos páginas autobiográficas - muy bellas - está acaso un quehacer que se asoma muchísimo.	1
Yo conozco particularmente el sentido de Estado que tiene el señor Garamendi y el señor Garamendi no es un patriota de boquilla.	0
- - - Lo ve usted?.	0
Pero mis hijos habían cerrado las puertas y me miraban fijamente.	0
Es una palabra que se origina en la que designa al segundo día de la semana, el monday (por paralelismo con sunday y sundae).	0
En América un mondae es un helado con jarabe de chocolate y agua de soda.	0
Vale la anécdota de Ramón y Cajal: - Cuando un español sale con ganas de trabajar, que le echen alemanes de ésos -.	0
Por contra, en la segunda sesión de entrenamientos, para la parrilla de la segunda carrera, que se disputará en domingo, la pista estaba ya seca y la situación varió sustancialmente, siendo los españoles Antonio García y Angel Burgueño los que coparon la primera fila, por delante del portugués Aguas y del italiano Burlotti.	1
José Luis participa en representación del de el Grupo en las conversaciones auspiciadas por el histórico dirigente nacionalista Telesforo Monzón.	0
Las minas, sembradas en 1942 por las tropas del mariscal alemán Erwin Rommel como medida para cubrir la retirada nazi del norte de Egipto, tras la derrota a manos inglesas en El Alamein, se han cobrado, hasta el momento, la vida de más de 900 personas, e impiden proyectos de promoción inmobiliaria en la costa norte del país.	1
Y con determinación, con esfuerzo y con unidad volveremos a doblegar esta segunda ola de la Covid.	1
Cualquier otra empresa es mejor que esta.	0
Sólo que el calor en la ciudad era peor.	0
Especialistas en seguridad advirtieron que no son pasajeros comunes ni equipaje corriente lo que viaja a través de la conexión aérea bimestral asegurada por Irán Air entre Irán y Venezuela.	0
Por otra parte, el texto de la patronal contempla la creación de nuevos contratos de trabajo enfocados a la reinserción laboral de una duración que podrá oscilar de 18 meses a cinco años y la ampliación de ocho a doce meses del periodo de referencia (durante el cual se exige haber trabajado cuatro meses) para poder solicitar el subsidio de desempleo.	1
El montante global de la ayuda financiera otorgada por el Ejecutivo comunitario desde 1999 a esta región asciende a 24.5 millones de euros, según el comunicado.	0
Ella fue nombrada ' de Todos los Santos ', como es costumbre entre los Borbones.	0
Por primera vez, los gobernantes iberoamericanos rechazaron de forma más o menos explícita el embargo estadounidense contra Cuba, que el presidente cubano, Fidel Castro, consideró ' suficiente ', y deploraron los ensayos nucleares.	0
Diversas dudas.	0
Me parece una de las mejores opciones hoy en día.	0
El documento propone que el Care afecte a las personas que engrosen las listas del paro ' a partir de 1 de enero del 2001 ', a las cuales se les ofrecerá una ayuda personalizada para encontrar trabajo y una mejora del subsidio, pero serán sancionados económicamente si no respetan los compromisos adquiridos.	1
Ella vivió con la cabeza alta ante el Generalísimo, que jamás pisó el Palacio de Liria.	0
Aunque era consciente de que la guerra estaba perdida seguía negándose negándo se a rendirse rendir se.	0
Los guardias civiles no debían usar el tricornio, es decir los tres cuernos.	0
Illa.- Muchas gracias Irene por sus dos preguntas.	0
El que prende el fuego caníbal, desde la violencia se ha asentado ya en la destrucción, y su ritual es una catarsis salvaje.	1
Alcan es una de las mayores empresas del mundo dedicada a la producción de aluminio.	0
El ingreso per cápita del de el condado era de $ 15.871.	0
¿Cómo fue la construcción de la identidad de los desaparecidos?	1
A un mes de las elecciones, las dudas sobre quien las ganará no han sido despejadas, lo que en parte obedece a que algunos medios y los mismos partidos falsean los sondeos de opinión.	1
- Por qué en las embajadas continúa ondeando la que no lleva rayos?	0
El gobernador mostró a los periodistas un golpe leve sufrido en la cabeza y un pequeño sangrado en el labio superior, causados por las piedras y naranjas arrojadas por los manifestantes.	0
Se ha optado por un procedimiento que parece el más sensato en sustitución de éste, que es la elección telemática.	0
El Hyakutake se hizo visible a simple vista a principios de marzo.	0
Los niños la empezaron a saludar, le llevaban comida a escondidas de sus padres y le regalaban ropa.	0
No sólo salimos, sino que salimos más fuertes de esta situación.	1
El titular uruguayo de Transportes, Lucio Cáceres Behrens, anunció que su Gobierno será el anfitrión de la próxima reunión plenaria de ministros de Transporte del Hemisferio Occidental, en Punta del Este, los días 15 y 16 de marzo del 2001.	0
Nuestra seguridad hoy no tiene fronteras y, por eso, desde el año 2002 el Grupo Socialista, entonces en la oposición, dio su apoyo a esta misión, cuando el Gobierno decidió participar en ella.	1
Lo que la no rivalidad significa es que la existencia de un ejército equipado significa una garantía igual para todos ciudadanos del de el país.	0
De planta compleja, se organiza en V y presenta una volumetría escalonada, construida sobre todo por paralelepípedos, siendo la cubierta efectuada por múltiples tejado a cuatro aguas.	0
- - - Qué le parece a usted que hicieron allí arriba?	0
Enigüei, reconozco que lo tengo más sencillo que ayer, aunque ojalá menos sencillo que mañana.	0
Soy Virginia Miranda, de El Siglo.	0
El equipo vasco, tras caer derrotado en terreno del Mallorca (2-0), ya lleva cinco jornadas sin vencer, mientras que el Celta, que cedió un empate en casa frente al Numancia (0-0), encadena seis sin saborear una victoria.	1
Aunque todavía queda sin contestar una pregunta: Esa inmortalidad física - para qué?	0
A juicio de Alberto Fernández, el ' debate real ' en Cataluña está en si CiU afronta la legislatura ' predeterminada por una aproximación a ERC y a planteamientos independentistas o bien por los planteamientos de un PP que están construidos desde la moderación '.	1
' Por ahora, prefiero no hablar de ese asunto ', concluyó Toni.	0
Con esto yo no quiero decir nada.	0
En un comunicado, la organización humanitaria explicó que Estados Unidos destina 1,7 millones de dólares en ayudas a desactivar ese tipo de bombas en Vietnam.	0
Y la situación que vivimos es extrema.	0
Pero en la línea avanzada desde hace tiempo por el Gobierno y la Armada rusa ante el posible fracaso de la operación, Klebánov manifestó hoy que ' no puedo garantizar el éxito al cien por cien '.	0
Durante meses, ni se habló de ella.	0
El balance publicado ayer por la Asociación Nacional de Fabricantes de Automóviles (Anfac) sitúa a Galicia en el sexto puesto del de el ránking de comunidades que han registrado el peor comportamiento.	0
La alerta naranja - el tercero de los cuatro niveles que manejan los servicios meteorológicos - afecta a la región parisina y varios a departamentos del de el norte, del de el noroeste y del de el este del de el país, así como cuatro del de el sur fronterizos con España.	0
Tenía que comportarme comportar me a la altura de mi misión.	1
Grabaciones de vídeo durante los polémicos trabajos de salvamento de la tripulación mostraron un gran boquete en el primer compartimento del ' Kursk '.	0
Muy buenas tardes.	0
El miércoles pasado, Carlos Reutemann decidió separarse separar se del de el Peronismo Federal para asegurar el triunfo del de el justicialismo en las elecciones para gobernador de Santa Fe del de el año que viene.	0
Es precisamente en las partes altas de las cordillera de la Costa y Andina donde existe en mayor abundancia y donde sus flores toman una coloración más intensa.	0
Desde los primeros días de agosto se instalaron dos parlamentos en sesiones paralelas que, no son reconocidas por el Ejecutivo.	0
El dedo de gitano volvió a alzarse alzar se hacia el cielo.	0
En cambio, sí que ha recordado que las condiciones del PP para cualquier pacto de legislatura serían las que plantearon en el acuerdo de investidura: el respeto a la Constitución y el Estatuto y dar prioridad a las políticas sociales y económicas por delante de los ' debates nacionalistas '.	0
En filosofía, se entiende por mismidad la idea que apela a la unicidad del de el ser y no a la condición que adquiere por el hecho de devenir, como sugiere, en cambio, el concepto de ipseidad.	0
Por eso me alegro, igualmente, de que sea la Federación Española de Municipios y Provincias la que recoja ese reconocimiento en nombre de todos y cada uno de los españoles.	1
Le guiñó el ojo el hindú después de canturrearle canturrear le el calypso más famoso de toda la Historia del Calypso.	0
La Real Sociedad goleó por 4-1 en Anoeta a un Athletic de Bilbao que no consigue zafarse zafar se del maleficio que le persigue cuando se enfrenta a su eterno rival.	1
Al principio no eran más de diez, algunos de ellos con sus mujeres y sus niños y sus perros de comer, pero en pocos años desbordaron cuatro callejones de los arrabales del puerto con nuevos chinos intempestivos que entraban en el país sin dejar rastro en los registros de aduana.	0
La Comisión Europea invita a las terceras partes interesadas en esta operación a trasmitirle trasmitir le sus observaciones en el plazo de diez días sobre este proyecto de concentración.	0
Para decirlo decir lo en pocas palabras: Myanmar es un campo de exterminio de mujeres.	0
Dinosauria es un clado bien establecido, con un 98% de bootstrap.	0
Demetrio fue utilizada por más de 50 compositores para componer otras tantas óperas;	0
Algunos estudiantes se manifiestan en contra de este modelo.	0
Y si necesitáramos en el futuro de la prórroga del estado de alarma, yo espero que los partidos abandonen esa estrategia ventajista, asuman su propia responsabilidad y sean capaces de ver que el esfuerzo realizado no puede quedar en nada, porque si hubiera sido por algunas formaciones políticas, este domingo cada uno hubiera salido de su casa como le hubiera parecido y hubiéramos estado en una situación real de riesgo de rebrote, de riesgo de contagio, sin importar todo el trabajo previo que se ha realizado de contención de este virus.	1
Ambos habían insonorizadas este espacio subterráneo pequeño, que se encontraba en el jardín delantero de la casa.	0
En cambio Brasil reconocía a Perú como su colindante en toda la extensión del de el Río Yavari y por la geodésica que parte de Tabatinga y va a dar al a el Río Caquetá en su confluencia con el Río Apaporis.	0
Mikako Kotani, medallista olímpica y componente de la Ejecutiva del OBC, natural de Tokio pero cuya madre es de Osaka, ensalzó la amabilidad del pueblo de esta ciudad, que ' adora el deporte ' y tiene ' un gran deseo de amistad ', al margen de ' mucha energía a disposición de los Juegos '.	0
¿Qué significa tirar papeleras y quemarlas quemar las después con sus desperdicios?	0
Presidente. - No sé lo que se ha anunciado para el día 9, pero aquí no hay más criterio que el que hemos manifestado en otras ocasiones: diálogo y Ley.	0
Por su parte, la comunidad internacional ha condenado desde el principio la intentona golpista que encabeza Speight y países como Australia y Nueva Zelanda, entre otros, están a la espera de que los rehenes sean liberados para adoptar sanciones contra Fiyi por abandonar la senda de la democracia.	1
Lo que no sé, tras este rechazo, es a donde quiere llegar cuando dice que sí le gustaría tener una participación ' directa, activa y estable ' en su gestión.	0
Este ataque particularmente violento, fue grabado en video desde los balcones del de el edificio situado al a el otro lado de la avenida.	0
Los dos sindicatos mayoritarios expresaron hoy su desacuerdo con la venta de la empresa estatal de armas Santa Bárbara a General Dynamics, pero se mostraron dispuestos a negociar un plan de futuro con la multinacional estadounidense.	0
' El conflicto es entre los gremios y son ellos los que tienen que ponerse poner se de acuerdo y plantear la solicitud al a el cuerpo ' concluyó.	0
Muchos de los que estáis hoy aquí conocisteis a Miguel Ángel.	0
Esta compra se enmarca, como saben, en la política de adquisiciones centralizadas de la vacuna acordada por el conjunto por la Unión Europea y negociada por parte de la Comisión Europea.	1
El documento final felicitó los esfuerzos de Ecuador y Perú para conseguir en este mismo foro un acuerdo de paz global y definitivo sobre su conflicto fronterizo, y apoyó el proceso de paz de Colombia.	0
La empresa tiene planes para abrir una nueva galería en Zurich en marzo próximo, que celebraría cuatro exposiciones al año, según el diario.	0
El aumento sostenido que ha experimentado la exportación vitivinícola durante los últimos cuatro meses fue valorado por los productores y exportadores como ' un logro muy significativo '.	0
No encontraba razones para que Fermina Daza no fuera una viuda igual, preparada por la vida para aceptarlo aceptar lo a él tal como era, sin fantasías de culpa por el marido muerto, resuelta a descubrir con él la otra felicidad de ser feliz dos veces, con un amor de uso cotidiano que convirtiera cada instante en un milagro de vivir, y con otro amor de ella sola preservado de todo contagio por la inmunidad de la muerte.	1
Vázquez Quintana intervino hoy en unas jornadas sobre ' Acceso radio en el bucle local de abonado ', organizadas por APD (Asociación para el Progreso de la Dirección) y dijo que las del modelo concesión de licencias español, por concurso y no por subasta, hace que el Estado ingrese menos pero a cambio los operadores pueden desarrollar su red más deprisa y amortizar antes sus inversiones.	1
- No es eso - intentó explicar mi hijo tras unos momentos de reflexión -.	0
Y de hecho, ya se estaban produciendo avances en un diagnóstico común y en la posible búsqueda de soluciones.	1
UGT subrayó que no se puede permitir el ' abuso ' empresarial en la utilización de ese tipo de contratación y que son necesarias medidas eficaces que favorezcan que España pueda converger con los restantes países de la Unión Europea en cantidad y calidad del empleo.	1
La comida es maravillosa (creo que desde que como allí estoy mas gordita jejeje).	0
A su juicio, el sistema sanitario público es ' razonablemente bueno, pero con algunos riesgos ', ya que el Sistema Nacional de Salud ' no se ha convertido en una de las prioridades de desarrollo del Estado del Bienestar '.	0
Su detención ocurrió alrededor de las 02:10 horas de ayer, cuando intentaba escapar en el taxi que acababa de robar.	0
Por eso en ocasiones esperaba durante horas al otro lado de la puerta, en el pasillo, provista de algún camuflaje razonable (la bolsa de la compra, el abrigo, el misal, el monedero), hasta escuchar sus pasos; entonces se precipitaba al descansillo, aturullada, fingiendo una sorpresa desmedida al encontrarle encontrar le, e intercambiaba con él breves disquisiciones sobre el tiempo, tema este que Antonia sacaba con tanto empeño y que exponía con tanto ardor que el buen hombre debió acabar creyendo que su vecina poseía una intensa vocación meteorológica.	1
Además, este primer triunfo ha llegado en el mejor momento por todo lo que ha pasado.	1
Sin lugar a dudas, en el ámbito de la justicia juvenil todas las penas y medidas que se adopten tienen que estar dirigidas a evitar precisamente que los menores vuelvan a delinquir.	0
IU se convirtió en la gran derrotada al perder 3 de sus representantes en el Parlamento y la mitad de los votos al pasar de 547.000 votos a apenas 279.000, mientras que el GIL aparece como cuarta fuerza más votada, pese a no obtener escaños con algo más de 32.000 sufragios.	1
Recomiendo los won - ton de morcilla y esperar a la tapa del de el día con tu cervecita!	0
Creo que el título más apropiado para una colección de artículos de crítica cinematográfica es el que Guiliermo Cabrera Infante escogió para su libro ' Un oficio del siglo XX '.	0
En septiembre de 1548, por encargo de Irala, Chaves emprendió el largo camino hasta Lima con cuatro españoles, entre ellos el capitán Marcos Victoria, y cien indios amigos.	0
Por tanto lo que nosotros estamos queriendo y lo que estamos animando todo el tiempo es que haya un entorno de diálogo, un entorno de debate, que tengamos altura de miras y que seamos capaces entre todos de plantear los cimientos de un proyecto de país que merece lo mejor de la política en un momento en el que los ciudadanos están dejando lo mejor de sí mismos.	1
Lo que hasta entonces había sido para él una mera ilusión se convirtió gracias a ellas en una posibilidad que se podía coger con las manos.	1
Pero además del diálogo social, fruto de la pandemia sanitaria el Gobierno también ha optado por otro espacio de diálogo, que ha sido el entorno del Congreso de los Diputados en relación con los Pactos de Reconstrucción.	1
A veces me viene a las mientes la historia de ' Le roi Bambance ', de Marinetti; monarca que no pasa de ser un tipejo cómico, trágico y burlesco, según nos lo han caracterizado.	0
Edward Burnett Tylor sostenía que las sociedades no occidentales usaban el animismo para explicar por qué sucedían las cosas.	0
Desde que lo vislumbraban en la claridad del alba atravesaban la calle y cambiaban de acera con pasos menudos y entrecortados, pasos de pajarito, pues el solo pasar cerca de un hombre podía mancillarles mancillar les la honra.	1
- - - Eso está en Europa, no?	0
Comimos un arroz con pollo muy sabroso.	0
A lo mejor esos minúsculos peces abisales existen de verdad dentro de nosotros y lo que ocurre es que sólo en raras ocasiones podemos verlos ver los.	1
Hasta el momento tienen prevista su asistencia siete jefes de Estado, nueve primeros ministros, cuatro presidentes de cámaras Legislativas, cinco viceprimer ministros y once ministros de diferentes países, la mayoría del Pacífico asiático.	0
¿Qué significa echarle echar le mierda?	0
Además de Ayllón, los senadores firmantes de la petición son Juan Pablo Herranz y Antonio Collado, de Castilla-La Mancha; Francisco Arnau, Segundo Bru y Angel Franco, de Valencia, y María Antonia Martínez y Manuel Hurtado, de Murcia.	0
El retablo mayor del de el prebisterio es del de el siglo XVIII con varios relieves y esculturas.	0
La celeridad en tramitar la disolución, que fue decidida por el primer ministro esta mañana, impidió al pleno debatir la moción de censura que presentó el jueves la oposición que atacó de anticonstitucional recientes comentarios de Mori sobre el emperador y la presunta divinidad de Japón.	1
Además, recordó, la media diaria de negociación se situaba en los 108 millones de euros, mientras que en 1999 el promedio alcanzó los 1.181 millones de euros.	0
Uno no puede impunemente desprenderse desprender se de su esencia por eso digo lo de los ex bigotudos.	1
Y España, en sus contactos con esos países y en los foros pertinentes, trabajará para lograr de ellos una cada vez mayor implicación positiva para la resolución del conflicto afgano.	0
El video de Freedom fue dirigido por Peter Christopherson y producido por Fiz Oliver de Squeak Pictures.	0
Realizan el catering con productos de alta calidad, e incluso de procedencia ecológica.	1
Se ve que la señora Aguirre, prototipo rubioceniza y pequeño chanel de la derecha global que nos rodea por todas partes, entiende la limpieza como un holocausto.	1
Además, exigiendo a la Casta Politica los mismos sacrificios y esfuerzos que los ciudadanos afrontamos cada día.	0
El jefe del de el SAS, general Peter de la Biliere, decidió enviar un helicóptero para reconocer el objetivo, la ubicación de los aviones y del de el combustible.	0
Don Diego Hurtado de Mendoza, que vivía días más gloriosos que los nuestros, sentía comezón por el trabajo y decía a su acompañante: ' Trabajemos, Juan Páez.	1
Todo, naturalmente, sujeto a cómo evolucionan las cosas y a cómo vayamos viendo la evolución de la epidemia en este caso en la Comunidad Autónoma de Madrid.	1
Como base para la fundación de la villa el rey tomó la población de Legutiano, situada cerca del de el límite de Álava con el Señorío de Vizcaya, a la que cambió de nombre, dotó de fueros y dio jurisdicción sobre varias aldeas cercanas: Urrúnaga, Gojáin, Urbina, Anguelu, Nafarrate y Elosu.	0
Socorro, de 28 años, fue llamado por el técnico de la selección venezolana, el argentino José Omar Pastoriza, para el amistoso ante el Marítimo de Portugal, pero no pudo integrarse integrar se porque su equipo se disputaba el ascenso a la máxima categoría del fútbol español.	0
Es imposible no emocionarse emocionar se al recordar la figura de Miguel Ángel Blanco, al lamentar la ausencia de un compañero que nunca tenían que habernos arrebatado; que, como muchos otros, tenía que haber seguido a nuestro lado, cumpliendo con su vocación de servicio y viviendo.	1
Digámoslo Digám os lo claramente, la insurgencia se ha pronunciado mucho más claramente respecto al a el tema de la paz que el Estado, como lo demuestra el fragmento que Bermúdez cita de la respuesta de ' Gabino ' a Piedad Córdoba, en la cual no se plantea ni siquiera ' esperar un mejor gobierno '.	1
Yo espero que después de la experiencia que hemos vivido con este referéndum, que ya no se va a celebrar, se actúe con sensatez, con moderación, con equilibrio y con razón, y que se acepten las propuestas para hablar y para dialogar; pero, insisto, siempre dentro de la Ley.	1
La batalla de Chemulpo fue una batalla naval que tuvo lugar el 9 de febrero de 1904 en el puerto del de el mismo nombre, en Corea, en el marco de la Guerra Ruso - Japonesa (1904-1905), enfrentando a la Marina de la Rusia Imperial con la Armada Imperial Japonesa.	0
Se construyó un prototipo y 21 aviones de serie.	0
¿Para qué escribir?	0
La oposición tachó las palabras de ' indignas ' y comprometedoras de la separación entre religión y Estado, y pidió la dimisión de Mori con la moción de censura, al considerarle considerar le incapacitado para gobernar el país.	0
El territorio del de el municipio de Gómez Palacio es prácticamente plano por encontrarse encontrar se en el extenso valle desértico que constituye a la Comarca Lagunera y por el cual fluye el río Nazas hacia su antigua desembocadura en la Laguna de Mayrán, la altitud del de el territorio fluye desde los 1,100 metros sobre el nivel del de el mar en toda la zona del de el valle hasta los 1,800 metros sobre el nivel del de el mar que se ubican en las únicas elevaciones del de el territorio que se encuentran en le extremo oeste del de el territorio junto al a el límite con el municipio de Mapimí y que precisamente denominado Sierra de Mapimí.	1
Ser rico en aquel tiempo tenía muchas ventajas, y también muchas desventajas, por supuesto, pero medio mundo lo anhelaba como la posibilidad más probable de ser eterno.	1
Respecto a Rusia, ambos dirigentes coincidieron en sus deseos de cooperación con ese país y abordaron ' las luces y sombras ' en la situación del mismo.	1
Francia, que vivía uno de los momentos de cambio más importantes de su reciente historia, casi su segunda revolución, fue la gran vedette de esos años.	1
Trabajamos y Germán de Granda, desde su aparente exabrupto, es un buen modelo de lo que llamamos cumplimiento del deber, con una fórmula muy olvidada por estos pagos.	0
Y sin embargo, el tibio mar en el que estaba inmerso le prestaba un calor de abrigo, como una manta, un cuerpo de mujer  la sensación de estar en casa un día de otoño, la lluvia más allá de los cristales.	1
Muchos, la primera vez que la vimos fue en Hazañas Bélicas, aquellas historietas en que los americanos eran siempre corpulentos y campechanos, e iban mal afeitados, con un pitillo en la boca y el casco algo tirado hacia atrás.	0
Pedimos información al a el Consejo Directivo del de el IESS, que nos expliquen la fórmula de cálculo, de lo contrario habrá que presentar una acción ante el Tribunal Constitucional ', señaló.	0
Los científicos y expertos apuntan a que pese a ser el mismo virus, esta segunda ola tiene otras características.	1
El desarrollo, la integración y la cooperación fueron los asuntos protagonistas de esta reunión.	1
También colaboró con organizaciones no gubernamentales en Centroamérica llevando ordenadores donados en EE.UU. y reciclándolos reciclándo los para la Universidad de El Salvador.	0
Y la cifra de fallecidos es de 34.752, de los que 655 corresponden a esta última semana.	0
El pasaporte debe tener una vigencia de al a el menos seis meses de validez y es necesario un visado, que se obtiene en los aeropuertos de Egipto (sin fotos) a su llegada.	0
Pero reunir trabajos dispersos, y difíciles de lograr, no es tarea desdeñable, sino que merece nuestro reconocimiento.	0
Speight, quien ha definido su acción como un ' golpe de Estado civil ' en favor de la comunidad de nativos fiyianos, dejó el recinto del Legislativo escoltado por un grupo de soldados.	0
El Espanyol goleó al Betis (3-0), ascendió al séptimo puesto de la clasificación y envió a zona de descenso a un equipo andaluz que encadena nueve jornadas sin conocer la victoria.	1
La imagen (la más asquerosa que puede concebirse concebir se con tan asquerosa criatura) me impresionó como sólo lo hacen las visiones de las pesadillas, y alguna vez me he preguntado si me había impresionado lo mismo en el caso de que no fueran ratas sino canarios los animales a los que aquel personaje arrancaba la cabeza de un mordisco.	0
- - Esto es al contado.	0
En la implantación de la jerarquía cristiana, Oriente disponía de todos los patriarcados de la Pentarquía menos el de Roma (Alejandría, Antioquía y Constantinopla, a los que se añadió Jerusalén tras el concilio de Calcedonia de 451);	0
Ahora rezan los chicos frente al belén con más devoción que nunca y la casa vive llena de chavales.	1
Desde el año 1835 y hasta el año 1996, la denominación de este municipio era Castro Cillorigo.	0
Tres años después contendió por la gubernatura del de el estado de Guanajuato, contra el candidato del de el PRI Ramón Aguirre Velázquez, ex regente del de el Departamento del de el Distrito Federal, en el gobierno de Miguel de la Madrid Hurtado entre el 1 de diciembre de 1982 y el 30 de noviembre de 1988.	0
Acalypha alopecuroides fue descrita por Nikolaus Joseph von Jacquin y publicado en Collectanea 3: 196.	0
A lo largo de 2010, la N - 525 está siendo mejorada en la provincia de Zamora a través de diversas actuaciones.	0
- Y Mondeo?	0
- Es cierta esa versión cristiana y consoladora que asegura que los sacrificios no son inútiles?	0
Fidalgo, quien hoy asistió a la inauguración del séptimo congreso regional de CCOO, explicó que, de los más de cuatro billones de pesetas que el Erario público gastará este año en asistencia sanitaria, un tercio es para el gasto farmacéutico, un apartado que calificó de ' altamente ineficiente '.	0
No, no, el Gobierno no va a renunciar en ningún caso a preservar la salud de los ciudadanos.	0
En concreto, Matutes señaló como momentos importantes la cumbre de Berlín, con la aprobación de la Agenda 2000, ' donde hemos conseguido unos incrementos sustanciales en los fondos estructurales ' y la Conferencia de Amsterdam, donde se cerró la última reforma de la UE.	1
¿Está preparada para detectar casos sospechosos y hacer seguimientos?	0
Hemos seguido el criterio que desde el principio hemos defendido de que, para poder valorar los posibles efectos que tenga la progresión de fase en cada unidad territorial, es necesario permanecer -al menos hasta ahora lo consideramos así- un período mínimo de 14 días, que es el período de incubación que permite ver si ha habido efectos en el progreso de fase y como también en su día indicamos, a partir de este lunes, daremos publicidad a todos los informes que han avalado las decisiones previas hasta la progresión a fase 1 de todas las Comunidades Autónomas en un esfuerzo de transparencia que ha estado siempre en el ánimo del ministerio.	1
La organización humanitaria Handicap International (HI) pidió hoy a Estados Unidos y Vietnam que se adhieran cuanto antes al Tratado Internacional de Prohibición de las Minas Antipersonas y dejen de fabricar ese tipo de armas.	1
Tuvo que admitir, aunque fuera torciendo el gesto, que se habían cometido errores y se comprometió a corregirlos corregir los.	0
He pensado en conductas - y formas de vida - paralelas.	0
La Declaración destacó la preocupación iberoamericana por la situación financiera internacional y el riesgo de que derive en una grave recesión mundial.	1
Una crónica fidedigna exige a sus autores la legitimidad moral para escribirla escribir la y sólo los demócratas contaremos la verdad de medio siglo de terrorismo; una verdad en la que brillará con luz propia Miguel Ángel y tantos otros que dieron su vida por defender nuestra libertad.	1
- - Aproveche el sol y no se preocupe por mí.	0
Chávez, al pisar suelo de su país, tras regresar de La Habana, señaló que el encuentro de los presidentes y representantes de las naciones pobres fue realmente extraordinario e ' histórico ' para todo el mundo.	0
- Vamos a decir que esas variedades son iguales?	0
El H8 fue similar a los equipos de bus S - 100 de la época, y como otras máquinas utilizaba el sistema operativo CP / M en disquete.	0
Señoras y señores, gracias.	0
La compañía creada por empresarios de Venezuela y Colombia incumplió en la construcción de una planta de tratamiento de las aguas residuales que resultan de sus procesos industriales de fabricación de materias primas que se derivan del petróleo.	0
Este espacio es para promover el diálogo, compartir, discutir y argumentar sobre el artículo publicado, únicamente.	0
En su jardín vive un búho.	0
' Ha hecho muy pocas competiciones porque la IAAF tomó muy tarde la decisión de levantarle levantar le la suspensión, pero sus entrenamientos han sido buenos aunque sus últimas marcas no lo hayan sido y está en condiciones de ganar aquí ', comentó De la Torre.	1
Por sectores económicos, el paro registrado subió en la agricultura en 816 personas, pero bajó en los servicios (26.927), industria (7.943) y construcción (6.819), así como en el colectivo sin empleo anterior (6.816).	0
Son tan amables, dicen altas, pagan también a las feas y a las guapas, beben ron y coca-cola, van a Point Cumama.	0
Los constantes cambios detrás de la barra han hecho mella en la calidad de las copas y en el trato al a el cliente.	0
¿Qué veo también?	0
La justicia social, defendida por la corporación gremial, convirtió a los ' maestros ' en ' trabajadores ' de la educación.	0
Mucho cuidado con esta entidad, está arruinando a miles de familias.	0
El ex ministro español de Industria y Energía Luis Carlos Croissier sugirió hoy, lunes, a las autoridades mexicanas que impulsen la privatización de empresas estatales en el mercado de valores para elevar la captación del ahorro interno.	1
Y ya por último, para la ministra Montero: respecto a los criterios de reparto del fondo no reembolsable de los 16.000 euros, desde la Comunidad se rechazan estos criterios sanitarios y piden que sean por población.	0
' Mi concepto y elemento más importante es que deseo ser un ejemplo con mis acciones sin que tenga que copiar a nadie ', destacó Agassi.	0
En este caso mientras que se mantienen las medidas preventivas, las Delegaciones del Gobierno se confirman que eso puede ocurrir a través de las consejerías de Sanidad de las comunidades autónomas, que sí dan el visto bueno a que la situación de garantía sanitaria está cumplida se celebran esas manifestaciones, en donde muchas veces los gritos que se plantean son contradictorio con el simple hecho de manifestarse manifestar se.	1
Muchos de ellos, han integrado tanto las selecciones juveniles, como la mayor.	0
Voy concluyendo y lo hago reiterando la posición del Gobierno: debemos permanecer en Afganistán, asumiendo las actuales responsabilidades, mientras sea necesario, mientras estén en peligro la seguridad del país y de la región, la seguridad global y la seguridad de los españoles, y siempre dentro del marco de legitimidad y de consenso de la Comunidad Internacional.	1
El puso estos conceptos en la practica a través de la ' nariz de tiburón ' (shark nose), en el segundo restyling del de el DS en 1967.	0
Este recurso, interpuesto por el poderoso Partido Social Cristiano (PSC), al que le correspondía por ley la presidencia del Parlamento en el segundo período legislativo, fue aceptado por un juez.	0
Adaptó entonces posiciones cada vez más conservadoras, basadas en la defensa de la tradición y la religión católica.	0
La que tienen por ser representantes de la soberanía popular.	0
Tal vez valga la comparación, pero prefiero otros recuerdos personales.	0
Si los lectores son del talante que el autor denuncia, las palabras que les dedica sólo valen como desahogo personal, pues nadie las leerá, y ahí quedarán apasionadas y sin eco.	1
Chávez dijo que el aplazamiento de las elecciones ha servido de lección a los venezolanos, ' porque aprendimos que las instituciones han funcionado, también por la reacción madura de nuestro pueblo y porque ha abierto el compás a la mayor participación de la sociedad civil '.	1
Este lo rechaza alegando que pertenece a un equipo y que estará con ellos pases lo que pase.	0
El 19 del de el mismo mes se hizo la ceremonia de recepción del de el primer Spartan.	0
Estos deportistas, de los cuales diez han sido becados por la Fundación Andalucía Olímpica, consiguieron en Sydney una medalla de oro, seis de plata y cuatro de bronce, además de 24 diplomas de finalistas.	0
En 2000 Ouyahia fue elegido líder de su partido, el National Rally for Democracy.	0
Por tanto, celebro esa noticia, creo que es muy positivo y lo que tengo que decir ahora, de cara al futuro, es que se abre un camino para hablar y para dialogar, que es lo que debería haberse haber se hecho desde el principio y no tomar decisiones unilaterales.	1
Las exportaciones de vinos chilenos registraron un aumento del 23,3 por ciento en abril pasado en comparación con el mismo mes de 1999, hasta los 164,4 millones de dólares, informaron hoy fuentes del sector.	0
Además, una alianza con el metro de Samara para construir diversos tramos ha dejado a KazMetroStroy, la empresa que dirige la construcción, en números rojos.	0
En 2006, NCR compró IDVelocity y la división de cajeros automáticos de Tidel, eran equipamientos de alta seguridad para el mercado al a el por menor.	1
Pero Cárdenas, candidato del PRD, ha reiterado esta semana que no hará ninguna alianza con Fox, con quien ha intercambiado frases duras en los últimos días.	1
' Se trata de beneficiar a laboratorios farmacéuticos, que endosan al sistema sanitario no sólo los fármacos convenientes, sino bastante morralla ', apostilló.	0
Con todo ello, y como efecto político más significativo, quiero destacar que en Londres se produjo un reequilibrio entre la dimensión política y la militar en Afganistán.	1
Según Zubía, en el caso de las mujeres esta tendencia es ' aún más grave ', ya que ' siguen decantándose decantando se por las profesiones tradicionalmente femeninas ', lo que sitúa al 48 por ciento de las mujeres en carreras de bajo o muy bajo grado de inserción laboral frente a un 28 por ciento de los hombres.	0
Vio cromos de revistas, postales amarillentas de las que se vendían como recuerdo en los portales, y fue como un repaso fantasmal a la falacia de su propia vida.	1
Alonso, que hoy se desplazó a Talavera de la Reina (Toledo) para presentar el Programa Operativo, preguntado por la demanda que López de Coca ha presentado contra el presidente regional, José Bono, a quien reclama 30 millones de pesetas por lesionar su honor, dijo que ' este señor, ex director general, cesado inmediatamente tras la aparición del escándalo por la entonces ministra, pretende reactivar el asunto del lino '.	1
Gracias por recordármelo.	0
Su única especie: Chilkasa falcata zse encuentra en la India, Tailandia, Península Malaya, Sumatra, Borneo y Filipinas.	0
Amiga Dottie, ¿dónde estás?	0
Nos gustaría saber si el Ministerio baraja esta opción.	1
Ni sus diez palacios, ni sus mil fincas, ni su condición de emperatriz del latifundio, la convierten en la representante del feudalismo.	0
Le adormiló el vaivén del coche poderoso y bien cuidado, una herramienta al servicio de un oficio que el chófer quería elevar a la condición de guía exaltando las gracias de Trinidad.	1
Nos dijeron que se habían acabado varios platos.	0
Sin embargo dijo que ahora están ' en un nivel aceptable ' y que se podrán agilizar esas entregas de alimentos, medicinas, agua y ropa.	0
Por supuesto éste no es el caso actual, pero la caída de los viejos mitos y el derrumbe de ideologías que hasta ahora gobernaban el mundo, o por lo menos la utopía que sobre ese mundo proyectábamos, nos autorizan a suponer que ese vacío intelectual se ha vuelto a abrir, y que es de dimensiones mucho más graves y preocupantes.	1
En los últimos días, he vivido instantes muy emotivos ', confesó a Efe Toni.	0
La posibilidad de aliviar los costes y de contrarrestar las pérdidas causadas por los bloqueos mediante el pago diferido de aranceles también es estudiada por el Gobierno, añadió el titular de Agricultura.	0
Vuelve a salir con su amigo el día de San Patricio y pasan la noche en un pub donde años más tarde sabrá que también estuvo la madre de sus hijos, que se deja allí un paraguas amarillo que Ted cogerá para resguardarse resguardar se de la lluvia.	0
El primer director fue el astrónomo Maurizio Buscalioni, de nacionalidad italiana quien destacó los aspectos meteorológicos y astrométricos dotándolo con instrumental moderno para su época, también todo lo necesario para las primeras mediciones sistemáticas de presión atmosférica como temperatura, humedad y pluviosisad.	0
Después de solamente dos temporadas en la First Division, el equipo fue relegado a la Second Division.	0
El luso quiere esperar unos años.	0
La que conocemos no la quiere repetir nadie.	0
Quisiera recordar, para finalizar, que nuestro país, a diferencia de en la primera ola, cuenta hoy con las capacidades necesarias para hacer frente a esta segunda ola.	1
Y eso no es sólo una Operación Limpieza; eso es, señora Aguirre, limpieza étnica.	1
Gracias y contad con mi ayuda para cualquier cosa.	0
El Banco Central Europeo advirtió este martes que la eurozona necesita no sólo normas mucho más estrictas sobre el endeudamiento soberano sino mayores controles en el endeudamiento de consumidores y empresas.	0
La semana pasada, el Consejo de Ministros aprobó la adquisición de más de 31 millones de dosis de la vacuna desarrollada por AstraZeneca, la compañía farmacéutica AstraZeneca, contra el Covid-19.	0
A primera hora de la mañana hacía gimnasia con Lali Ruiz en el monitor de la derecha, mientras descifraba las noticias americanas de la ABC, lo que en ocasiones provocaba algunos momentos de tirantez; al fin y al cabo, 30 flexiones estirando la pierna izquierda y otras 30 con la derecha no son el mejor caldo de cultivo para recibir los tambores de guerra en el Golfo.	1
P.- Hola, ¿qué tal?	0
El menor coste de las licencias de telefonía móvil UMTS en España sobre otros países permitirá abrir el mercado del móvil a operadores de servicios sin red antes que en otros países europeos, dijo hoy el presidente de la Comisión del Mercado de las Telecomunicaciones, José María Vázquez Quintana.	1
Fuimos hasta allí, tras un largo trayecto de traqueteantes autobuses, para almorzar con su hermana.	0
Consiguió, me dicen, organizar el suburbio, y sacarlo sacar lo de la violencia y el salvajismo.	1
Por tanto, los resultados son buenos, son mejorables y en ello estamos pero son francamente positivos, son fruto de un trabajo intensivo mantenido durante muchos años por el Gobierno Vasco, y es importante destacar sobre todo el objetivo resocializador que es lo que de verdad hace que esta política sea humana.	1
El consejero andaluz de la Presidencia, Gaspar Zarrías, ha remitido una carta al ministro de Exteriores, Josep Piqué, en la que le solicita que el Estado español demande a Gran Bretaña por incumplir diversas normativas comunitarias en relación con la presencia del submarino Tireless en Gibraltar.	0
Por tanto, no descartamos ninguna cuestión y por supuesto seguiremos al dictado de lo que las autoridades sanitarias marquen, porque para nosotros, sí que sí, la salud de los ciudadanos está por encima de cualquier otra cuestión y no vamos a tirar por tierra el trabajo que se ha realizado durante todo ese período con el sacrificio, con la economía, con todo lo que los ciudadanos han dado de sí para que hoy tengamos las cifras sanitarias afortunadamente buenas que hoy tenemos.	0
En España, añadió, fue posible impulsar una serie de procesos de privatización porque el Estado mantuvo durante años una presencia significativa en el capital y compartió con miles de pequeños accionistas la propiedad de las empresas.	1
No sé a quién se le ocurrió ni en que tertulia nocturna lo escuchamos, pero entendemos que para alguien que nunca haya visto u oído a Mercyless podría servir como punto de partida para saber por donde van los tiros.	0
Nuestro sistema de justicia juvenil está enfocado a la consecución de unos determinados objetivos.	1
Soy Fernando Varela, de Infolibre.es.	0
Según las primeras inspecciones de los delegados sindicales, ' las obras carecían de las más elementales medidas de protección tanto colectivas como individuales ', apuntaron las citadas fuentes de CCOO.	0
Y esto lo estamos haciendo no solo con medidas paliativas, sino que se está generando una dinámica de un nuevo marco de relaciones sociales, de relaciones laborales, que sin duda también van a ser un cimiento muy importante para toda esa discusión que tiene que venir y que se tiene que seguir produciendo.	1
Tenemos además que seguir avanzando en todos los frentes.	1
Quería saber si las relaciones con Ciudadanos se mantienen bien para seguir esta progresión después del ruido que ha habido a propósito del acuerdo también con Bildu.	1
El conductor volvió el rostro de gordo gitano hepático hacia su cliente.	0
Por eso podemos destacar que en el ámbito de la justicia juvenil en Euskadi la reincidencia solamente se produce en niveles por debajo del 20%, esto en un seguimiento de cuatro años que es el que está establecido en el propio plan para hacer el seguimiento de los jóvenes infractores.	1
¿Por qué seis meses?	0
El pueblo en España se entendió mejor con los aristócratas que con sus capataces.	0
En el norte de la ciudad se están construyendo distintos PAU (Plan de acción urbanística) como el de San Chinarro, Montecarmelo o las Tablas con más de 10.000 viviendas.	0
La elección de un nuevo presidente por parte del Parlamento israelí se decidió después de que el actual jefe de Estado, el también laborista Ezer Weizman, anunciara el pasado fin de semana que dimitirá a más tardar el próximo 10 de julio.	0
No obstante, el entrante primer ministro nombrado por el SDP-HSLS, Ivica Racan, ha llamado al electorado a que vote por Budisa, pues ' sólo con él podremos finalizar el trabajo iniciado el 3 de enero y cumplir los cambios prometidos '.	0
Sin embargo, para finales de 1986 cambió de idea y decidió que el nuevo material serviría para un nuevo álbum de Pink Floyd.	1
El ex senador por Nueva Jersey se burló del lema del candidato republicano a la presidencia, George W. Bush, que promueve un ' conservadurismo compasivo '.	0
Derribar papeleras que son cortesía y provocar las llamas destructoras de Hécate y Kali, es un acto de protesta.	0
Pese a ello, el 74 por ciento de los israelíes opina que Weizman ' ha sido un buen presidente '.	0
' En su época, los empresarios tenían que pasar por Filesa, tenían que conseguir un intermediario que les consiguiera una comida con el propio señor González, nos encontrábamos con que los amigos del presidente estaban siempre en todas las operaciones y en algunos casos hemos tenido que vivir algunos escándalos especialmente desagradables sobre el tema '.	0
Y les dirijo estas palabras conmovido todavía por el reciente asesinato del capitán de la Guardia Civil José María Galera, el alférez Abraham Leoncio Bravo y el intérprete Ataola Taefik Alili.	1
La estabilidad financiera es algo que Macedonia reconoce.	0
En el caso de la agroindustria avícola, millares de pollitos han sido regalados o arrojados en las carreteras por los empresarios de Santander.	0
El término en inglés, y el más extendido es wolf pack, o manada de lobos.	1
' Ahora nos conocemos todos, aquí no hay secretos.	0
Los andrólogos chasquean la lengua: la noticia no se aguanta por ningún lado.	0
Podrá sacar los tanques a las calles, pero tendrá que enfrentarse enfrentar se a más de 18 millones de peruanos ', mantuvo el líder del Partido ' Perú Posible '.	1
Hoy, cuando queremos reconocer la reacción unánime de la sociedad española en aquellos días de julio, la unión de los demócratas sigue siendo la mejor manera de honrar a nuestras víctimas y, también, la mejor manera de desterrar para siempre el terror y su ambición totalitaria del País Vasco y de toda España.	1
En la conferencia de prensa Pedro Antonio Ríos expresó su deseo de que durante el periodo que falta para las elecciones se hable de alternativas y se hagan propuestas sobre el empleo, la mejora de las condiciones laborales y el modelo de Estado.	0
¿Nosotros qué le estamos planteando a usted?	0
Así, el 23 de junio de 1880, fue decretada la construcción del de el Ramal de la Alfândega, y de la correspondiente estación terminal.	0
Protagonizó esta cumbre la detención en Londres del general chileno Augusto Pinochet por orden de la justicia española, acusado de torturas y genocidio.	1
Los mayas fabrican telas de tres lluvias o de dos o de cinco según su diafanidad y ligereza.	0
Furioso, Marcus envía a Spock y a McCoy a la arena como consecuencia del de el desafío de Kirk.	0
A lo largo de la novela el fugitivo cita a la visión del de el control poblacional de Thomas Malthus.	0
El daño se estima que excedió un millardo de dólares estadounidenses actuales.	0
Creó inicialmente esculturas de hierro realistas - principalmente aves - y presentó su primera exposición individual en 1954 en la Galería Martinet de Amsterdam.	0
' Debemos escuchar las palabras de mi hermano aquí en Los Angeles. Habló de una elección y esa es ahora nuestra elección ', afirmó Ted Kennedy ante un público enfervorecido al que repitió las palabras del presidente Bill Clinton: ' No volvamos atrás '.	1
¿Tiene previsto el Ministerio alguna medida, habilitar ayudas urgentes para estos casos?	0
Construyó un marco de dignidad en el que reconocerse reconocer se: luchó por otorgar una dimensión humana a unas vidas embrutecidas por la miseria.	1
Esperamos que los gobiernos autonómicos hagan lo propio en sus respectivos parlamentos regionales en tanto en cuanto ellos son las autoridades delegadas de este Estado de Alarma.	0
Ha seguido jugando un papel muy activo en el proceso de paz de Oriente Medio, y hemos mantenido vivo el proceso de Barcelona ' de respaldo a la cooperación con los países del Mediterráneo.	1
Chaytor regresó a Buenos Aires en diciembre de 1818.	0
Illa: Gracias, Virginia.	0
En una fiesta de parlamentarios sintoístas el mes pasado Mori creó una de las tormentas políticas más ruidosas de los últimos años al decir que ' Japón es un país divino con el emperador en el centro '.	1
Y hoy ' España es un socio de referencia ', un país con gran prestigio en Iberoamérica ', y ' además, ya hemos puesto los pies con fuerza en Asia, que era un continente hasta ahora con poca presencia española ', agregó.	1
En este entorno que hemos tenido que vivir lo más prudente, lo más sensato es seguir con esas instrucciones de distancia social, de lavado de manos, de utilización de la mascarilla cuando está indicada por parte de las autoridades sanitarias.	0
Está bien que Guillemmo lo califique de oficio.	0
Durante la visita, los expertos se entrevistaron con responsables políticos que aseguraron que, tras la publicación de un decreto el pasado año, la imposición de trabajos forzosos u obligatorios ha sido suspendida en la práctica y ninguna queja ha llegado al conocimiento de los órganos de aplicación de la ley.	0
Kennedy lanzó críticas contra los republicanos que en el Congreso se oponen a la extensión del servicio de salud para todos los estadounidenses, una vieja reclamación suya.	1
El ministro español de Asuntos Exteriores, Abel Matutes, consideró hoy, lunes, que el balance de la gestión en los cuatro años en los que ha sido el jefe de la diplomacia española puede ser presentado como ' positivo ' y para ' sentirnos sentir nos todos orgullosos '.	0
Y fíjese que lo ha hecho además a través de dos trampas que ha diseñado.	1
Unión Fenosa Inversiones (UFINSA) es una empresa del grupo español Unión Fenosa que ofrece servicios de asesoría, ingeniería, telecomunicaciones, industria, explotación de minas e inmobiliaria.	0
Se destacaron los programas conjuntos puestos en marcha, como el Fondo Indígena, con sede en Bolivia, y los programas de educación.	0
Quiero que sepan que el plazo no es inamovible.	1
Eran igualitos a Leocadio, el tonto del pueblo.	0
Quiero que la Cámara sepa que nuestra determinación al respecto es firme e inequívoca.	0
- - - Quién subió allí arriba?	0
Ellos se encargaron abosolutamente de todo, me hicieron el contrato de alquiler y todavía me quedan 10 meses de garantía por si necesito volver a buscar.	0
Su cubierta original era de bóveda de cuarto de esfera;	0
Y preservar la salud de nuestra población no es exclusivamente una responsabilidad del Gobierno.	0
Que era un hombre bueno, solo y desgraciado.	0
La verdadera heroicidad no es un acto nico: el soldado que se inmola para salvar a sus compañeros, el hombre que entra en un edificio en llamas a rescatar a un niño, son sin duda personas admirables porque supieron responder a un instante de gloria, de generosidad y de exigencia.	0
La antigua residencia del de el Señor Chicken y la casa de atrás se incorporaron al a el Número 10.	0
En 1496, el padre de Filiberto subió al a el trono como duque, cuando Carlos II de Saboya murió, siendo el único heredero masculino de la línea de Saboya.	0
Resultados similares obtuvieron también en algunas localidades del norte, como San Sebastián de los Reyes donde lograron el 71 por ciento de los sufragios o de la zona Este, como Coslada con el 72 por ciento de los votos.	0
Todos la visitan y Anselmo le pide a Ana que le de una oportunidad a su madre con lo cual, ella acepta y habla con Soledad perdonándola y pidiéndole pidiéndo le que no la deje sola.	0
Portavoz: sí, ya recuerdo.	0
La denominación se debe al a el color blanco uniforme de su capa, a las zonas de serranía que ocupa y a la región donde se cría.	0
Desde su rehabilitación, Sotomayor sólo ha ganado una competición: precisamente la de su regreso a las pistas, el 15 de agosto en la localidad francesa de Montauban, donde se impuso con una marca de 2,28 metros a rivales de segundo orden.	0
La entrometida decencia impediría hacer esos regalos, pero entonces mejor no regalar nada, porque un regalo tiene que ser un regalo: costoso y sabroso.	1
Pero su destino era fatal y la mujer lo atrapó antes de que llegara a la puerta.	0
Tal fuente estuvo coronada por un León, el mismo que tras el arrasamiento de las murallas ha ornado durante muchos años la Plaza de Lasala.	1
Son los niños del barrio, que llegan en vespertinas manadas porque ha corrido el rumor de que en el belén de mi piso la Virgen dio a luz gemelos..	1
Tenemos que dejar de pensar que somos favoritos y pensar en ese sueño colectivo de ganar, y sí no puede ser, saber que representamos bien a nuestro país '.	1
La unidad participó en las operaciones de Trajano durante las Guerras Dacias, y al a el concluir fue estacionada en la nueva base de Apulum (Alba Iulia, Rumanía).	0
Un observador externo puede tomar directamente las medidas nomotéticas (ejemplos de éstas medidas pueden ser el peso de un objeto o la cantidad de veces que se presenta un comportamiento particular);	0
Los funcionarios municipales, sobre todo los que, como él, pertenecían a una gran ciudad donde las empresas de servicios son más de las necesarias, no tienen por qué viajar.	0
Antonia abrió la ventana de par en par y se dejó caer en la descolorida butaca de la coqueta.	0
Efectivamente, los ferrimagnetos también son imanes y pese a su origen dispar sus propiedades a primera vista son casi indistinguibles de las de los ferromagnetos.	0
Lucas Rodrigues va a desatar una gran batalla por los distintos clubes de Europa que le quieren, el Inter de Milan es otro que junto al a el Real Madrid y al a el Liverpool pujarían por el futbolista de solamente 19 años quien encaja en el perfil de lo que buscan.	1
La Comunidad Autónoma de Murcia.	0
Por último, las comunidades con mayor número de hipotecas canceladas registralmente por cada cien mil habitantes son Murcia (144), La Rioja (118) y la Comunidad Valenciana (113), además de Melilla (118).	0
Lo que decía Mae West de sí misma podríamos decirlo decir lo también los hombres: - Cuando somos buenos somos muy buenos, pero cuando somos malos somos mejores.	0
P.- Hola, buenas tardes.	0
El murciélago nocturno y la golondrina diurna representan dos extremos de belleza y fealdad y se alimentan de los mosquitos y otros insectos flotantes que encuentran volando y que entran por casualidad en sus bocas abiertas.	0
' Mi padre es un hombre de fe en un sentido práctico y audaz.	0
En el Real Madrid cabe la duda de si Lass y Guti puedan jugar, además de las bajas conocidas de Kaká o Benzema, dos estrellas que no juegan desde hace varias semanas.	1
La reestructuración de los otros bancos checos se está acompañando por la reducción del personal.	0
El Incendio al a el Casino Royale de 2011 fue una masacre ocurrida el 25 de agosto de ese año en el casino Royale, ubicado en un sector de la clase media de Monterrey, que produjo la muerte de 53 personas.	0
A finales de marzo, un tribunal japonés ha decidido que esa bandera es la nacional japonesa.	0
En dicha arteria, se pueden apreciar señalamientos hacia Palma Sola.	1
En quinto lugar: sobre la duración del Estado de Alarma.	0
El héroe prusiano Herkus Monte fue aupado por los lituanos durante el régimen comunista soviético como un símbolo de resistencia y libertad.	1
También los relativos a la vigilancia activa de casi todos los dispositivos que tenemos que tener para tener una detección precoz de los casos.	0
Era un trabajo que requería experiencia y un conocimiento íntimo de las corrientes y mareas del de el río Tamésis.	0
En sus seis temporadas como españolista, Toni no defendió la portería justo en las dos veces en la que el equipo blanquiazul consiguió derrotar al Barcelona.	1
Es ovíparo.	0
De hecho, en las últimas horas se ha hablado mucho de los pactos que se han llevado a cabo para sacar adelante la última prórroga.	1
En Sucre, capital administrativa de Bolivia y a 2.790 metros sobre el nivel del mar, la temperatura se mantiene más tolerable: hoy registró una mínima de 8 grados y para el domingo se pronostica cero grados la menor.	0
El conjunto leonés, caso de superar en la primera ronda al equipo levantino que recientemente le derrotó en su terreno por 28-29 en un encuentro que remontó el equipo de Sala en los últimos cinco minutos, se enfrentaría por quinta vez consecutiva en las semifinales de esta competición ante el equipo azulgrana, que siempre ha sido su verdugo en la Copa del Rey.	1
Barak se reunió con Clinton tras entrevistarse entrevistar se con Antonio Guterres, primer ministro de Portugal, país que ejerce la presidencia de turno de la Unión Europea.	0
En febrero de 1884 Christian Schmidt murió a la edad de 39 años.	0
El debate generado en Venezuela por el aplazamiento de las ' megaelecciones ' previstas para el pasado domingo ha revuelto el escenario político nacional, con un sólo invitado de piedra: el presidente Hugo Chávez.	1
Una de ellas, como he comentado en otras ocasiones, es utilizar población protegida equivalente en vez de población ajustada.	0
En Kosovo, sin embargo, todos estos problemas se tradujeron en crecientes niveles de tensión entre serbios y albaneses, creando un clima en el que cualquier incidente era exacerbado.	1
Prefiere pelear en tierra y no volar.	0
' Los procesos de privatización de grandes empresas estatales mediante ofertas públicas pueden dar un impulso al mercado bursátil y popularizar significativamente la inversión ', afirmó el también ex presidente de la Comisión Nacional de Valores de España.	1
Phillips De Pury & Luxembourg estaría especializada en obras de arte de gran valor y antigüedades.	0
No descubro ningún secreto si digo que España, en la primavera del 68, vivía de espaldas a cuanto ocurría en Europa.	0
Su mirada atravesó la calle, la calzada empedrada, las viejas aceras de perfil curvo, piedra blanda, lamida por el tiempo, y se detuvo en la frágil muralla de paneles metálicos que reforzaba la improbable existencia de un recinto prodigioso, el milagro que tal vez ya no lo sería, el triunfo de la razón y del progreso.	1
Está fabricado en el Reino Unido y cuenta con un procesador ARM 11 a 700 MHz, tiene un puerto USB, salida de vídeo compuesto y una conexión HDMI.	0
Los periódicos populares alemanes llevan ya varios días ofreciendo detalles sobre el recorrido que efectuará el presidente, fotos de la suite del Hotel Intercontinental en el que se alojará, cuál será el automóvil que utilizará y dónde y con quien almorzará o cenará.	0
Entonces ella toma la bandera de la revolución para liderar una campaña de violencia y destrucción que le permitan vengarse vengar se.	0
Fue reportada por primera vez por el equipo de la misión COROT en 2008.	0
No me extraña que les puntúen en negativo, es una pena que una marca tan prestigiosa como apple tenga esta porquería en Donosti.	0
El desempleo masculino se situó en 607.810 parados al haber disminuido en 23.398, un 3,71 por ciento, por lo que la tasa de paro entre los hombres se situó en mayo en el 6,08 por ciento, frente al 6,90 del mismo mes del año anterior.	0
El coordinador regional de IU en Murcia, Joaquín Dólera, destacó que las listas ' representan gráficamente las señas de identidad de IU, ya que están representados el mundo del trabajo, el medio ambiente y el desarrollo sostenible y la igualdad de derechos entre hombres y mujeres '.	1
Para eso tanta ciudad, tanto progreso.	0
Ni verdura en la tierra ni esperanza en los corazones, decía Ortega y Gasset hablando de una aldea y eso podría entenderse entender se a toda Castilla y a toda España esquilmada física y moralmente por los patriotas de la guerra civil que pervirtieron el patriotismo haciéndolo haciendo lo fraudulento, falaz y funerario (tres efes) o sacristanesco, sanguinario y saturniano (tres eses y que Saturno perdone).	1
Los ministros de Transporte de América subrayaron hoy en Washington la importancia ' vital ' que el desarrollo de las infraestructuras de transportes tienen para el crecimiento económico de los países pequeños del continente.	1
Otorgó a Rivera el título de Barón de Tacuarembó y lo nombró comandante de campaña.	0
Con la vida.	0
Clinton y Barak también estudian las consecuencias que la retirada israelí del Líbano puede tener en Oriente Medio.	0
El acuerdo también supone que los accionistas recibirán un pago de capital de 90 francos suizos (53 dólares) y un dividendo especial de 135 francos suizos (unos 80 dólares) por cada acción de Algroup.	0
La patronal pretende formalizar así el compromiso recíproco del régimen de indemnización y los demandantes de empleo en el Care, cuya firma da derecho ' a cobrar el subsidio del paro y a los servicios que facilitan el regreso al empleo '.	1
La obligación de los responsables públicos es hablar claro y no maquillar la situación, transmitir la realidad es el modo que entendemos, justifica el respeto a los ciudadanos.	1
También sobre lo sucedido estos días, si hacen algún ejercicio de autocrítica, si ha faltado comunicación entre los ministros o comunicación con los grupos parlamentarios del Partido Socialista y de Unidas Podemos.	0
De muy bajo costo y con software libre, se espera que el prototipo contribuya a la comprensión de la música y al a el desarrollo de la capacidad creativa de los alumnos.	1
P.-La Verdad: Hola, buenas tardes.	0
En su opinión, el éxito del mercado bursátil español se debe a la forma en que se instrumentaron las privatizaciones.	0
Todo debido a la baja densidad de la exosfera.	0
Tiene las ventajas de estar en un pueblo y a la vez muy cerca de Salamanca.	0
La Conferencia de Londres del pasado 28 de enero estableció un marco político para la paulatina transferencia de responsabilidades a las autoridades afganas.	1
Llegamos al fin a la casa de la hermana: un tenderete de latas y cartones de apenas tres metros por tres metros, con un infernillo de gas, una silla de enea, un plástico y una manta en un rincón del suelo, sobre la sucia arena.	0
En 2008, un acuerdo fue anunciado, posicionando a Ilumination Entertainment como el brazo de entretenimiento familiar de NBC, que produciría de una a dos películas al a el año a partir de 2010.	1
Verle Ver le le veía lo que se dice mal, porque la mirilla era muy turbia.	1
Tras las inmersiones del batiscafo ' Mir ', los responsables de la Armada dijeron que el rescate de los cadáveres de los tripulantes será ' muy complicado '.	0
El narrador hace que las situaciones no sean otra cosa que ridículas consideraciones o trivialidades convertidas en ideas trascendentes... sin trascendencia porque estamos ante el espejo que la vida es: vulgar, ridículo, grotesco, inhumano.	1
A decir verdad, apenas ocupa espacio alguno.	1
El club fue fundado en 1958.	0
Todos sabemos que el día más importante para cada cual es mañana.	0
Desde algún lugar donde habita el recuerdo fue creciendo el rostro de la mujer hasta coincidir con la dimensión de su propia cabeza y luego desbordarla desbordar la y hacerse hacer se un horizonte total de rasgos diluidos por las aguas.	1
Efectivamente, en la mañana de hoy hemos celebrado un Consejo de Ministros extraordinario para aprobar la nueva prórroga del estado de alarma.	0
Lo lógico, lo deseable, lo que todos hubiéramos querido es que el principal partido de la oposición, este partido que ha gobernado durante tantos años, no hubiera dimitido de su responsabilidad.	0
Y vamos a seguir insistiendo en estos próximos días con este mensaje de prudencia y de cautela.	0
Otros nombres preciosos para niños y niñas españoles nacidos en estos tiempos serían Hundido Madrid o Césped Del Bernabéu Floro y Floro, o Cabraloca Barça Núñez y Núñez, o, en caso de gemelos, Agujero Banesto y Panoli Morgan Conde y Conde, y desde luego alguna chiquilla vistosa se tendría que llamar Piedra Agujereada En Chalé De Somosaguas González y González.	0
Juan Paulik, ex jefe de la Fuerza Aérea, y Enrique de la Torre, un antiguo funcionario de la Cancillería, entre otros.	0
Cuestión de una equis.	0
La magnitud de la catástrofe exigía medidas de emergencia y Antonia llamó al vecino en su socorro.	0
Por si, a pesar del hábil grafismo, alguien no lo hubiese entendido, una leyenda escrita lo explica en palabras: Recycled ecological paper.	1
El comité de coordinación acordó reunirse reunir se cada seis meses e intercambiar visitas periódicas para estudiar nuevas oportunidades de inversión.	0
Como España, países como Alemania, Francia, Bélgica, Irlanda o Italia, por citar algunos, han implementado limitaciones que afectan a los horarios de circulación, a la frecuentación de establecimientos públicos y, como he sostenido desde el inicio de la pandemia, el Estado de Alarma es la herramienta constitucional para situaciones extremas.	1
Esta respuesta, aludiendo a criterios técnicos para justificar el cambio de postura del de el consorcio, ha enervado a la oposición, y Albert Rivera (C 's) ha indicado que CiU trata de confundir sus intereses partidistas con los de toda Catalunya.	0
Necesitamos la fuerza de todos, unidos.	1
Por su parte, Carlos Juárez aseveró que ' los jugadores de Argentina son tan humanos como nosotros, la diferencia es que ellos juegan en Europa y han estado en varios Mundiales y por eso están mejor cotizados, pero nosotros también sabemos anotar buenos goles y la realidad será en la cancha: será once contra once '.	1
Sin embargo, se han observado semejanzas con Aeolosaurus y el titanosauriano del de el Grupo Bauru conocida antes como el ' Titanosaurio de Peirópolis ', ahora llamado Trigonosaurus.	0
Asimismo, cree que las ayudas de la UE habría que dejar de vincularlas vincular las a proyectos concretos, y entregarlas entregar las en bruto a los países para evitar así ' engaños ' burocráticos.	0
En Euskadi, en el ámbito de la justicia juvenil hacemos un uso intensivo de la mediación y los resultados están ahí, son francamente positivos, están poniendo de manifiesto que en más de un 88% de los supuestos, la mediación arroja resultados positivos con lo que todo ello tiene de constructivo desde el punto de vista de que constituye una fórmula de autocomposición que deja satisfechos tanto a la víctima como al joven infractor, porque son actores de la solución, no es un tercero el juez el que propone la solución, sino que son los propios actores los que buscan mediante esta fórmula de autocomposición el arreglo y la resolución del conflicto.	1
En su editorial, el diario analiza la situación económica del país tomando como base el informe difundido ayer de la OCDE y asegura que el caballo de batalla de Aznar en esta legislatura será ' convencer a la opinión pública de los riesgos de un consumo y de un crecimiento desbocado, hacerle hacer le ver la urgencia de reformar el mercado laboral y de liberalizar la economía, escenificar los peligros de la inflación '.	1
He mencionado que la duración del Estado de Alarma será de seis meses, si así lo aprueba el Congreso esta semana.	0
Las empresas que conforman CGO ganaron la licitación de la carretera, uno de los accesos principales a la capital argentina, en 1993.	0
Este niuspéiper ponía ayer un ejemplo: en España, aún no serán posibles casos como el del niño Uruguay Campeón, llamado así por la victoria del equipo uruguayo sobre el de Brasil en el Mundial de Fútbol de 1950.	0
Algunos tormentosos, otros no tanto, y como todas las lluvias caídas en primavera, más exactamente, en el mes de abril, la mayoría de las veces de forma esporádica, alternándose alternándo se con las salidas de sol cuando las nubes están viajeras y al a el mismo tiempo con temperaturas sofocantes.	1
Desde IU se va a impulsar la creación de un consorcio que se denominará Iperea (Instituciones por las Energías Renovables de Andalucía), que integrará a administraciones locales y universidades, y que pretende alcanzar para el 2004 un 15 por ciento de consumo con energías alternativas, ' tal y como propone la UE '.	1
En mi comparecencia del pasado viernes subrayé precisamente que el Ejecutivo no va a ocultar nunca a los españoles la situación real de la pandemia.	1
Me estoy refiriendo al ligódromo de la Universidad, que estaba centralizado en el bar de Filosofía y Letras de la Complutense de Madrid.	0
Se suscribió el programa del Fondo para el Desarrollo de los Pueblos Indígenas.	0
La ubicación no es centrica pero sin embargo en Santiago estas a un paso de todo y desde el hotel en 15 minutos andando llegas al a el centro.	1
Junto a las minas del desierto del Alamein, otros 60.000 kilómetros de territorio egipcio en la península de Sinai, donde se libraron tres guerras entre tropas egipcias e israelíes, en 1956, 1967, y 1973, cuentan con metros y metros cuadrados de tierra minada.	0
Por tanto, la actuación de España y la de otros 46 países que están en Afganistán se apoya en un amplísimo consenso internacional, y este consenso se articula a través de un doble mandato del Consejo de Seguridad de Naciones Unidas: en primer lugar, está la Resolución 1386, de 20 de diciembre de 2001, que autoriza el despliegue de la misión ISAF y, desde entonces, la misión ha sido prorrogada en sucesivas Resoluciones del Consejo de Seguridad; en segundo lugar, en el año 2002 se crea la Misión de Asistencia de la ONU en Afganistán (UNAMA) con el objetivo de apoyar el proceso de reconstrucción y de reconciliación nacional.	1
Pero sí creo que la vida de Moyano, su entereza hasta el final y su coraje, forma parte del legado de los humanos, del inconsciente colectivo, de la sustancia común que todos somos.	0
Quisiera, en este punto, agradecer públicamente su trabajo intenso y urgente en estas últimas horas para calificar esta medida tan extraordinaria.	0
El consejero cita en su carta las diferentes directivas comunitarias sobre medidas de protección de la población para que se exija al Gobierno británico su cumplimiento.	0
Por ejemplo, una semana en la suite real del Hotel Oriental de Bangkok, con Antonio Peñalver encadenado al cabecero de la cama.	0
María Angélica se puso pálida y musitó cualquier disculpa para no hacerlo hacer lo.	0
Cuentan los bribones de la ciudad que después de beber una botella de ginebra con Cayetana, el que la acompañaba, la insultó: - Tú sólo frecuentas banderilleros y bailaores maricas.	0
El paraguayo Marcos Lazaga marcó para los viñamarinos, mientras Manuel Ormazábal marcó el empate para los rangerinos.	0
Campofrío materializó el pasado mes de marzo la compra del 87 por ciento de OMSA Alimentación, empresa de elaborados cárnicos con sede en Valencia.	0
Para el consejero se trata ' de un repunte algo superior a la tónica que este indicador venía arrojando en los últimos meses ', en los que se mantenía una cierta estabilidad en la cifras de personas registradas como desempleadas.	1
Su estabilidad está íntimamente unida a la de Pakistán, una potencia nuclear de 170 millones de habitantes, y, en menor medida, a la de otros países de la región, incluidos Irán, India y las republicas centroasiáticas.	1
Cárdenas, hijo del ex presidente mexicano Lázaro Cárdenas (1934-1940), fue líder del Partido de la Revolución Democrática (PRD) y tres veces candidato presidencial en México, en los años 1988, 1994 y 2000.	0
EDF tiene previsto invertir 194 millones de euros (186 millones de dólares) en la central de Río Bravo, con una potencia de 495 megavatios, y 134 millones de euros (28 millones de dólares) en Saltillo, que como la primera funcionará con gas natural y cuya potencia prevista es de 247 megavatios.	0
Existía entonces un vacío intelectual, una protesta en ciernes y una previsión de cambio que hacían precisa una tarea de reflexión política sin la que hubiera sido mucho más difícil la posterior construcción de la democracia.	1
En investigación todo punto de partida debe estar presidido por el deslinde de los campos.	1
El encargo coincide con su matrimonio con la joven viuda Laura Bagarotto, por lo que pudo ser un regalo de bodas.	0
En total, por tanto, España habrá contribuido en el ámbito civil en Afganistán, durante el período 2006-2012, con 220 millones de euros; un importante esfuerzo, sin duda, que se une a los 1.900 millones de euros que ha supuesto nuestra contribución global a ISAF desde hace casi nueve años.	0
Sólo podemos querernos querer nos a nosotros mismos porque Dios nos quiere.	0
En el editorial señala los cambios de la bolsas española hacia modelos más europeos y considera estos cambios lógicos, pues ' resulta razonable que las Bolsas europeas unifiquen sus normas de contratación ', ya que éstas supondrán ' una ventaja para gestores, inversores y operadores '.	0
Dijo la palabra fea en francés y era lo menos que podía hacer un hombre con su apellido.	0
La presidenta del Senado, Esperanza Aguirre, representará a España en los funerales por el ex primer ministro japonés Keizo Obuchi, que falleció el 14 de mayo víctima de un derrame cerebral, informó hoy la embajada española en Tokio.	0
Alrededor de 2.500 policías y otros numerosos agentes de seguridad nacionales y extranjeros deberán velar por la seguridad de los líderes y al tiempo facilitar el tránsito de los ciudadanos para que puedan gozar de sus propias celebraciones, como las numerosas fiestas infantiles organizadas por su Día Mundial.	0
Nosotros creemos que no es posible, además, pero es una trampa manifiesta porque, si ellos pensaran que era posible, no iban a ponerlo poner lo en manos del Gobierno, seguirían haciendo que el presidente del Gobierno necesitara del apoyo del resto de formaciones políticas.	1
Este, en definitiva, es un escenario que ya fue anticipado por los expertos porque advirtieron que, con la bajada de las temperaturas, la segunda ola podría acelerarse acelerar se.	1
Pero - en cuál de ellos?.	0
En el primer mundo hoy el editor de WikiLeaks está detenido por un delito diferente, pero aún nadie pide su extradición por lo publicado.	0
El mandatario socialista chileno, que fue investido el pasado sábado, consideró los comicios como ' un acto democrático muy importante en la España de este siglo ', durante una concurrida rueda de prensa con medios nacionales y extranjeros.	0
' Mi personalidad me ha ayudado a superar los pasados seis meses que han sido los más duros de mi vida '.	1
Gore, vicepresidente de EEUU, apareció en la convención demócrata de Los Angeles (California) al acudir al estrado para abrazar a su hija Karenna, de 27 años, que había sido la encargada de presentar la propuesta del Partido Demócrata.	0
Eagles es una prestigiosa banda estadounidense de rock formada en Los Ángeles, California en 1971.	0
El dirigente sindical manifestó el ' rechazo ' de los trabajadores a la operación y sostuvo que ' los americanos no vienen a aportar carga de trabajo porque Santa Bárbara ya tiene firmados contratos con varios clientes y únicamente se harán cargo de los trabajadores y de la cartera de clientes '.	1
Nuestras tropas están preparadas, dotadas y capacitadas para hacer frente a los riesgos que se les presentan cuando acompañan al Ejército afgano en sus misiones, y lo seguirán estando en el futuro, pues es prioridad de este Gobierno, y una de mis máximas preocupaciones, la protección y la mejora de las condiciones de seguridad de las tropas y del personal destacado en Afganistán.	0
Lo de las letras para bautizar modelos de automóviles es historia.	1
El capitán australiano John Newcombe no podrá contar con uno de sus mejores hombres, Mark Philippoussis, pero Lleyton Hewitt y un pletórico Patrick Rafter, que viene de ganar en Den Bosch y ser finalista en Wimbledon, aseguran un gran rendimiento para el equipo australiano.	1
' Lo primero de todo es que tanto mi madre como mi hermana siguen mejorando y cada uno dentro de la familia mantenemos nuestras perspectivas, dando gracias por todo lo que tenemos y luchando por las prioridades que de verdad reflejan un valor auténtico ', subrayó Agassi.	1
La expansión de la piratería en el Sudeste de Asia, organizada principalmente en bandas internacionales, puede destruir las economías de la región, según advirtieron hoy, martes, expertos reunidos en la capital de Malasia, Kuala Lumpur.	0
Y ha sido así porque la gran mayoría de los grupos políticos parlamentarios son conscientes de la necesidad de permanecer en Afganistán hasta que el país deje de suponer una amenaza para la Comunidad Internacional y para los españoles.	0
Era cierto: aquella mujer hermosa, inteligente, de una sensibilidad humana nada común en su medio, había sido durante casi cuarenta años el alma y el cuerpo de su paraíso social.	1
Metáfora de nuestras miserias más recónditas, la rata es la encarnación de nuestros vertidos.	1
Las más agrias, sin embargo, fueron entre el MNR y el Movimiento de la Izquierda Revolucionaria, liderado por Jaime Paz Zamora, presidente de Bolivia entre 1989 y 1993.	1
De esta encomiable labor que desarrollan la cooperación y las tropas españolas en Badghis pudo dar fe una delegación de notables de esa provincia que visitó España entre los pasados 22 y 26 de marzo, y que tuvo la ocasión de mantener encuentros con las Comisiones de Cooperación internacional e Igualdad de esta Cámara.	1
El mes pasado Mori provocó una tormenta política al decir en una fiesta de parlamentarios sintoístas que ' Japón es un país divino con el emperador en el centro ', lo que llevó a la oposición a pedir su dimisión al considerarle considerar le incapacitado para gobernar el país.	1
No entiendo este tipo de comentarios destructivos de algunas personas, que si han tenido una incidencia deberían hablarlo hablar lo directamente con el Centro para que se lo resuelvan, como hacen con todos los temas que les planteamos.	1
Argentina, Bolivia, Chile, Costa Rica, Ecuador, Guatemala, Santa Lucía, San Vicente y las Granadinas y Venezuela estuvieron representados por sus viceministros, embajadores u otras altas autoridades.	1
Me gusta impresionar, pero no tanto.	0
Los dos primeros, Hermann von Wied y Salentin von Isenburg - Grenzau, renunciaron al a el Arzobispado al a el convertirse convertir se, pero Gebhard Truchsess von Waldburg, al a el convertirse convertir se al a el Calvinismo en 1582, intentó secularizar el Arzobispado.	0
El estado de la pista, muy mojada, favoreció a los pilotos en los entrenamientos para la primera carrera.	0
Myanmar está entre las preocupaciones de la OIT, especialmente desde 1998, cuando una comisión de investigación juzgó que el uso del trabajo forzado estaba muy expandido.	1
Desde la sociedad civil dieron un mayor sustento y realce moral a una política antiterrorista inequívoca y eficaz que, gracias a los éxitos policiales, la cooperación internacional y la labor de jueces y fiscales, nos ha llevado a diezmar al terrorismo.	1
El Panel Intergubernamental del de el Cambio Climático, IPCC (por sus siglas en inglés), dice: Mientras que los cambios radiativos debidos a los gases de efecto invernadero se pueden determinar con un alto grado de precisión [...] las incertidumbres relacionadas con los cambios radiativos debidos a los aerosoles siguen siendo grandes, y dependen en gran medida de las estimaciones de los estudios de modelos mundiales, que son difíciles de verificar en la actualidad.	1
Con el lema ' La educación como base para el desarrollo ', se aprobaron trece programas de cooperación educativa, materia esencial para consolidar la democracia y lograr el desarrollo social.	0
Primero, porque consideramos que este es el lugar idóneo y segundo porque nuestro interés es que justamente el diálogo fructifique en medidas que redunden en un trabajo más digno, más seguro, en unas empresas que sea más competitivas, por tanto, más fuertes y en una mejor cualificación de nuestra fuerza laboral.	1
Sobre la oferta de interconexión con Telefónica de otros operadores que acaba de aprobar la CMT, Vázquez Quintana dijo que para desarrollarla desarrollar la han escuchado a los operadores actuales y a otros que pronto darán servicios y que al tener que aunar tantos intereses es imposible dejar satisfechos a todos.	0
El sistema completo de una cámara de vídeo recibe el nombre de cadena de cámara y consta de la ' cabeza de cámara, que es la parte que está en el plató o en el lugar de la producción, y la estación base - o base station - que es la parte de la cámara que la une con el resto del de el sistema de producción.	1
Y habrá que reconocer que, si nos dejamos de hipocresías, ésas son las dos cualidades de un buen regalo: que cueste un dineral y que te ponga mucha alegría en el cuerpo.	1
Por su parte, el capitán brasileño, Ricardo Acioly, ha vuelto a confiar en Kuerten y Fernando Meligeni para enfrentarse enfrentar se al equipo ' aussie '.	0
Añadió que el Gobierno entiende que éste es un problema social, por lo que se aplican medidas para garantizar la seguridad y la integridad de los inmigrantes mediante los grupos especiales de protección denominados ' grupos beta '.	0
Y, ante todo, y además, la unidad imprescindible entre todos los ciudadanos, que respeten las normas sanitarias, que se queden en casa en la medida de sus posibilidades, que limiten durante un tiempo los desplazamientos y contactos innecesarios para limitar las ocasiones de contagio y con ello proteger así a familiares, amigos, a los compañeros y, en general, al conjunto de compatriotas.	0
En términos parecidos se pronunció hoy también el ministro de Trabajo, Manuel Pimentel, quien afirmó a los periodistas que González actúa de mala fe o desconoce profundamente el asunto.	1
Alberto Fernández ha subrayado que, tras el 12 de marzo, se ha demostrado que ' el PP ocupa una posición central al alza en Cataluña '.	1
Stoiber no cuestiona la legitimidad en sí de la ampliación, pues, afirma, si no hubiera sido por la división de Europa en dos bloques, ' Polonia o Hungría no hubieran ingresado más tarde que España o Portugal, porque son países que forman parte del núcleo de Europa '.	0
Hablando de los milagros mismos, científicamente, se pueden hacer hipótesis que buscan explicar un determinado fenómeno, para demostrar o no una explicación al a el suceso por medio de un experimento.	0
Las autoridades migratorias mexicanas deportaron en los primeros cinco meses de este año a unos 40.000 inmigrantes centroamericanos que entraron ilegalmente en México, afirmó hoy el representante del Instituto Nacional de Migración (INM), Luis Nava García.	0
Hablar del español de América como un subdialecto del andaluz no deja de ser excesivo, por más que haya muchísimos rasgos andaluces en el español de América, cuya presencia cada vez se siente más amplia, pero habrá que pensar que si las innovaciones salen de una base andaluza, la historia deberá explicarnos explicar nos la evolución a partir de ellas.	1
Hoy, en Magnny Cours, se pusieron en juego las parrillas de salidas de las dos carreras del fin de semana.	0
Batallas y condecoraciones están ridiculizadas con un cruel sarcasmo.	1
Por un golpe de intuición que no hubiera podido explicar, estaba convencida de que había sido ella la autora de la conspiración para escamotearle escamotear le el premio.	1
La lechuga soporta peor las temperaturas elevadas que las bajas.	0
Radicado en Lima, ascendió en 1865 al a el grado de Teniente.	0
Ya no le quedaban fuerzas ni para arrepentirse arrepentir se.	0
Tendremos que pensar en la cronología, en las emigraciones antiguas (pobladores no andaluces, que tuvieron no poca importancia), en las posteriores (sin exagerar los elementos africanos) y en las más recientes.	0
Como mi amiga la Susi no se anda con chiquitas, cuando le pregunté qué le haría ilusión como regalo de Reyes me dijo: Algo caro y que me dé mucho gusto.	0
Estas medidas son de aplicación en todos estos municipios en aquellas zonas en que están en fase cero y 1.	0
En Guadalajara se propició el establecimiento de relaciones consulares de Cuba con Colombia y Chile - que habían roto sus lazos diplomáticos en la década de los setenta.	0
La política exterior norteamericana está fundada sobre el principio de separación de los poderes entre el Presidente y el Congreso, aunque el poder del de el Presidente sea dominante en esta área.	0
Quedarse Quedar se allí con agua hasta el pecho, con el diluvio sobre la cabeza, confundidas las aguas del cielo con las lágrimas que salían de sus ojos a borbotones, con los congojos cada vez más incontrolables.	1
Para asegurar la aprobación un comité de esa rama del Congreso agregó a la legislación un proyecto para crear un grupo de seguimiento de los derechos humanos en China.	1
Su punto más alto y característico lo encontramos en el monte Kapydzhik, que llega a los 2.415 m.	0
El portero catalán, que fue suplente en el encuentro de Liga jugado ante el Barcelona en el Nou Camp, disputó ayer su duodécimo partido con el Atlético - seis de Liga y seis de Copa del Rey -.	0
España está haciendo un esfuerzo muy importante, sobre todo humano y también financiero, en Afganistán; un esfuerzo compartido y conjunto con nuestros aliados, con el Gobierno y el pueblo afgano.	0
Los estanqueros o ' los de Portales ' fue un grupo político chileno de tendencia conservadora que se organiza en torno a la figura de Diego Portales, quien gracias a liberalización del de el comercio tras la independencia se dedicó a comerciar una serie de productos (tabaco, licor, naipes, té y otros artículos de procedencia extranjera) a bajo costo, pues manejaba el monopolio, o estanco.	1
Una pandemia que ha afectado más, como ustedes saben, a aquellos países con más tránsito de personas como Estados Unidos, Francia, Italia, el Reino Unido o España.	0
Las frases de que ' la crisis exige una actitud positiva ' y la de estar ' a disposición del presidente Banzer ', expresadas por Sánchez de Lozada, dieron a entender que el MNR y la coalición de Banzer entrarán en una nueva etapa de relaciones.	1
Nadie creyó que el autor fuera el chino premiado.	0
A través de las cortinas de lluvia y lágrimas, el mar era una opción: o avanzar hacia las definitivas profundidades y hundir para siempre la piedra oscura que le ocupaba el cerebro o regresar a la playa para recuperar la penumbra de una fuga frustrada.	1
Lo veía en el cubo de los desperdicios, entre hollejos de patata, cáscaras de huevo y trozos marchitos de remolacha, mientras el otro, el escogido, presidía plácidamente el tibio belén.	1
Lauren Bacall tiene el segundo papel de la obra, el amor confuso de Martin llamada Amy North.	0
El hombre y el oso cuanto más feo peor para él, dicen ahora.	0
Depende de nosotros y nosotras levantar un muro de unidad que frene al virus mientras disponemos de la vacuna que lo destierre para siempre de nuestras vidas y ponga fin a esta desdicha.	1
Los codos sobre los muslos, la cara entre las manos abiertas, el peso de la cabeza ocupada por el rostro en primer plano de la chica de la agencia de viajes de San Francisco.	0
Más de la mitad de los 100 senadores han dicho que votarán en favor del proyecto que garantizará a los productos chinos los mismos gravámenes que se aplican a los de otros países.	0
La central ugetista señaló que las cifras del desempleo en el mes de mayo muestran una reducción del paro menor que en años anteriores y un crecimiento ' escandaloso ' de la contratación temporal, que ha supuesto el 91,2 por ciento de todos los contratos.	1
Hace un mes apareció en la prensa, radio y televisión que aquel hombre que habían encontrado en los hielos de los Alpes hace año y medio era homosexual.	0
El aviso de desprendimientos se convertía en realidades de arbustos vencidos sobre la carretera, piedras diríase que blandas desgajadas del alma inconsistente del suelo de la selva.	1
Gracias presidenta.	0
Afirmó que sigue el criterio europeo y que trata de incentivar el mercado donde no lo hay.	0
Estados Unidos pidió a Nicaragua que exija visado de entrada en su territorio a las personas cuyo destino final sea Estados Unidos, en especial a las procedentes de Sudamérica, informó hoy una fuente diplomática.	0
La única diferencia entre estas dos familias es que los que pertenecen a Brachystomellidae nunca tienen mandíbulas, en cambio los que pertenecen a Hypogastruridae siempre la tienen.	0
Pero estaremos en permanente coordinación.	0
Aceptamos todo tipo de críticas y sugerencias.	0
Que la distribución de procesos, su heterogeneidad y repercusión no afectan a una base fundamentalmente andaluza y, sobre todo, pensar que América es un inmenso continente donde caben las modalidades de Nuevo México y de Chiloé.	1
El presidente del órgano regulador de las Telecomunicaciones se mostró partidario de completar esta liberalización de las telecomunicaciones con otras medidas que incentiven la competencia como puede ser abrir el acceso a la información de los clientes de Telefónica a otros operadores.	1
Amén del nacimiento del Infante Don Felipe de Borbón y Grecia, que pesó al nacer 4.300 gramos y fue un acontecimiento social, pues consiguió reunir a toda la familia real española en Madrid - incluida la reina Victoria Eugenia, que fue la madrina y no había pisado tierra española desde el día que abandonó el país camino del exilio -, quizá lo más significativo, lo que puede darnos dar nos idea de cómo eran las cosas por aquel entonces, es una anécdota que circuló como la pólvora y que tuvo lugar en la villa de Santos de Maimona, donde el alcalde de la localidad sorprendió a propios y extraños con un bando sobre la moral pública y las buenas costumbres, con el que dicen pretendía hacer frente a los ardores de aquel caluroso verano.	1
En un momento determinado, en todos los gobiernos, y créanme que tengo en mi haber, he participado en muchos gobiernos y con independencia del origen de cada uno, siempre dentro de las diferentes materias se ponen distintos puntos de vista, se acuerda, pero vamos todos a una en el compromiso y en el cumplimiento del acuerdo programático.	0
Como presidente del Gobierno, quiero agradecer profundamente este apoyo de los Grupos Parlamentarios.	1
Los Fuegos del de el Hielo se compuso para un ballet moderno, en referencia a la extinción de las etnias del de el extremo sur de Chile como las Alacalufes, Aonikenk, Yaganes y Selknam.	0
El Cairo ha solicitado reiteradamente ayuda a los países implicados en la batalla para desactivar estas minas, pero tanto Alemania como el Reino Unido no se han mostrado dispuestos a financiar una operación costosa, donde eliminar cada mina cuesta unos 100 dólares.	0
Un fondo para ayudarles ayudar les a las comunidades autónomas, a los gobernantes de las comunidades autónomas, a combatir los efectos de la pandemia, financiar por ejemplo, el incremento del gasto sanitario, del gasto educativo, compensar la caída de ingresos y sentar las bases para la recuperación económica y social de cada uno de los territorios.	1
- Sirve de algo esa muerte salvaje y absurda?	1
Añadió que esta situación permitirá a España abrir la competencia a operadores de servicios móviles que utilicen la red de otras empresas de telecomunicaciones con licencias de móvil antes que en Europa.	1
Ningún agradecimiento, ninguno, podrá estar a la altura de vuestro ejemplo.	0
Los puntajes eran repartidos en forma decreciente desde 600 puntos para el ganador, hasta 100 puntos para perdedor.	0
Paganocristianismo, cristianismo gentil o cristianismo pagano son términos acuñados por la moderna investigación occidental para referirse referir se a una corriente cristiana que se originó en el siglo I en la ciudad siria de Antioquía.	1
Como presidente del Gobierno de España seguiré manteniendo las reuniones periódicas con los presidentes y presidentas autonómicos, tal y como hemos hecho desde el inicio de la pandemia.	0
Un ciprés sin dueño donde duerme si puede.	0
El Virrey Luis de Velasco encargó a Miguel López de Legazpi hacerse hacer se a la mar en una nueva expedición.	0
Iba arrastrando un poco los pies porque aún no se había repuesto del todo del último ataque.	0
Las complicaciones propias de un fallo renal, combinadas con una neumonía, la llevaron a la muerte el 20 de febrero de 2005, en Thousand Oaks (California).	1
Al lugar del suceso acudió una ambulancia del Servicio de Atención Médica Urgente (SAMU), cuyos efectivos intentaron durante una hora reanimar al accidentado, quien finalmente murió y cuyo cadáver fue levantado por el juez hacia las cuatro de la tarde.	0
' Los resultados deportivos no fueron los mejores para mí, pero fuera de los campos de tenis mi vida se enriqueció con aspectos muy positivos, que son los que me demuestran que siempre hay objetivos que cumplir y esa filosofía es la que me ha permitido mantenerme mantener me más centrado que nunca ', subrayó Agassi.	1
Sin embargo, esta operación nunca se llevó a cabo, y RTL Group aumentó su presencia accionarial.	0
Nunca se verá tu correo.)	0
He visto que sacaba el ticket para la cena de fin de año.	0
Negociar es acercarse acercar se a la razón del otro y ETA no tiene ninguna razón.	1
Los militantes del MTP tomaron en 1989 el cuartel de La Tablada, que fue recuperado después de 30 horas de combates con el resultado de 40 muertos entre militares, policías y asaltantes.	0
A lo mejor por ahí puede venir la salvación del Madrid: por la insurgencia desesperada y briosa de un puñado de futbolistas abandonados por la gracia del fútbol.	0
Su núcleo lo constituía el valle del de el río Janto y los territorios adyacentes, hasta unos 50 km río arriba desde su desembocadura en el Mediterráneo.	0
Los perros en cambio - - nacionalistas obtusos - - me gruñen.	1
- - Es la misma manía que tenía padre.	0
Quiero comunicarles comunicar les que en este camino el Gobierno no va a escatimar ningún esfuerzo -ninguno- para preservar la salud del conjunto de la ciudadanía y también para ser un colchón de seguridad para todos los españoles.	1
Más de 1.200 candidatos se presentarán a las elecciones, cuya celebración coincidirá con los 63 años de edad que cumpliría el ex primer ministro Keizo Obuchi, fallecido el 14 de mayo víctima de una hemorragia cerebral.	0
Desde ese momento, Florentino Ariza la vio con otros ojos.	0
Por su parte, un grupo médico de la Cruz Roja manifestó que lo que más afectaba a los cautivos, entre los que se encuentran cinco mujeres, es el ambiente deprimente en el que viven.	0
Y el Consejo General de Enfermería le mandó una carta para poder hacer test PCR y test rápidos.	0
Avanzar de edad permite tener acceso a nuevas unidades, edificios y tecnologías.	1
En una olla pequeña combina el agua y la gelatina y deja ablandar durante un minuto.	0
Con su hermano en casa Antonia se sentía necesaria.	0
El tercero fue Giacomo, que aprendió el oficio de tejedor.	0
La CTU también ha abierto una colecta de fondos para apoyar el congreso gremial de Fiyi organizado por la Unión de Sindicatos de Fiyi (FTU, siglas en inglés).	1
Muchas de estas extranjeras se casaron con españoles o con hispanoamericanos que venían becados por sus gobiernos.	0
P. - ' The Guardian '.	0
En la empresa también trabaja Juan Pablo quien es el nuevo socio, quien lucha por convertir a Alma en una modelo, Alma se da cuanta de que el trabaja alli y decide no firmar el contrato, la malvada de Abigail llega a la agencia y le informa a su primo que Alma estaba hay, el cual la busca y la regresa a su casa.	1
Muchísimas gracias.	0
Los azulgranas han perdido por 3-0 sus tres últimos compromisos, ante el Mallorca en el Camp Nou, frente al Atlético de Madrid en el Vicente Calderón y el sábado contra el Oviedo.	0
A principio de los 80 los Wild Samoans se integraron a la World Wide Wrestling Federation (WWWF).	0
Pero esa prioridad en esos presupuestos que usted nos decía a nosotros no la vemos.	0
Christian González es una joven promesa de la actuación.	0
Después se encaminó hacia el comedor, cansina, y escocida, y despatarrada.	0
Nos gustaría saber porque en la fase 1 están con restricciones y cuando avancemos en la nueva normalidad, ¿va a haber alguna medida específica para los profesionales sanitarios de este tipo de eventos, y si se contempla que se puedan celebrar sin limitaciones de aforo a finales de año, en el último tramo?	1
Cabeceaba el taxista molesto por la información que se veía obligado a darle dar le uno y otro día.	0
El ex líder de la izquierda mexicana y tres veces candidato presidencial, Cuauhtémoc Cárdenas, pidió hoy al presidente de Argentina, Fernando de la Rúa, la revisión de los casos de los presos de La Tablada.	0
' La velocidad en mi juego debe ser fundamental y debo conseguir ese ajuste antes de volver a las pistas '.	0
En Sumatra, la Federación Internacional de la Cruz Roja se encargará de un proyecto para suministrar ayuda de primera necesidad a las víctimas de los terremotos, como productos de higiene, mantas y albergues provisionales.	0
Porque ellos nos demuestran que el bien también existe..	0
Su principal rival es Drazen Budisa, aspirante de la coalición de socialdemócratas y liberales que lograron este mes la mayoría parlamentaria y quien, según las encuestas, conseguiría en torno al 21 por ciento de los sufragios, frente al 16 que obtendría el viceprimer ministro croata, Mate Granic.	0
Por otra parte, la cotización suplementaria que aportan los directivos al Unedic será suprimida a partir del 1 de enero del 2001.	0
El tránsito de la Comunidad de Madrid a la Fase I plantea dudas entre los profesionales sanitarios.	0
Por su parte, la ministra Anna Birulés animó a las pymes a invertir en Investigación y Desarrollo y mostró a los empresarios presentes la disposición del Gobierno a facilitar este camino.	1
Nuestro oído interno es una pequeña pero completa fragua de Vulcano, y a veces el sueño del sonotone produce monstruos: cualquiera diría que me he pasado a la página de pasatiempos y estoy proponiendo una adivinanza sobre un lienzo de Velázquez y un grabado de Goya.	1
Entonces se sentaba en un sillón y embutía sus pies levemente hinchados en el que había resultado ser el único lujo a su alcance de entre todos aquellos con los que soñara de soltera, y, antes de haber llegado a dar siquiera un solo paso, le llamaba para ofrecerle ofrecer le una nueva fiesta de plumas y caricias.	1
- La televisión daña la vista?	0
El sexo les da calidad y dimensión lírica.	1
Pero la ingenuidad es mayor (bendita sea), pues hay currinches y relapsos (o relacsos) que se alquilarán por vanidades, o envidiosos del prestigio ajeno (¡buen regalo!) que querrán chupar de él, como sanguijuelas de ciénagas.	1
A través de las ventanillas comenzó el desfile de las palmeras, las plataneras, los mangos, la vainilla trepadora, las jacarandás, troquelados sobre el fondo obsesivo de los cielos grises.	1
' No estoy al cien por ciento y una de bronce no sería para mí una decepción ', aseguró.	0
Croissier precisó que en los últimos nueve años el volumen de operaciones en el mercado bursátil de su país se multiplicó casi 11 veces, al pasar de 29.924 millones de euros en 1990 a 334.064 millones de euros en 1999.	0
El campamento anual obligatorio se realiza entre principios del de el mes de Septiembre y fines del de el mes de Noviembre.	0
BZ Group Holding Limited proporcionará el 34 por ciento de las acciones en circulación de Algroup para el intercambio con Alcan.	0
En esta ocasión una prórroga que tendrá vigencia hasta las 00:00 horas del próximo día 7 de junio.	0
Si los resultados de los torneos fuesen online otro gallo cantaría, pero entonces sería estupendo que también se actualizasen en la web.	0
Portavoz.- Sí, muchas gracias, Fernando.	0
Alvaro Valera y Manuel Robles, campeón parolímpico y medalla de bronce, respectivamente, en tenis de mesa, protagonizaron uno de los momentos más brillantes del acto, al llevar a cabo en el escenario una exhibición de su deporte.	1
La villa había nacido como una excrescencia cancerosa, desordenadamente, allí donde termina el asfalto y la esperanza.	1
La campaña oficial de doce días comenzará el 13 de junio.	0
El río Oja es un corto río del de el norte de España, un afluente del de el río Tirón que da nombre a la Comunidad de La Rioja	0
En la lista aparecen los presidentes Bill Clinton (EEUU), Kim Dae Jung (Corea del Sur), Abdurrahman Wahid (Indonesia), José Estrada (Filipinas), Leo Falcam (Micronesia), Kessai Note (Islas Marhall), y Kuniwo Nakamura (Palau).	0
Le quiero preguntar también si la Comunidad ha solucionado los problemas que tenía en la Atención Primaria.	0
Sus criaturas representan unos papeles que les vienen grandes; cualquier monarca ha cobrado impuestos, pero aquí se pagan con quesos; la guerra no es hermosa, como cantaron los poetas, sino triste y sórdida, carece de grandeza, pues aquí está dentro de una vulgaridad doméstica; los soldados nunca han sido paradigmas de espiritualidad, pero aquí están levantando pesas en camiseta o haciendo ejercicios respiratorios; el heroísmo se ha vaciado de grandeza (' Druso ordenó a la tropa que plantara en la cima una bandera. La operación costó la vida a uno de los soldados, que aplastó una liebre al caer ').	1
Por eso, muchos de vosotros disteis un paso adelante y renovasteis un compromiso que, lejos de caducar, sigue siendo una inspiración diaria para todos los demócratas década y media después.	1
Hace tiempos, cuando Cristo andaba suelto por los campos de Palestina repartiendo milagros, la caridad era un don que se dispensaba de manera espontánea y generosa.	0
Les anuncio, en consecuencia, los elementos más importantes de este nuevo Estado de Alarma:	0
Por su parte, China abrirá una amplia variedad de mercados, incluyendo los de la agricultura y las telecomunicaciones a las empresas estadounidenses.	1
Aumenta el número de contagios, aumenta también la presión hospitalaria.	1
Ese escándalo provocó amplios cambios de directivos a todos los niveles, desde su director general y presidente Jan Kollert y otros miembros de la dirección hasta personal medio.	1
El liderazgo de María Elena nació de aquella miseria y de una increíble voluntad de superación.	1
Pese a que los agentes de seguridad intentaron proteger al gobernador, algunos manifestantes lograron llegar hasta él y tras agarrarlo agarrar lo por las ropas le increparon por no conceder el aumento de sueldo exigido.	0
Era un conjunto musical, uno de esos conjuntos de chicos bárbaros y extraños y feísimos.	0
Los sabios en ciencias cósmicas dicen que es posible que haya otros mundos donde sociedades humanas como la nuestra hayan vencido a la muerte y sean inmortales.	1
La Declaración de Viña del Mar, dedicada a la ' Gobernabilidad y la democracia ', reafirmó el compromiso con el sistema democrático, el Estado de Derecho, el pluralismo político, los derechos humanos y las libertades fundamentales como ' marco de la gobernabilidad para una democracia eficiente y participativa '.	1
Alguien propuso entonces una solución y resolvimos adoptarla adoptar la.	0
Por la sencilla razón de que es casi seguro que no bastará su noble intención para que le permitan cumplir el precepto cristiano de ayudar al prójimo.	0
El representante de Arabia Saudí añadió que, mientras dure la retirada, Yemen estará autorizado a ocupar las posiciones abandonadas por las tropas de Riad.	0
El amor se cuenta por la frecuencia de los besos y la pasión por la frecuencia de los insultos.	1
A mitad del monte, el centurión, que aspiraba a ser generalísimo de Nerodia, puso a disposición de los monarcas a dos soldados fornidos para llevarlos llevar los en brazos y así entraron en su nuevo reino que, por las subidas y bajadas, más parecía un tobogán -).	0
En este sentido, los senadores socialistas recuerdan que ya hace un mes que terminaron los plazos de alegaciones públicas de los distintos trazados del futuro AVE, por lo que desean saber si el estado actual del proyecto se corresponde con las numerosas manifestaciones y promesas que el PP realizó durante la pasada campaña electoral.	0
' Esperamos que el Senado actúe rápidamente e inicie el debate el 12 de junio y si es posible someta a votación el proyecto esa misma semana ', expresó ante el Consejo Comercial Chino-estadounidense.	0
Como en todo Estado, también descentralizado que es nuestro país, donde las competencias sanitarias y de salud pública están en manos de las CC.AA, este nuevo Estado de Alarma se aprueba, también, a petición de 10 gobiernos autonómicos y la ciudad autónoma de Melilla.	0
Por otra parte, en las Molucas, la organización World Vision Germany suministrará productos ' alimentarios y no alimentarios ', precisó la Comisión.	0
Por tanto: nuevo Estatuto de los trabajadores en el marco del diálogo social, también en el marco de los nuevos Pactos de Reconstrucción, Congreso de los Diputados, y además quería decirle decir le que este elemento es tremendamente importante porque todas las formaciones políticas tenemos la obligación de participar en un debate que es un debate importante.	1
Se dice que cayó en la pobreza, y que habría muerto de hambre si no hubiera sido por la diligente ayuda de sus antiguos patrones.	1
Me quedaba una solución.	0
¿Va a haber algún cambio en este sentido para atender estas peticiones?	0
Por fortuna, como decía al principio, la vida nos ha enseñado a no ser exigentes y cualquier detalle, incluidos los chistosos y los prácticos, nos parece de agradecer.	0
Como conocen, ésta es la quinta prórroga que se solicita.	0
Hay otra forma, que es crear empleo, que cotice más gente.	0
Este también lo ganó Fox, según la mayoría de las encuestas difundidas por empresas consultoras profesionales, aunque algunos medios de prensa no ocultaron su afecto a los diferentes candidatos y los declararon ganadores por igual.	0
Pero los libros publicados (y han sido muchos) y las ganas de trabajar de no pocas gentes (no son escasas) deberán hacer olvidar lo que en Germán de Granda es un inveterado pesimismo.	0
El presidente, según indicó por su parte la Casa Blanca, contestó diciendo que le preocupa la reacción de Europa y que tomará en cuenta su inquietud, pero que, en última instancia, la decisión se adoptará en función de intereses de seguridad nacional de EEUU.	0
El delantero del Racing Salvador Ballesta, que fue líder de la tabla de artilleros durante muchas jornadas en la primera vuelta y que hace una semana puso fin a una sequía goleadora que duró casi tres meses, firmó el tanto que dio el empate a su equipo ante el Valladolid (1-1) y, con 23 dianas, vuelve a estar en lo más alto de esa clasificación, junto con Catanha y Hasselbaink.	1
La revisión de los casos es ' un acto de estricta justicia ' que ' puede mostrar que el profundo cambio por el que lucharon los argentinos al apoyar la candidatura de la Alianza está convirtiéndose convirtiendo se en realidades en el terreno del establecimiento de un estado de derecho ', añade el político mexicano.	1
La misión también habló con la secretaria de la Liga Nacional para la Democracia, Aung San Suu Kyi, quien insistió en ' la gravedad persistente del trabajo forzoso, en particular debido a su uso por militares y sobre las formas extremas que podía adoptar con el reclutamiento de niños '.	0
Yo tengo unas velas que compré en las rebajas de la cerería de la calle del Bisbe.	0
El gobernador, que se caracteriza por su fuerte temperamento, respondió a las agresiones con gritos y empujones, mientras sus guardaespaldas trataban penosamente de conducirlo conducir lo hacia su automóvil oficial.	1
También es corredor de muchas de ellas, desde hace algo más de 20 años.	0
Entonces, mientras que el jefe de Estado tenía muchos poderes de jure, tenía muy pocos de facto.	0
En The Empire Strikes Back, Vader captura a Leia, Han, Chewbacca (Peter Mayhew), y a C3PO (Anthony Daniels) en Bespin (la ciudad de las nubes), para atraer a Luke a un enfrentamiento.	0
Manhattan Valley es un barrio localizado en el Upper West Side de Manhattan en la Ciudad de Nueva York, y limita con West 110th Street al a el norte, Central Park West al a el este, West 96th Street al a el sur, y Broadway al a el oeste.	0
El cuarto socio de CGO, el grupo malayo IJM Corporation Berhad, mantendrá su participación del 18 por ciento en la concesionaria.	0
Agassi, de 30 años, volvió a mostrar el lado positivo de su personalidad al reiterar que en su vida existen ya unas prioridades muy definidas y el ayudar a los niños ocupa el primer lugar.	1
Presentan hojas disectas, laticíferos y las flores son usualmente zigomorfas.	0
También resaltó como hechos clave para el futuro de la candidatura la experiencia organizativa de torneos deportivos y culturales (Exposición Mundial de 1970), la estabilidad política y la fuerza financiera.	1
Canturreaba el hindú calypsos monótonos como la continuada cerrazón del cielo.	0
Luronium es un género monotípico con una única especie de planta acuática: Luronium natans, comunmente conocida como llanten de agua flotante.	0
Nosotros somos menos delicados y los castizos dicen - apandar el efectivo -.	0
La empresa constructora del inmueble donde se produjo el accidente está registrada en la localidad alicantina de Castalla.	0
Posterior a esto, se le ordenó al a el consorcio TAV retirar su personal y equipos del de el aeropuerto, y el 8 de mayo las operaciones del de el aeropuerto fueron transferidas a Iran Air.	0
Pues aunque no lo admitía en su fuero interno, ni en los pleitos sordos que tenía con su marido en las horas que antes consagraban al amor, se había enredado más pronto de lo que ella creía en la maraña de convenciones y prejuicios de su nuevo mundo.	1
Ha hecho ciclos de programas de radio en otros medios tales como: Emisora Cooperativa, FM UTN y LRA Radio Nacional de Argentina;	0
El enunciado solemne (- La Historia cuenta que el emperador Nerón visitó los Alpes en el otoño del año sesenta y uno después de Cristo -) inmediatamente se deshace en un chisporroteo de colorines (- iba con algunos cortesanos, que murmuraban porque tenían frío, y con multitud de poetas, músicos, esclavos, soldados y bufones -).	1
Rasgos industriales (en su futurista diseño de Piano) y lujo cinco estrellas definen el estilo del de el nuevo NH Lingotto Tech, un establecimiento de vanguardia que incorpora una impresionante área de boutiques (la llamada ' Galería Ocho '), sala de conciertos y una galería de arte proyectada por Piano (Lo Scrigno).	0
Este mercado laboral que tenemos en este momento no se parece en nada al mercado laboral que había escasamente hace 20 años y, evidentemente, las reformas del señor Rajoy trajeron precariedad, empobrecimiento de los trabajadores y para nosotros es fundamental construir esos cimientos que nos permitan un nuevo estatuto para el siglo XXI.	1
En declaraciones efectuadas hoy a la cadena SER, González negó que el presidente de Telefónica, Juan Villalonga, le diera a conocer el pacto con antelación y acusó al Gobierno de ' intoxicar ' para que la opinión pública crea que el presidente José María Aznar y Rato no están implicados en la operación.	1
Los últimos quince duelos ligueros entre ambos se han saldado con diez empates y cinco triunfos realistas.	0
Integran los tres un enfoque global de apoyo al país, a su seguridad y estabilidad que trasciende la dimensión estrictamente militar; una dimensión necesaria, pero insuficiente en el horizonte de una progresiva asunción por los afganos de su propia responsabilidad con la seguridad y el desarrollo económico y social de su pueblo, porque éste y no otro es el camino que hay que recorrer cuanto antes para poner fin a una misión que no puede tener una duración indefinida.	1
El paro descendió en 16 comunidades autónomas, encabezadas por Andalucía (8.653), Madrid (7.201) y Baleares (5.729), pero se elevó en 1.298 personas en Canarias.	1
Hasta la inmunización.	0
Nadie, ni el Gobierno de España ni tampoco los gobiernos autonómicos, deseamos establecer una sola limitación que no sea imprescindible para doblegar la curva de la pandemia y proteger en consecuencia la salud de todos, la salud pública.	1
Añade que si el Gobierno se equivoca o no en su estrategia política aún falta por verse ver se, pero sostiene que ' cuando se toman decisiones inmorales en temas en los que están en juego valores democráticos y civiles importantes la equivocación siempre es seria, aunque no reporte inconvenientes inmediatos '.	0
Tiene una posición estratégica en Europa oriental, limitando con Rusia (este), Bielorrusia (norte), Polonia, Moldavia, Hungría, Eslovaquia y Rumanía (oeste) y con el mar Negro (sur).	0
Ante la convención, el reverendo Jesse Jackson, que en 1984 y 1988 luchó por la candidatura a la Presidencia de EEUU, pidió el voto para el equipo demócrata, e ironizó acerca de las posturas de ' papá Bush ' y del ' bebé Bush ', en referencia al candidato republicano.	1
Y es que - una vez efectuado - se prenda fuego al conjunto, para, al fulgor de las llamas, celebrar un rito ancestral con la mente en blanco.	1
También se le concedió el título de Par de Francia.	0
Se le ocurrió que su saliva se mezclaba así con la de Rafael, con la huella ahora seca de sus labios, y tal pensamiento le provocó una sofoquina y un mareo como de dentro, como en las tripas.	1
Una tienda pequeña pero con todo lo necesario para el mundo del de el arte, lo que no tengan en stock lo piden, el trato es inmejorable y se respira calidez en la tienda.	1
Los de andadura media, cuando la papelera no se desprende con el empellón primero, continúan pataleando y chillando, hasta que cae al suelo y se derraman todas sus especias.	0
Más de 100.000 personas han muerto o han resultado heridas a causa de estas bombas desde que terminó la guerra entre los dos países hace 25 años, según datos facilitados en 1998 por las autoridades vietnamitas, señaló HI.	0
Asimismo defiende la financiación pública de la investigación básica y pone de manifiesto que las empresas se centran más en la I + D con objetivos de mercado.	0
Otras consisten en un cuartelado de Castilla, Sicilia (sólo con el águila imperial), Aragón y León.	0
La Comisión Europea justamente este jueves ha avalado las medidas de respuesta que ha aprobado este Gobierno y que se han puesto en marcha en las últimas semanas.	0
Fujimori se consideró el pasado lunes, en un mensaje a la nación, presidente reelegido dispuesto a asumir cinco años más la presidencia, al contar con el 51,22 por ciento de los votos totales, al 99,78 por ciento de las mesas escrutadas.	0
El Constitucional analiza si era procedente el recurso de amparo, si había competencia del juez para admitir el caso y si existían todos los requisitos para presentar un recurso de esa naturaleza.	0
Lo ha hecho de modo especial el Ministerio de Sanidad que ha mantenido un total de 182 reuniones con las CCAA.	0
Los analistas consideran que la inversión de la depreciación del euro parece cada vez más evidente, pero no se atreven a hablar de una recuperación definitiva mientras no se traspase la importante resistencia existente entre los 0,9515 y los 0,9554 dólares.	1
Entre una reunión y otra, Clinton viajará a Aquisgrán para recibir el Premio Internacional Carlomagno, que el Ayuntamiento de esa ciudad otorga anualmente a personas que se han comprometido con el europeísmo.	0
Los restantes 27.050 fueron otro tipo de contrato indefinido.	0
Desde entonces, el grupo concesionario, que en 1999 obtuvo ganancias por 18 millones de dólares y ventas por 80 millones de dólares, realizó obras de ampliación y modernización de la Autopista del Oeste, una carretera de 51 kilómetros de extensión administrada bajo cobro de peaje.	0
Aduana Vieja se ha distinguido por la calidad formal de sus ediciones y para ello ha contado desde sus inicios con la colaboración de importantes maestros de la pintura cubana e ilustradores entre los que se encuentran Baruj Salinas, Ramón Alejandro, Gina Pellón, Pedro Ramón López, Viredo Espinosa, Raúl de Zárate, Tony Évora, Nelson Villalobo, Raúl Villarreal, Carmelo González y Alen Lauzán, por mencionar algunos ejemplos.	0
A mí lo que me preocupa es cuando el lehendakari dice que hay que reflexionar sobre si los impuestos actuales garantizan las prestaciones sociales, porque si el señor lehendakari nos está planteando eso, tengo que colegir, sólo caben dos interpretaciones: una, que hay que subirlas subir las o dos, que habrá que ajustar, recortar o llámele usted como quiera, las prestaciones sociales.	0
Oranim ofrece un horizonte intelectual amplio.	1
Saludos y Disfruten de NY.	0
Los sondeos destacan el rápido ascenso de popularidad de Mesic y la caída sufrida por Granic, cuya candidatura fue presentada por la Unión Democrática Croata (HDZ) de Tudjman.	1
No hay confinamiento general en este nuevo Estado de Alarma, pero cuanto más nos quedemos en casa y menos contactos tengamos, más protegidos estaremos y más protegeremos a nuestros seres queridos y también la salud del conjunto de la ciudadanía.	0
Sin embargo, el presidente de la CIU dijo que compartía algunas de las medidas adoptadas por el presidente Jorge Batlle, como el recorte del gasto público y las desregulaciones, pero advirtió de que el año 2000 ' no muestra mejorías y la industria nacional peligra '.	0
Portavoz.- Pues con ello, con esta última pregunta, ministro despedimos esta rueda de prensa agradeciendo, como siempre, al conjunto de los medios que acompañen la información y por otra parte a todos los ciudadanos, como siempre, antes de un fin de semana rogando que se extremen las medidas de cautela, las medidas de precaución, por tanto la distancia social, el lavado de manos, la higiene, la utilización de mascarilla en aquellos lugares donde es obligatoria, en definitiva que sigamos como hasta ahora, entre todo intentando proteger la salud propia pero también la salud de las personas que más queremos.	0
Bajo el lema ' Un programa para el desarrollo ', el texto de la Declaración resaltó la necesidad de impulsar el diálogo Norte-Sur, acabar con el proteccionismo y dar prioridad a las negociaciones del Acuerdo General sobre Aranceles Aduaneros y Comercio (GATT), así como conjugar el desarrollo social con el progreso económico.	1
Una nota de prensa de la Embajada de Estados Unidos en Managua, afirma hoy que Washington ' invita a Nicaragua a participar en los esfuerzos regionales, y reexaminar los requerimientos de entrada al territorio nicaragüense para impedir el tráfico ilegal de personas '.	0
Tras una primera temporada bastante buena tanto a nivel personal (8 goles) como colectivo (12 ª posición), en la segunda su rendimiento ni el de el equipo no fue el esperado y se marchaba al a el Nàstic de Tarragona en la Segunda División B en el mercado de invierno, donde solo permanecería hasta acabar dicha campaña, haciendo muy buena temporada personal con 9 goles pero floja colectivamente.	1
Recuerdo un relato de Borges en el que se hablaba de un hombre que era capaz de decapitar una rata con los dientes.	0
Pero el mensaje que hoy tiene que estar por encima de todo es la felicitación sincera a todas las Comunidades Autónomas.	0
Dana Scully tiene un acercamiento con los fenómenos paranormales cuando su padre recién fallecido se le aparece en una visión.	1
Ferit Orhan Pamuk (Estambul, 7 de junio de 1952) es un escritor turco, Premio Nobel de Literatura 2006.	0
En ese concurso un Maine Coon hembra marrón llamado Cosey se llevó el primer lugar.	0
Por eso, opinó que las listas de espera no son una ' enfermedad ' del sistema sanitario, sino ' el síntoma de una enfermedad, que es un gasto sanitario insuficiente, mal gestionado, con objetivos no siempre priorizados con la salud de la ciudadanía '.	1
Progresan a Fase 2 seis provincias de Andalucía: Almería, Córdoba, Cádiz, Huelva, Jaén y Sevilla; las tres provincias de Aragón: Huesca, Zaragoza y Teruel; la Comunidad Autónoma de Asturias; en las Islas Baleares progresan a fase 2 Ibiza, Menorca y Mallorca; progresan en las Islas Canarias las islas de Tenerife, Gran Canaria, Lanzarote y Fuerteventura y La Palma -las otras islas saben ustedes que ya estaban en fase dos-; la Comunidad Autónoma de Cantabria; en Castilla-La Mancha dos provincias: Guadalajara y Cuenca son las que llevaban ya dos semanas, 14 días, en fase 1.	0
Y yo quiero compartir con todos vosotros una reflexión, reflexión que subraya la importancia que en la defensa de nuestras libertades ha tenido y tiene Miguel Ángel, y el cariño tan profundo que a todos nos merece.	1
Está previsto que en el transcurso del día el gabinete de Mori decida formalmente el 25 de junio como la fecha para los comicios, que serán las primeras elecciones generales desde octubre de 1996.	0
El nuestro es el lenguaje del Estado de Derecho, el de la Ley, el lenguaje firme y sin flaquezas de todos los demócratas.	1
Su grabación de Las cuatro estaciones de Vivaldi es un buen ejemplo de su estilo.	0
Yo creo que los beneficios son indiscutibles y todo el mundo los ha podido ver.	1
La coalición del primer ministro, cuya popularidad ha caído en picado en sus escasos dos primeros meses en el cargo, renovará su compromiso de reavivar la economía del país, mientras que la oposición atacará a Mori y a su coalición por sus controvertidos comentarios.	1
Nuestros soldados también están sujetos a esos riesgos: un escenario de violencia y de conflicto, un escenario bélico, peligroso para nuestras tropas y para el personal civil desplazado.	1
Hasta de julio de 2011, 428 aviones de esta variante estaban en servicio.	0
Otras muchas volvieron a su lugar de origen.	0
Las aguas residuales resultantes del de el proceso de blanqueado de la pulpa se presentan como una compleja mezcla de distintos compuestos en la que predominan los organoclorados.	0
Medardo Fraile no entra en el juego, se sitúa fuera del escenario y contempla.	1
Pero no me importa, se dijo al dejarse dejar se caer nuevamente de espaldas.	0
Por eso no creo que sea necesario escribir un prólogo a no ser para explicar el título aunque la mayor parte de los lectores saben lo que es el toque de queda.	0
Con estos cuatro niveles se define una suerte de semáforo que describe la situación de riesgo de cada territorio y las medidas que deben adoptarse adoptar se en cada uno de ellos.	1
El próximo titular, anunciando que el hombre hallado entre los hielos de los Alpes era aficionado al son montuno, despertará escaso interés.	1
La utilización de sulfato como aceptor de electrones es una habilidad rara, restringida al a el género Desulfovibrio y algunas especies de Clostridium.	0
Nombrado por el Obispo de Chiclayo a partir desde el 4 de marzo del de el 2012.	0
La comida está buena y las pizzas son enormes.	0
Yo tampoco suelo decirme decir me lo a mí mismo, la verdad.	0
Y estoy convencida que cada formación política va a llevar a esa Comisión la discusión a propósito de cuáles son los elementos nucleares sobre los que se tienen que vertebrar esa reconstrucción económica en el futuro.	1
' Creo que podemos presentar un balance positivo, porque este Gobierno ha conseguido salvaguardar los intereses vitales de España dentro del proceso de construcción europeo, en el que ha jugado un papel de animador del mismo ', sostuvo en una conferencia de prensa.	1
Y, si la situación de la pandemia lo permite, el Gobierno de España -no les quepa la menor duda-- levantará el Estado de Alarma sin demora.	1
Pero tenía un detalle curioso: sus hombres se hubieran hecho matar por él, pero él mismo nunca entraba en combate;	1
En Chile y Argentina esta la mayor población, siendo más abundante en la Patagonia.	0
Señor consejero, constatamos con satisfacción que Euskadi es un referente internacional en el ámbito de la justicia juvenil.	0
Es la superioridad moral de actuar conforme a unas leyes que nos mantienen leales a sus principios, incluso cuanto más pesar nos produce su aplicación.	0
Pero, al fin, el terror atrapó a María Elena; fueron a buscarla buscar la, y duele imaginar el instante de pánico que debió de sentir ante sus asesinos.	1
Creemos que podemos lograrlo lograr lo en esta segunda ola sin recurrir a medidas tan extremas como la que vivimos en la primera ola del confinamiento global, del confinamiento total, sin paralizar en consecuencia la vida del país, que es la medida más costosa desde el punto de vista social y también económico.	1
Los mejicanos que entran ilegalmente en California tienen que vérselas ver se las con la policía de emigración a la que nombran con una palabra que tiene su dosis de magia: la migra.	1
Se considerará riesgo muy alto si el número de camas ocupadas por pacientes de COVID supera el 15% en hospitalización global y un 25% en el caso de las camas de UCI.	1
Ya lo sé.	0
Pizarro se apresuró a confirmar la promesa por escrito en un acta ante escribano.	0
Y, cuanto antes consigamos que esto suceda, antes podrán regresar de Afganistán nuestras Fuerzas Armadas.	0
En 2011 solamente están en circulación las denominaciones de ¢ 1.000, ¢ 2.000 y ¢ 20.000.	0
Catanha marcó el segundo gol del Málaga y alcanzó a Hasselbaink, que falló un penalti, en lo alto de la tabla de artilleros de la Liga.	0
Se ha avanzado en teletrabajo como no se había avanzado en los últimos años; se ha avanzado en la conciliación de la vida laboral y de la vida familiar, a través de jornadas y de flexibilización de jornadas que hagan compatible el cuidado de los hijos; se ha avanzado en la protección de los trabajadores y ha habido acuerdos muy importantes en las empresas de la automoción, en las empresas de la construcción, en sectores del turismo, en todos aquellos que obligan a que se extremen esas medidas de precaución.	1
El murciélago nocturno y la golondrina diurna se alimentan de los insectos volantes - - mosquitos de diferentes clases - - que encuentran en el aire volando al azar y que entran en sus bocas siempre abiertas.	0
También es aficionada a la lectura, en especial Historia y Mitología griega.	0
De Latinoamérica figura el presidente de la Asamblea Nacional de Nicaragua, Iván Escobar.	0
Pero Germán de Granda contempla sus muchos estudios, sus largas vigilias, la incomodidad de los infinitos viajes, y, como es un hombre ingenuo (Dios le guarde siempre la ingenuidad), al acabar el libro se despacha en un prólogo apasionado - - Es muy posible que para algunos lectores superficiales, de los que abundan (como en todas las especialidades científicas, me temo) en el campo de la Lingüística y se limitan, por lo regular, a echar una mirada distraída al índice o, cuando mucho, a leer unas pocas páginas de la obra que llega a sus manos para emitir luego, con este exclusivo fundamento, sesudos y generalmente displicentes juicios de valor, etcétera -.	1
Producto del de el fin del de el imperio y las invasiones germanas la población isleña cayó a 1 millón durante el período sajón, permaneciendo hasta el siglo XI cuando volvió a aumentar llegando a 5 a 7 millones en el siglo XV, pero tras la peste negra volvió a reducirse reducir se a solo 2 a 4 millones.	0
Y en los procesos de adaptación, de adopción y de creación de estos quinientos años transcurridos.	0
La candidatura de la ciudad japonesa de Osaka para albergar los Juegos Olímpicos 2008 confía en sus posibilidades para ser la elegida por el COI en julio del próximo año, pero valora al resto de las finalistas: Pekín, París, Toronto (Canadá) y Estambul (Turquía).	1
Eso acaba por quitarles quitar les la dimensión supersticiosa y querría tener uno como pisapapel en mi mesa, pero ese uh! adulatorio del que hablaba antes me intimida.	0
Estas declaraciones tuvieron lugar tras una reunión del comité bilateral de coordinación de Arabia Saudí y Yemen celebrada en Yeda, en la costa saudí del Mar Rojo.	0
Alguno consigue escapar de allí, muy de tarde en tarde; pero para la inmensa mayoría no hay ni salida ni retorno.	0
Tras llegar a la estación, Ethan comienza a tener problemas de su ansiedad a causa de su agorafobia, aunque logra superar la situación y localizar la taquilla, Ethan se marcha a un motel donde abre la caja, ahí hay una pistola, un teléfono móvil y una figura de Origami, además de un mensaje en el telefóno donde pone ' Hasta donde estarías dispuesto por salvar a tu hijo '.	0
Entre los aspectos positivos resaltaron que Vladímir Putin es un presidente con grandes dosis de energía con el que se puede trabajar y como obstáculos enumeraron la situación de Chechenia y la posición respecto a la democracia.	1
El primer ministro japonés, Yoshiro Mori, disolvió hoy la Cámara de Diputados para convocar las elecciones generales el día 25 de junio.	1
Algroup, presente en 18 países y con 23.000 empleados, opera en el sector de la producción de aluminio y el empaquetado, con una fuerte presencia en el sector de la industria del transporte y del embalaje de productos alimentarios, cosméticos y farmacéuticos.	1
Mire, yo como siempre digo, siempre podemos hacer las cosas mejor.	0
En un momento de debilidad fue cuando sugirió que investigaran las viviendas de las calles Tallers, Picalqués, Jocs Florals y su casa de San Felíu de Llobregat.	0
La banda ya no se concentra en el country rock en la que sobresalió Leadon, y la contratación de Don Felder significaba que el papel de Leadon, había disminuido significativamente.	1
Una portavoz de EDF explicó a EFE que el proyecto para la construcción de Altamira 2, al norte de Tampico, prevé la utilización de gas natural como combustible principal en una central de ciclo combinado que debe empezar a funcionar en mayo del 2002.	0
Todo ello sin sucumbir a la ' tentación ' de recurrir a la represión y eludiendo la corrupción, problemas que, según ambos, eran característicos del antiguo presidente.	0
Él se arrodillo, pero UL le dijo que no era su dios, pero le trató como tal.	0
Nuestra experiencia vital está basada en percepciones físicas - - ver, oír, oler, gustar y tocar - - y en simulacros.	0
Esta máxima de que cada paso que damos sea un paso seguro es también la que ha guiado las decisiones que les voy a comunicar ahora, que les voy a anunciar ahora respecto al progreso de fase de las distintas unidades territoriales.	1
Y solo así, además lo conseguiremos.	0
Probablemente no; probablemente, en la historia concreta de los suburbios limeños la desaparición de María Elena sea tan sólo una catástrofe.	0
Y a la ministra portavoz, María Jesús Montero, me gustaría preguntarle preguntar le por la llamada que ha hecho el presidente del Gobierno al presidente de la CEOE.	0
Al reiterar las críticas que pronunció contra Stein ante la reunión del Consejo Permanente de la OEA, la embajadora peruana dijo que no se puede aceptar que las misiones observadoras se conviertan en instrumentos para avalar o no avalar procesos internos y rebatir la legislación interna.	0
En todo caso, el matrimonio feliz de Fermina Daza había durado lo que el viaje de bodas, y el único que podía ayudarla ayudar la a impedir el naufragio final estaba paralizado de terror ante la potestad de la madre.	1
- Pregunta ahora Infolibre.	0
Dos meses después de aquel apresurado café, el vecino se mudó de casa sin decir nada, y Antonia dedujo que no fue capaz de despedirse despedir se por miedo a mostrar sus emociones.	0
La delegación afgana regresó a su país convencida de haber recibido la prueba del interés por parte de España en la estabilidad y el desarrollo de Afganistán.	1
Algunos de los principales edificios son la iglesia del de el Salvador ' Na Séniakh ' (1675), la iglesia de San Gregorio (1670), y las iglesias barbicanas de San Juan el Apóstol (1683) y de la Resurrección de Cristo (1670).	0
Los árboles se ubicarán entre las barandillas, que además de por seguridad, se han colocado para evitar que los coches se aparquen encima de las aceras, uno de los grandes cambios de imagen de la renovada vía.	1
No quiero decir que lo sea, cínico o divertido, sino que ante un mazo de hojas grabadas coloca un cristal bien tallado y lo hace girar para que el sol rompa contra él sus rayos.	1
Sólo durante el último trimestre de 1999, las minas antipersonas mataron a 78 personas en Vietnam e hirieron a 138 según la prensa vietnamita, agregó la organización.	0
Xenophanes es el Decimosegundo álbum de estudio de Omar Rodríguez - López en su carrera como solista.	0
Asimismo participaban otros priores (San Juan de Jerusalén y de Roncesvalles) y abades del de el reino (Irache, La Oliva, Leire, Iranzu y Urdax).	0
Es mejor el atardecer que el amanecer y son mis amigos ahora los que ven en la oscuridad: los gatos y los búhos.	0
La escena ' Enfin, il est en ma puissance ', es un manifiesto de que lo ' maravilloso ' no era lo único que el espectáculo operístico añadía a la tragedia y de que lo sublime puede ser conseguido a través de las inflexiones de la voz y sin necesidad de aparato visual: el movimiento escénico es nulo hasta que el dilema interno de Armida se resuelve y vuelve en sí para invocar a sus secuaces en un aria estrófica (' Venez, venez, secondez mes désirs '), quienes se llevan a Reinaldo a su palacio.	1
El presidente venezolano, además, se entrevistó con varios presidentes de países miembros de la Organización de Países Exportadores de Petróleo (OPEP), organización de la que Venezuela es fundadora, con quienes habría fijado las perspectivas de la Cumbre de la OPEP, que se celebrará en septiembre próximo en Caracas.	1
Esta actitud de tantos vascos y españoles de bien nos ha costado un precio inmenso, nos ha costado perder lo más valioso: la vida de muchos de los nuestros, que son todos los que han defendido la democracia frente al terror.	1
Sin embargo, para estudios de formación de la construcción, sector donde más oferta de empleo existe, sólo hay 172 alumnos matriculados en la CAV.	0
Bueno, en primer lugar quiero negar que se ocultara esta situación, yo creo que en el debate que se mantuvo en tribuna, evidentemente, los diferentes miembros transmitieron cuales eran sus preferencias o sus pretensiones y también el propio presidente del Gobierno tuvo ocasión de responder, una a una, a las cuestiones que allí se fueron planteando.	0
Al día suguiente al a el lavarlo lavar lo nos dimos cuenta que en el parachoques trasero había unas manchas (una especie de gotas) que so se han logrado ir con el paso de los lavados.	1
Todos ellos, según los médicos, sufren porque la jefatura del Estado cediese ante los golpistas y disolviese el gobierno que formaban, que había sido elegido democráticamente en mayo de 1999.	1
Esta noche resolverá cuál de los dos se va.	0
Klebánov dijo en una rueda de prensa que siguen vigentes hasta tres posibles hipótesis: ' una situación anormal dentro del submarino ', una ' colisión con otro buque ' o un ' impacto con una mina de la II Guerra Mundial '.	0
Los mayas creen que el agua y el fuego son dioses y el rayo su más elocuente y eficaz agente de relaciones públicas.	0
Es posible que usted consiga ganarse ganar se el cielo y ser motivo de ejemplo en las tertulias que sostienen los ángeles después del almuerzo en las nubes rosadas, sin haber visto nunca un bosnio de cerca.	0
El presidente boliviano, Hugo Banzer, y el jefe del principal partido de oposición, Gonzalo Sánchez de Lozada, se reunieron hoy por espacio de cuatro horas y discutieron una amplia agenda en la que hubo ' coincidencias ', según dijeron ambos al final de su encuentro.	1
El Edificio Curupayty II está ubicado en la ciudad de Asunción, Paraguay, entre las calles Mariscal López y Curupayty.	0
Progresan también a la fase 1 las zonas sanitarias de la ciudad de Barcelona, Metropolitana sur y Metropolitana Norte y progresa también la fase 1 toda la Comunidad Autónoma de Madrid.	0
Se aprobaron programas de cooperación universitaria y movilidad de posgraduados, investigación tecnológica, escolarización básica de niños y alfabetización de adultos, así como la creación del Canal de Televisión Educativa Iberoamericana (ICI), que comenzó a emitir el 5 de julio de 1993.	0
Ganas de darse dar se aires.	1
Por ello, González pidió una reforma ' urgente ' del sistema de contratación de extranjeros que permita un sistema ' ágil y rápido ' para insertar a los inmigrantes en el mercado laboral.	0
- - El embalse de agua.	0
George aparece una vez más en Back to the Future III.	0
Lo que el Gobierno sí se ha sentido, y se lo tengo que confesar, a veces solo en esa tarea, en una tarea que parece que sólo le compete a aquellos que tenemos la responsabilidad del Ejecutivo, cuando esto es una tarea colectiva y en la que a continuación del Gobierno, el principal responsable es el Partido Popular.	0
A juicio de Hernando, es necesario seguir avanzando en la reforma laboral a fin de crear más empleo, rebajar la tasa de temporalidad y combatir la siniestralidad en el trabajo.	1
Negó, tras preguntarlo preguntar lo un internauta, ser comunista; dijo que tiene una ' gran amistad ' con Fidel Castro, más que admiración por él; añadió que también es amigo del presidente de Brasil, Fernando Henrique Cardoso, o por Fujimori, y dijo que con el presidente iraquí, Sadam Husein, le une ser socios de la Organización de Países Exportadores de Petróleo (OPEP) y haber elevado los precios del crudo.	0
Por primera vez, la máquina puede entregar el volumen establecido en la ventilación de control de volumen.	0
Me han robado la cartera con toda la documentación, busco en la Web de www.dgt.es para obtener información de como volver a obtener el permiso y niguna de las opciones contempla este supuesto o almenos no he sabido encontrarlo encontrar lo, llamo por telefono y NO RESPONDEN y ademas sale una locución casi imperceptible que te remiten a la Web, un -10 por el servicio:-(	0
' No fue una anécdota, fue un atentado a las instituciones de este país, al Parlamento y al lehendakari, y no fue un hecho aislado, sino la culminación de una dinámica de deterioro y deslegitimación de las instituciones por parte del PP ', comentó.	0
No hablaríamos ya de la renta per cápita, sino de las ratas per cápita, y los gobernantes lo proclamarían con jactancia de ratitas presumidas.	1
Informaba el hindú alzando los brazos al cielo y cruzándolos cruzando los luego sobre su panza.	0
Si no, ahí están las silvas de varia lección o aquellas tentativas a las que Montaigne llamó sencillamente - ensayos -.	0
UGT y CCOO pidieron hoy que el recién inaugurado diálogo social aborde los ' graves ' problemas de precariedad del empleo y una mejor redistribución de la riqueza que se está generando en España.	0
Luego, ella lo recibía con los brazos abiertos y él recordaba que le habían ascendido dos veces desde que estaban juntos, no tenía por qué saber, por qué sospechar nada.	0
La administración de Clinton anunció que EEUU apoyará el Tratado de Prohibición en el año 2006, siempre que encuentre un arma alternativa, recordó HI.	0
No debe olvidarse olvidar se, en este sentido, que Afganistán es un Estado de una gran importancia geoestratégica.	0
El significado real de la palabra es ' en verdad ', ' ciertamente ' o ' que conste '.	0
Posteriormente, Barak se entrevistará con Clinton, para analizar los nuevos pasos en el proceso de paz en el Oriente Medio, tras la retirada del ejército israelí del sur de Líbano, así como el aumento de las reivindicaciones de la Autoridad Palestina.	1
Esto es lo que nos enseñó el gran fundador de nuestro Estado, Vladimir Lenin.	1
La Comisión Europea anunció hoy, martes, que ha recibido la notificación de un proyecto de concentración por el cual Stet International Netherlands (SIN), Endesa Telecomunicaciones (ET) y Unión Fenosa Inversiones (UFINSA) adquieren el control común de varias empresas españolas de cable.	0
No hay que aprobar medidas para obligarnos obligar nos a hacer lo que hay que hacer.	0
Alemania y Estados Unidos no llegaron a ningún consenso sobre el proyecto de Washington de instaurar un sistema nacional de defensa antimisiles (NMD), informaron fuentes del Gobierno alemán tras la cumbre entre el presidente de EEUU, Bill Clinton, y el canciller alemán, Gerhard Schroeder.	1
Por eso me gustaría darles dar les a todos ustedes las gracias.	0
A través de los años Barrio Obrero se ha destacado por defender el uso de instrumentos tradicionales en la gaita: 4 furros, 2 cuatros, 2 tamboras, maracas, charrascas, voces de hombres y mujeres, por lo que su sonido es diferente a los de otros grupos del de el mismo género.	0
Y queremos decir y queremos reafirmar, que para este Gobierno es imprescindible el Diálogo Social y de hecho, los frutos que ha dado el Diálogo Social para el conjunto de la sociedad han sido evidentes, en la subida del Salario Mínimo Interprofesional o en el acuerdo para los ERTEs, para el establecimiento de los ERTEs y para la prórroga de esos ERTEs.	1
Y las cifras estadísticas nos dicen lo contrario, que de 56,3% de los infractores son nacidos en Euskadi frente al 36,9 que son nacidos en el extranjero.	0
Lo que realmente importa es lo que hará por nuestros hijos '.	0
Algunos erais ya personas hechas y derechas, otros erais muy jóvenes aún; pero todos sabíais que el camino más corto a la complicidad es el que pasa por la indiferencia y no quisisteis permanecer indiferentes.	1
La campaña se ha desarrollado sin incidentes lamentables, aunque el coordinador general del Programa de las Naciones Unidas para la Observación Electoral, el vietnamita Nguyen Huu Dong, dijo el pasado lunes que la compra y los obstáculos al libre voto, son los temas que más preocupan a los observadores extranjeros.	1
Haciendo uso de un trocito de cartón y de cierto melindre recogió el cadáver del moscón suicida y lo arrojó a la lata.	0
Compusieron el tema Alles ist eins.	0
La posición socialista fue aprovechada por el segundo congreso del de el partido, celebrado en julio de 1968.	0
En 997 murió el emir buyida Fajar ad - Dawla Ali, lo que permitió a Baha ad - Dawla Firuz reforzar su posición en Fars.	0
La nueva dirección del banco está trabajando en recuperar el prestigio de la institución debido al escándalo por la violación de los límites de crédito en sus negocios con las empresas austriacas C. L. Tradung y otras, que supusieron pérdidas al banco de unos 200 millones de dólares el año pasado.	0
He dicho que el mensaje que hoy queríamos destacar era la felicitación a las comunidades autónomas por el tremendo y buen trabajo que han venido realizando.	0
El Gobierno aprobará la prórroga en su Consejo de Ministros del próximo martes, para que su debate y aprobación en las Cortes Generales se celebre esta misma semana.	0
Escribió numerosas piezas para el ' Diario Bromelias Internacional ' que se pueden encontrar en sus archivos con ejemplos que suelen verse ver se en las reimpresiones hasta nuestros días.	1
Reunidos a invitación del secretario de Transporte de EEUU, Rodney Slater, los ministros participaron en una mesa redonda en la sede del Banco Interamericano de Desarrollo (BID) en Washington.	0
Pablo Pinillos, natural de Logroño, que el próximo día 9 de julio cumplirá 26 años, ha sido el jugador más regular del CD Toledo en la temporada recién finalizada, al disputar 40 partidos, 39 de ellos completos, perdiéndose perdiendo se los otros dos por acumulación de tarjetas.	0
Chávez, en ese sentido, reveló que durante los cuatro días de la cita cubana, consiguió avances en algunos aspectos de las relaciones bilaterales que sostiene con Guyana, nación con la que Venezuela sostiene una disputa territorial desde hace más de 100 años.	1
Hay que respetar estas medidas y corresponderá a las CC.AA. determinar cómo se vela por el cumplimiento de las mismas.	0
A esa cita, indicó, acudirán además los presidentes Hugo Banzer, de Bolivia, Andrés Pastrana, de Colombia, Hugo Chávez, de Venezuela y Alberto Fujimori, de Perú, que es el anfitrión.	0
Cuando se trata de contener la propagación del virus tenemos que intentar que los contactos efectivos entre los ciudadanos sean los mínimos posibles para posibilitar que, de esa forma, tengamos menos contagios, por tanto, menos hospitalización y menos fallecimientos.	0
Les quiero decir que este Gobierno está haciendo lo que es su deber y su obligación: dialogar, amarrar los apoyos necesarios para que el estado de alarma sea aprobado por los grupos parlamentarios, de manera que -como he dicho- la seguridad y la salud de los españoles esté por encima de ninguna otra cuestión.	1
En 1995 lanza un nuevo proyecto con carácter más cultural: ' El Observador de Arizona ';	1
Y ovnis en Barbastro.	0
La estatua en mármol Lamentación fue adquirida el año siguiente por el estado de Sajonia para el Museo de Leipszig, y en 1918 el Museo Albartinum de Dresden compró el busto de Max Liebermann y el Ministerio del de el culto prusiano su grupo Sansón con el león, para la iglesia evangélica Alemana en Roma.	0
También afamados restaurantes como El Patio o de mítica cocina casera como Fonda Llabrés o el Palace y un sin fin de bares muy a la moda de la época como Café Bellver, Mónaco, Bar Torres y Oasis, incluyendo el incipiente estilo americano, como el Bar Loa o de selecta coctelería como Joe 's.	0
El monte Cildá es una montaña con una altitud máxima de 975 msnm, dividida en dos mesetas, una a 920 msnm y la superior a 950 msnm.	0
Asimismo destacaron la subida de las exportaciones a América del Norte, que suponen un 30 por ciento, en tanto que las destinadas a América del Sur representaron un 20, con un importante alza de las exportaciones a Brasil, que aumentaron un 180 por ciento.	0
La visita oficial, en la primera gira del nuevo presidente de Rusia al extranjero, tendrá lugar los próximos días 13 y 14, de acuerdo con el comunicado oficial.	0
Tiene más casta de lo que indica su tensión baja y su conversación irónica, al fin y al cabo, si no nació en un bombardeo, sí creció en el de Londres, cuando su papá era medio espía inglés y la reina de Inglaterra jugaba con ella a las enfermeras y los aviadores de la RAF.	1
El sucesor del actual presidente de méxico, Ernesto Zedillo, gobernará por un período de seis años, que comenzará contar a partir del 1 de diciembre próximo.	0
La selección venezolana, con la inclusión del jugador de la U.D. Las Palmas, se concentrará el próximo lunes en Caracas para el duelo ante Panamá.	0
Esto podría haber dado el ingeniero de Amtrak tiempo suficiente para detener su tren o al a el menos reducir la velocidad en un esfuerzo por minimizar la gravedad del de el accidente.	0
En esta Cumbre la Comunidad Internacional respaldó al Gobierno afgano en su estrategia nacional de desarrollo y en sus palabras y en sus planes de reintegración, lucha contra la corrupción y la reforma de sus fuerzas de policía.	1
Por eso mismo, no podemos dejar de agradeceros, de todo corazón, a ti, Marimar, a tus padres y a todas las personas que formáis parte de la Fundación vuestro noble objetivo: que nunca se olvide la memoria de Miguel Ángel Blanco y de todas las víctimas del terrorismo, que nunca se olvide la razón por la que vivieron y la sinrazón que acabó con su vida, y que no se olviden los valores imperecederos en los que creyeron siempre.	1
Angel ' Gelete ' Nieto es un piloto español de motociclismo y de automovilismo nacido el 19 de Noviembre de 1976 en Madrid, es hijo del de el legendario ' 12 +1 ' veces campeón del de el mundo Ángel Nieto.	0
Es por ello también que estamos ya cerca de ese objetivo.	1
Lo único que se permitió fue un suspiro más hondo que de costumbre, el último: ' Pobre hombre! '.	1
Pero ese momento heroico, me parece, es más una especie de fiebre que un talante.	1
Todas las medidas adoptadas en el ámbito laboral han sido negociadas, acordadas y respaldadas por los agentes sociales y por eso queremos insistir en que el diálogo con organizaciones de empresarios y sindicales es más importante que nunca.	1
La reducción de plantilla en los últimos dos años en estos cuatro bancos ha sido de alrededor de 8.000 funcionarios, pero siguen teniendo un poco menos de 50.000 empleados.	0
En las noches de verano, los vecinos de enfrente entornaban las hojas de la ventana, y en el cristal se reflejaba su televisor, que era en colores.	0
La jornada también dejó para el recuerdo la goleada de la Real Sociedad sobre el Athletic (4-1) en el duelo vasco y un nuevo tropiezo del Atlético de Madrid, esta vez en casa frente al Málaga (2-2).	1
Sólo cuatro años después de la publicación de aquellos versos, Pombo ganó el premio El Bardo con su obra Variaciones en 1977.	0
Como he dicho en un libro, el abominable hombre de las nieves eternas del Himalaya no es hombre sino mujer.	1
Y desde la Televisión de Galicia me trasladan también si se va a permitir la movilidad entre provincias, o cuando se podría producir, quizás, dentro de una misma comunidad, a tenor de unas declaraciones de Sánchez en el Congreso que lo daba a entender.	1
Este queso se elabora con mezcla de dos leches, la de vaca y la de cabra	0
Pues porque ponerlo poner lo no cuesta casi nada y, poniéndolo poniendo lo, los de la caja de ahorros creen quedar no como capitalistas chupasangres sino como respetuosos con el entorno.	0
Finalmente quería compartir con ustedes el hecho de que sale publicado en el Boletín Oficial del Estado una orden que afecta a aquellos municipios de menos de 10.001 habitantes son 7360 y pico municipios en toda España, casi el 90 por ciento de los municipios de nuestro país, y en ellos habitan unos casi 10 millones de habitantes, un 20 por ciento de la población.	0
Todo un logro de la principal patronal, el Movimiento de empresas francesas (Medef), que tras algunos retoques introducidos a lo largo de una maratoniana reunión de trece horas, consiguió ayer al alba llevarse llevar se a su terreno a la mayoría de sus interlocutores sindicales, que días antes se cerraban en banda contra el Care.	1
El género femenino le admira su clase, estilo, porte y los muchos ceros en su chequera.	0
Pero el juez, que el 3 de abril dictaminó que Microsoft incurrió en prácticas de monopolio, opinó que las medidas exigidas por el Gobierno no son bastante severas y se manifestó en favor de otro planteamiento que dividiría a la empresa en tres compañías.	0
Pero los verdaderos regalos son los que le gustan a la Susi: caros y de vicio.	0
Cuenta con operaciones en 30 países y emplea a alrededor de 30.000 personas para la producción de aluminio y productos derivados.	0
EXPANSION titula en primera ' El Consejo de Telefónica avala la operación de Terra y Lycos ', ' Las gasolineras amenazan con la huelga ' y señala que ' El Ibex cierra otro mal mes con una caída acumulada del 6,8% '.	1
Este sistema se empezó a gestar allá por el año 98 con el I Plan de Justicia Juvenil y a día de hoy, una vez evaluado el tercer plan, podemos decir con orgullo que Euskadi se sitúa a la vanguardia del Estado en materia de reinserción y resocialización de menores.	1
Y es que la derecha es así, toda la derecha política y económica tiene de la limpieza un concepto penitencial y detergente, revanchista y represivo.	1
Escort significa escolta, compañía, acompañante.	0
Cuauhtémoc Cárdenas, líder del Partido de la Revolución Democrática (PRD), quien por tercera vez busca la presidencia, aparece de tercero en las intenciones de votos, mientras que los restantes tres candidatos apenas superan juntos el dos por ciento.	0
Aunque a la cita política acuden jefes de gobierno y de Estado de casi una quincena de países, entre ellos el primer ministro francés, Lionel Jospin, o los presidentes de Chile y de Argentina, Ricardo Lagos y Fernando de la Rua, la mirada de los berlineses estará puesta, cómo no, en las actividades de Clinton.	1
En las próximas elecciones el hemiciclo reducirá de 500 a 480 el número de asientos tras aprobarse aprobar se, en febrero, la supresión de 20 escaños de representación proporcional, uno de los dos que componen el sistema electoral japonés.	0
Además, Save the Children (UK) se encargará de un programa de educación para los jóvenes que viven en los campos de refugiados.	0
Porque es moda última que mozos y pibas metidos en jarana, en tránsito de bares o de recogida, se dediquen a ir destrozando todas las papeleras que hallen sujetas en las farolas a su paso.	0
Méndez, que precisó que estas cifras revelan una caída del paro menor a la registrada en los últimos cinco años, destacó que pese a que el crecimiento económico continúa al alza, la creación de empleo está perdiendo ' fuelle ', por lo que pidió al Gobierno la ' intensificación ' de la creación de más puestos de trabajo.	1
La primera pregunta es si creen que Madrid por su especial particularidad por la incidencia de casos que ha tenido en esta pandemia tendrá que quedarse quedar se más o menos tiempo en la fase 1. Sr.	0
Lo que tenemos que hacer es seguir teniendo la disciplina social, ser capaces de cumplir con esas recomendaciones que de forma permanente nos da el Ministerio de Sanidad porque -insistimos siempre- cada uno tenemos nuestra responsabilidad y es la única manera de mantener a raya al virus.	0
En primer lugar, una valoración de la utilidad del estado de alarma para combatir la mayor pandemia que hemos conocido en al menos 100 años.	1
Por esta razón, y debido a que los ingenieros encargados de la construcción eran de origen francés, el pueblo tiene como patrón a San Luis Rey de Francia.	0
«Press» fue publicado en dos formatos en el Reino Unido: dos versiones de vinilo de 7 pulgadas, una versión abatible de 10 ' y dos versiones de 12 '.	0
Estados Unidos y Vietnam son dos de los 16 Estados que todavía fabrican minas antipersonas y dos de los 54 países que no se han adherido al Tratado de Prohibición, redactado en 1997 y respaldado por 139 naciones.	1
La falta de inversión en equipos de seguridad se une a la actitud de los directivos, que obligan a los obreros a trabajar hasta 12 ó 14 horas diarias por salarios de miseria y ocultan a las autoridades los accidentes que se producen.	0
- - coqueteó Antonia púdicamente.	0
Luis Eduardo Chataing (Caracas, 13 de agosto de 1906 -- Caracas, 11 de noviembre de 1971) fue un arquitecto de oficio y matemático venezolano.	0
Tiene una reunión con las comunidades autónomas esta tarde, algunas de ellas también prefieren optar por delegaciones y subdelegaciones.	0
Joel Morales es un jugador de fútbol profesional que milita con los Rayados del de el Monterrey de la Primera División Mexicana.	0
Los últimos dos meses de la campaña política han estado marcados por insultos personales, principalmente entre Labastida y Fox, quienes se han dicho desde ' mariquita ', ' feo ', tonto ', ' corrupto ', ' papas fritas ', ' producto chatarra ' y ' enano ', entre otros calificativos.	1
Dando pruebas de una fuerza enorme, La Bella le cogió en brazos.	0
Por eso hubiéramos esperado que todas las fuerzas políticas hubieran arrimado el hombro, hubieran puesto de su parte, y créame crea me que le diga que yo, personalmente, considero que algunos han votado que no porque sabían que iba a salir que sí.	1
Administrativamente pertenece a la provincia cubana de Matanzas.	0
La representante de Perú ante la Organización de Estados Americanos (OEA), Beatriz Ramacciotti, aseguró hoy que en la reunión del Consejo Permanente prevaleció el ' principio de no intervención ' ante la crisis electoral peruana.	0
Nada de eso; no seré yo quien decida cuál es el Niño Dios que va al belén y cuál es el que va a la basura	0
Toledo señaló que el gobierno ' quería llevarnos llevar nos a una trampa en esta elección, querían repetir el mismo fraude de la primera vuelta '.	0
Éstas son, Señorías, las funciones principales de los más de ochenta mil efectivos de 47 países que participan en la Misión ISAF y, por tanto, también lo son de los 1.500 militares españoles que están allí destinados.	0
El presidente de EEUU, Bill Clinton, y el primer ministro de Israel, Ehud Barak, estudian el desbloqueo de las negociaciones de paz palestino-israelíes, que se han complicado en las últimas semanas según se acercan a los asuntos esenciales.	1
El nombre de Gore era el único incluido en la lista oficial de candidatos, por lo que esa propuesta fue una mera formalidad.	0
En su defensa estaba el veterano tenente Martín Chipía, consiguiendo resistir la ciudad durante ocho meses.	0
' Creo que ha sido un resultado muy nítido, que probablemente refleje el buen nivel en que se encuentra la economía española, entre otros elementos ', precisó Ricardo Lagos en un breve comentario, en el que no hizo alusión a los problemas que surgieron entre ambos países a raíz del caso del general retirado Augusto Pinochet.	1
Tras una compleja negociación consigue desvincularse desvincular se de Real Murcia, Donde se entrenaba solo en Santiago de Chile, con un club amateur llamado Temucanos en una liga privada en Chicureo, Santiago.	0
La segunda tiene que ver con un aspecto muy concreto de la reforma laboral: el programa de Gobierno de la coalición dice exactamente, compromete al Gobierno a reformar de forma urgente los aspectos más lesivos de la reforma laboral de 2012.	0
' El aumento del grado de competencia reduce los márgenes, obliga a buscar mejoras de eficiencia y conduce a la búsqueda de fórmulas de crecimiento que consuman pocos recursos propios y faciliten la rotación del activo ', concluyó Croissier.	1
- - Entiende de vientos.	0
Brickell también diseñó Brickell Hammock y su avenida como un centro de mansiones y de lujosas casas.	0
' A nivel global no se deben dar señales a otros Estados de que todo vuelve a estar permitido ', afirmaron las mismas fuentes.	0
La coalición de Mori, quien soporta una caída fulminante de popularidad en sus escasos dos primeros meses en el cargo, renovará su compromiso con la recuperación económica del país, mientras que la oposición atacará a Mori por sus controvertidos comentarios tachados de anticonstitucionales.	1
Y si este Gobierno ha pecado de algo ha sido de exceso de responsabilidad en este sentido, en donde ha llevado al límite de su capacidad de negociación todas las cuestiones porque lo que le importaba, lo que más le interesaba, era que al final tuviéramos protegida a nuestra población.	0
Entre vítores, aplausos, gritos y oleadas de pancartas con el apellido Kennedy, Caroline Kennedy llegó al podium del centro Staples para devolver a las filas demócratas el recuerdo de su más adorado presidente.	1
Son algunas de las medidas más señaladas que ustedes podrán consultar en esta orden que sale publicada en el Boletín Oficial del Estado, siempre y cuando las comunidades autónomas en el ejercicio de sus competencias no decidan por las razones que estimen oportuno, de carácter sanitario, restringir que en alguna zona concreta, en algún municipio concreto, estas medidas de alivio que se permiten y que entendemos que en esta tipología de municipios pueden perfectamente anticiparse anticipar se de fase.	1
Escribió numerosas obras de historia, ensayo, ficción, periodísticas y musicales.	0
En 1992, las autoridades ambientales de Colombia iniciaron un proceso administrativo tendente a que Monómeros Colombo-Venezolanos no vertiera estas aguas al río Magdalena, que nace en cordilleras del sur y que, tras recorrer buena parte del país, desemboca en el mar Caribe, cerca de Barranquilla.	1
Hay 5.686 efectivos de las Fuerzas Armadas que están a disposición de las Comunidades Autónomas para realizar labores de rastreo fundamentales y prioritarias en esta segunda ola, 1.740 ya están incorporados, y el resto está a disposición, insisto, de todas y cada una de las comunidades autónomas.	1
La petición a Nicaragua de exigir el visado de entrada en el país, en especial a personas procedentes de Sudamérica, ha sido formulada a través de la legación diplomática en Managua mediante una nota de prensa en la que resalta los esfuerzos de otros países para lograr ese objetivo.	0
El libro que leemos intenta explicarlo explicar lo, pero sin exagerar las posturas de tirios y troyanos.	0
El 13 de noviembre volvió a llover en Villahermosa, sin embargo, la Comisión Nacional del de el Agua, reportó que el Río Grijalva estaba a unos 4 cm de ubicarse ubicar se por debajo de su escala crítica, el Río Usumacinta redujo su escala en 21 cm y tiene ya 5.4 metros de capacidad de regulación, el Río Samaria bajó 4 cm, para ubicarse ubicar se 3.1 metros por debajo de su nivel crítico, y el Río Carrizal cuenta ya con 4.25 metros debajo de su máximo nivel, al a el bajar otros 18 cm.	0
- - Soy marino.	0
¡Más bien cinco días! '	0
Illa.- Muchas gracias ministra portavoz.	0
Visto lo cual, Antonia le invitó a un café; - y aunque estaba turbada por la irrupción de un varón en sus territorios de soltera, se admiró de lo fácil que había sido todo y lamentó que el maldito grifo no hubiera reventado meses antes.	1
Después de volver al a el mundo real, Mayura aún sigue bajo la influencia de este ser.	0
Por ejemplo, en el ámbito del Consejo de Europa se preconiza con claridad la conveniencia de sustituir los procesos judiciales por fórmulas alternativas de resolución de conflictos como por ejemplo la de la mediación.	1
P. - El Independiente.	0
- Si por lo menos pudiera echarme echar me la siesta, como Antonio -, se dijo, secándose secando se el sudor del labio superior con un pico de la bata.	0
Ya suma más de 42 millones de afectados, contabilizados oficialmente en todo el mundo y, desgraciadamente, más de un millón de personas han perdido la vida también en todo el planeta.	1
Aang y Katara comienzan a fastidiarlo fastidiar lo.	0
No hay fácil antimilitarismo, sino la vacuidad de lo que se cree trascendente y no es otra cosa que un desierto de soledades.	1
﻿En 1948, la Comisión de Control transfirió la NWDR al a el control del de el Länder constituyente.	0
La criatura estará hecha polvo y lo último que quisiera es mortificarla mortificar la.	0
Cuando un distrito contiene la prefectura (capital) del de el departamento, esa prefectura es la capital del de el distrito, y se comporta tanto como una prefectura como una subprefectura.	0
Las formaciones que componen este Gobierno han pedido un cambio de esa legislación, y ese cambio se hace a través de la elaboración de un nuevo Estatuto de los Trabajadores, que en el acuerdo programático quedó perfectamente fijado de qué manera se iba a emprender y justamente era en el marco del diálogo social, una cuestión que se viene trabajando en los últimos tiempos, yo creo que de una manera bastante importante, hemos llegado a importantes acuerdos en relación con el salario mínimo interprofesional, en relación con la regulación de los expedientes de regulación temporal de empleo, y por tanto creo que tenemos un espacio que está resultando un espacio muy importante para todos los ciudadanos que, por un lado está parando la hemorragia que se ha producido en nuestro mercado laboral con motivo de esta pandemia sanitaria y que, por otro lado, está construyendo un nuevo marco de relaciones laborales avanzando en temas tan importante como la protección de los trabajadores, en temas como el teletrabajo, la conciliación del trabajo y la vida familiar o la capacidad, también, de que las empresas puedan encontrar apoyo desde el Gobierno para permitir la estabilidad de su negocio y que, pasada esta situación de crisis, puedan recuperar el ritmo de crecimiento que tenían anteriormente.	1
La estabilidad y seguridad de Afganistán es un objetivo estratégico en el que hay unanimidad.	1
En sus amaneceres de cazador furtivo, Florentino Ariza las encontraba a la salida de la misa de cinco, amortajadas de negro y con el cuervo del destino en el hombro.	1
Los capataces y los señoritos fueron los que rejonearon rojos cuando la guerra civil.	1
Y ya sé que, con esos nombres, todos nuestros niños parecerán medio comanches, pero, hoy por hoy, la Historia de este país no da para más.	0
Los boxeadores son los únicos que dicen verdades como puños.	0
En los últimos años ha sido remodelado para permitir operaciones con aviones de mayor tamaño y se han mejorado sus equipamientos.	0
Respecto a la situación de la pandemia en Murcia, es una evolución muy positiva.	0
La reforma del Unedic contempla, entre otras cosas, financiar ayudas a la movilidad geográfica de los parados para favorecer su vuelta al trabajo, así como a las empresas que contraten a personas con grandes dificultades de reinserción laboral.	1
Tras un largo período de somnolencia intelectual, la nobleza española se decidía, no ya a financiar, sino a participar en una empresa de carácter cultural e ideológico.	1
Una científica dice que es imposible que el esperma se haya conservado cinco milenios.	0
La divergencia de requisitos tiene que ver con la variedad de realidades socio - culturales y jurídicas de cada uno de los países (así, por ejemplo, existen ordenamientos en que el contrato no se limita al a el campo de los derechos patrimoniales, únicamente, sino que abarca también derechos personales y de familia como, por ejemplo, los países en los que el matrimonio es considerado un contrato).	1
